Workbook
Name raw_a: 전체리스트!$A$2:$F$2827
Name raw_d: 전체리스트!$C$2:$F$2827

Sheet 전체리스트
A1: 사이트명 | B1: 월별 | C1: 작품명 | D1: 총매출 | E1: 순매출 | F1: 환율
A2: 카카오페이지 | B2: 12월분 | C2: 거짓말, 뱀파이어가 어디 있어? [BL] | D2: 634996.8 | E2: 444498
A3: 카카오페이지 | B3: 12월분 | C3: 광속으로 레벨업 | D3: 4835187 | E3: 3384633
A4: 카카오페이지 | B4: 12월분 | C4: 귀신 보는 급식은 퇴마 중입니다 | D4: 429033.8 | E4: 300323
A5: 카카오페이지 | B5: 12월분 | C5: 극한 공녀 | D5: 73972.2 | E5: 51781
A6: 카카오페이지 | B6: 12월분 | C6: 꿈꾸는 먹잇감 | D6: 324635.4 | E6: 227243
A7: 카카오페이지 | B7: 12월분 | C7: 꿰인 사이 | D7: 165445 | E7: 115811
A8: 카카오페이지 | B8: 12월분 | C8: 내 자기님이 로그인 하셨습니다 | D8: 531387.9 | E8: 371971
A9: 카카오페이지 | B9: 12월분 | C9: 너에게만 음성인식 | D9: 701039.3 | E9: 490729
A10: 카카오페이지 | B10: 12월분 | C10: 네게 취한 날들 | D10: 668745.9 | E10: 468124
A11: 카카오페이지 | B11: 12월분 | C11: 대표님, 사모님이 도망가요 | D11: 214639.2 | E11: 150248
A12: 카카오페이지 | B12: 12월분 | C12: 대표님, 오늘은 아니에요 | D12: 416774.2 | E12: 291742
A13: 카카오페이지 | B13: 12월분 | C13: 도군 | D13: 291315.7 | E13: 203921
... A68: 카카오 타파스 | B68: 11월분 | C68: 내 자기님이 로그인하셨습니다 | D68: 806182 | E68: 806182
N69: .
A71: 레진코믹스 | B71: 12월분 | C71: 슬기로운 생활 | D71: 2100 | E71: 2100
A72: 레진코믹스 | B72: 12월분 | C72: 쌀툰 | D72: 3150 | E72: 3150
A73: 레진코믹스 | B73: 12월분 | C73: 멍멍이와 주인님 | D73: 140 | E73: 140
A74: 레진코믹스 | B74: 12월분 | C74: 옆집 최애 | D74: 12040 | E74: 12040
A75: 레진코믹스 | B75: 12월분 | C75: 한집 두 살림 | D75: 12040 | E75: 12040
A76: 레진코믹스 | B76: 12월분 | C76: 사랑과 우정 사이에서 | D76: 17360 | E76: 17360
A77: 레진코믹스 | B77: 12월분 | C77: 내 자기님이 로그인 하셨습니다 | D77: 14000 | E77: 14000
A78: 레진코믹스 | B78: 12월분 | C78: 호랑이 장가 드는 날 | D78: 64200 | E78: 64200
A79: 레진코믹스 | B79: 12월분 | C79: 호랑이 장가 드는 날 [개정판] | D79: 17200 | E79: 17200
A80: 레진코믹스 | B80: 12월분 | C80: 파쿠리인 내가 어시를 | D80: 9150 | E80: 9150
A81: 레진코믹스 | B81: 12월분 | C81: 츤데레 흥신소 | D81: 9750 | E81: 9750
A82: 레진코믹스 | B82: 12월분 | C82: 사랑할 수 없는 그녀 | D82: 426636 | E82: 426636
... A134: 봄툰_유통1 | B134: 10월분 | C134: 페티쉬 BL 단편선 | D134: 420 | E134: 420
A135: 봄툰 | B135: 11월분 | C135: 망나니 도련님 조교일지 | D135: 131339 | E135: 131339 | G135: * 같은이름 같은 유통사 주의
A136: 봄툰 | B136: 11월분 | C136: 사랑할 수 없는 그녀 | D136: 62629 | E136: 62629 | G136: - 유통사 이름 변경 (예. 봄툰_유통1.2.3)
A137: 봄툰 | B137: 11월분 | C137: 슬기로운 생활(완결) | D137: 1890 | E137: 1890
A138: 봄툰 | B138: 11월분 | C138: 아랫집 웬수 | D138: 23101 | E138: 23101
A139: 봄툰 | B139: 11월분 | C139: 악마와 나 사이에는 | D139: 227 | E139: 227
A140: 봄툰 | B140: 11월분 | C140: 옆집 최애 | D140: 8748 | E140: 8748
A141: 봄툰 | B141: 11월분 | C141: 파쿠리인 내가 어시를?! | D141: 11081 | E141: 11081
A142: 봄툰 | B142: 11월분 | C142: 페티쉬 BL 단편선 | D142: 15579 | E142: 15579
A143: 봄툰 | B143: 11월분 | C143: 한집 두 살림 | D143: 8672 | E143: 8672
A144: 봄툰 | B144: 11월분 | C144: 호랑이 장가드는 날 | D144: 18436 | E144: 18436
A145: 봄툰 | B145: 11월분 | C145: 이혼신청 | D145: 990090 | E145: 990090
A146: 봄툰 | B146: 11월분 | C146: 집착공의 인형놀이 | D146: 654210 | E146: 654210
A147: 봄툰 | B147: 11월분 | C147: 네게 취한 날들 | D147: 475740 | E147: 475740
A148: 봄툰 | B148: 11월분 | C148: 꿈꾸는 먹잇감 | D148: 408114 | E148: 408114
... A930: 버프툰 | B930: 11월분 | C930: 전설 헌터로 키워지는 중입니다 | D930: 75408 | E930: 26178
A932: 콰이칸 | B932: 11월분 | C932: 내 자기님 로그인하셨다 2 | D932: 1278.99 | E932: =D932*F932 -> 239900.15 | F932: 187.57
A933: 콰이칸 | B933: 11월분 | C933: 사랑과 우정 사이에는 爱情与友谊之间 | D933: 101.05 | E933: =D933*F933 -> 18953.948 | F933: 187.57
A934: 콰이칸 | B934: 11월분 | C934: 거짓말! 뱀페이어가 어디있어? | D934: 923.97 | E934: =D934*F934 -> 173309.05 | F934: 187.57
A935: 콰이칸 | B935: 11월분 | C935: 옆집최애 | D935: 543.38 | E935: =D935*F935 -> 101921.79 | F935: 187.57
A936: 콰이칸 | B936: 11월분 | C936: 거짓말 뱀파이어가 어디있어_영상툰 | D936: 130.84 | E936: =D936*F936 -> 24541.659 | F936: 187.57
A937: 콰이칸 | B937: 11월분 | C937: 내 자기님이 로그인하셨습니다_영상툰 | D937: 0.9 | E937: =D937*F937 -> 168.813 | F937: 187.57
A938: 콰이칸 | B938: 11월분 | C938: 아랫집 웬수_영상툰 | D938: 42.07 | E938: =D938*F938 -> 7891.0699 | F938: 187.57
A940: 위코믹스 | B940: 11월분 | C940: 츤데레 흥신소 | D940: 3.16 | E940: =D940*F940 -> 4323.828 | F940: 1368.3
A941: 위코믹스 | B941: 11월분 | C941: 탑배우의 이중생활 | D941: 2.5 | E941: =D941*F941 -> 3420.75 | F941: 1368.3
A942: 위코믹스 | B942: 11월분 | C942: 한 집 두 살림 | D942: 10.86 | E942: =D942*F942 -> 14859.738 | F942: 1368.3
A943: 위코믹스 | B943: 11월분 | C943: 슬기로운 생활 | D943: 6.52 | E943: =D943*F943 -> 8921.316 | F943: 1368.3
A944: 위코믹스 | B944: 11월분 | C944: 원고를 주세요! | D944: 1.92 | E944: =D944*F944 -> 2627.136 | F944: 1368.3
... A993: INKR | B993: 10월분 | C993: 츤데레 흥신소(개정판) | D993: 10.617645 | E993: =D993*F993 -> 13613.944 | F993: 1282.2
A996: 타파스 | B996: 4~9월분 | F996: 1230.1
A997: 타파스 | B997: 4~9월분 | F997: 1230.1
A998: 타파스 | B998: 4~9월분 | F998: 1230.1
A1000: 망가툰 | B1000: 4~6월분 | F1000: 1317.8
A1001: 망가툰 | B1001: 4~6월분 | F1001: 1317.8
A1004: 웹코믹스 | B1004: 7~9월분 | C1004: 말도 안 되는 관계 | D1004: 7.43 | E1004: =D1004*F1004 -> 9734.043 | F1004: 1310.1
A1005: 웹코믹스 | B1005: 7~9월분 | C1005: 수컷 하우스 맨심 | D1005: 2.33 | E1005: =D1005*F1005 -> 3052.533 | F1005: 1310.1
A1006: 웹코믹스 | B1006: 7~9월분 | C1006: 슬기로운 생활 | D1006: 3.7 | E1006: =D1006*F1006 -> 4847.37 | F1006: 1310.1
A1007: 웹코믹스 | B1007: 7~9월분 | C1007: 사랑과 우정 사이에서 | D1007: 172.66 | E1007: =D1007*F1007 -> 226201.87 | F1007: 1310.1
A1008: 웹코믹스 | B1008: 7~9월분 | C1008: 망나니 도련님 조교일지(개정판) | D1008: 17.84 | E1008: =D1008*F1008 -> 23372.184 | F1008: 1310.1
A1009: 웹코믹스 | B1009: 7~9월분 | C1009: 거짓말, 뱀파이어가 어디있어? | D1009: 85.33 | E1009: =D1009*F1009 -> 111790.83 | F1009: 1310.1
A1010: 웹코믹스 | B1010: 7~9월분 | C1010: 프렌시아의 꽃 | D1010: 39.61 | E1010: =D1010*F1010 -> 51893.061 | F1010: 1310.1
A1011: 웹코믹스 | B1011: 7~9월분 | C1011: 내 자기님이 로그인하셨습니다 | D1011: 45.15 | E1011: =D1011*F1011 -> 59151.015 | F1011: 1310.1
A1013: 평균환율 (신한) 전신환 팔때

Sheet 합계
C2: ■ 스토리숲 22년 12월 (주)스토리위즈 정산서
C3: **판매월 12월1일~12월31일 기준
C5: RS 정산 기준, MG 미포함 | L5: 0.12
C6: 사이트명 | D6: 소비자매출액 | E6: 유통사수수료 | F6: 스토리위즈매출액 | G6: 스토리위즈수익 | H6: 스토리숲 수익 | I6: 비고 | K6: 선지급금 | L6: 500000000
B7: =COUNTA(INDIRECT(C7&"!B:B")) -> 67 | C7: 카카오페이지 | D7: =INDIRECT(C7 & "!E" & B7+3) -> 62185102 | E7: =INDIRECT(C7 & "!F" & B7+3) -> 19540170 | F7: =INDIRECT(C7 & "!G" & B7+3) -> 42644932 | G7: =INDIRECT(C7 & "!H" & B7+3) -> 2132246.6 | H7: =INDIRECT(C7 & "!I" & B7+3) -> 40512685 | K7: KT프로젝트수익 | L7: 60000000 | N7: =L7/L6 -> 0.12
B8: =COUNTA(INDIRECT(C8&"!B:B")) -> 5 | C8: 카카오타파스 | D8: =INDIRECT(C8 & "!E" & B8+3) -> 868220 | E8: =INDIRECT(C8 & "!F" & B8+3) -> 0 | F8: =INDIRECT(C8 & "!G" & B8+3) -> 868220 | G8: =INDIRECT(C8 & "!H" & B8+3) -> 43411 | H8: =INDIRECT(C8 & "!I" & B8+3) -> 824809 | I8: 분기정산
B9: =COUNTA(INDIRECT(C9&"!B:B")) -> 80 | C9: 네이버웹툰 | D9: =INDIRECT(C9 & "!E" & B9+3) -> 1.2243156e+08 | E9: =INDIRECT(C9 & "!F" & B9+3) -> 28445742 | F9: =INDIRECT(C9 & "!G" & B9+3) -> 93985814 | G9: =INDIRECT(C9 & "!H" & B9+3) -> 4699290.7 | H9: =INDIRECT(C9 & "!I" & B9+3) -> 89286523
B10: =COUNTA(INDIRECT(C10&"!B:B")) -> 10 | C10: 콰이칸_중국 | D10: =F10 -> 566686.48 | E10: =INDIRECT(C10 & "!F" & B10+3) -> 0 | F10: =INDIRECT(C10 & "!G" & B10+3) -> 566686.48 | G10: =INDIRECT(C10 & "!H" & B10+3) -> 28334.324 | H10: =INDIRECT(C10 & "!I" & B10+3) -> 538352.16 | I10: V | K10: 월별 회수금 (케이티 수익)
B11: =COUNTA(INDIRECT(C11&"!B:B")) -> 1 | C11: kt_alpha | I11: 계약 만료 | K11: 2021.05 | L11: 38491275 | N11: 8/10송금
B12: =COUNTA(INDIRECT(C12&"!B:B")) -> 52 | C12: 레진코믹스 | D12: =INDIRECT(C12 & "!E" & B12+3) -> 10858028 | E12: =INDIRECT(C12 & "!F" & B12+3) -> 0 | F12: =INDIRECT(C12 & "!G" & B12+3) -> 10858028 | G12: =INDIRECT(C12 & "!H" & B12+3) -> 542901.4 | H12: =INDIRECT(C12 & "!I" & B12+3) -> 10315127 | K12: 2021.06 | L12: 40614671 | N12: 9/10송금
B13: =COUNTA(INDIRECT(C13&"!B:B")) -> 14 | C13: 북큐브 | D13: =INDIRECT(C13 & "!E" & B13+3) -> 591900 | E13: =INDIRECT(C13 & "!F" & B13+3) -> 177570 | F13: =INDIRECT(C13 & "!G" & B13+3) -> 414330 | G13: =INDIRECT(C13 & "!H" & B13+3) -> 20716.5 | H13: =INDIRECT(C13 & "!I" & B13+3) -> 393613.5 | K13: 2021.07 | L13: 38906565 | N13: 10/8송금
B14: =COUNTA(INDIRECT(C14&"!B:B")) -> 21 | C14: 탑툰 | D14: =INDIRECT(C14 & "!E" & B14+3) -> 3906249 | E14: =INDIRECT(C14 & "!F" & B14+3) -> 0 | F14: =INDIRECT(C14 & "!G" & B14+3) -> 3906249 | G14: =INDIRECT(C14 & "!H" & B14+3) -> 195312.45 | H14: =INDIRECT(C14 & "!I" & B14+3) -> 3710936.6 | K14: 2021.08 | L14: 40116328 | N14: 11/10송금
B15: =COUNTA(INDIRECT(C15&"!B:B")) -> 45 | C15: 봄툰 | D15: =INDIRECT(C15 & "!E" & B15+3) -> 3324770 | E15: =INDIRECT(C15 & "!F" & B15+3) -> 0 | F15: =INDIRECT(C15 & "!G" & B15+3) -> 3324770 | G15: =INDIRECT(C15 & "!H" & B15+3) -> 166238.5 | H15: =INDIRECT(C15 & "!I" & B15+3) -> 3158531.5 | K15: 2021.09 | L15: 34882157 | N15: 12/10송금
B16: =COUNTA(INDIRECT(C16&"!B:B")) -> 89 | C16: 애니툰 | D16: =INDIRECT(C16 & "!E" & B16+3) -> 4468128.6 | E16: =INDIRECT(C16 & "!F" & B16+3) -> 0 | F16: =INDIRECT(C16 & "!G" & B16+3) -> 4468128.6 | G16: =INDIRECT(C16 & "!H" & B16+3) -> 223406.43 | H16: =INDIRECT(C16 & "!I" & B16+3) -> 4244722.2 | K16: 2021.1 | L16: 33253241 | N16: 1/10송금
B17: =COUNTA(INDIRECT(C17&"!B:B")) -> 40 | C17: 코미코_한국 | D17: =INDIRECT(C17 & "!E" & B17+3) -> 3928418 | E17: =INDIRECT(C17 & "!F" & B17+3) -> 1809202 | F17: =INDIRECT(C17 & "!G" & B17+3) -> 2119216 | G17: =INDIRECT(C17 & "!H" & B17+3) -> 105960.8 | H17: =INDIRECT(C17 & "!I" & B17+3) -> 2013255.2 | K17: 2021.11 | L17: 30199565 | N17: 2/10송금
B18: =COUNTA(INDIRECT(C18&"!B:B")) -> 9 | C18: 포켓코믹스 | D18: =INDIRECT(C18 & "!E" & B18+3) -> 820056 | E18: =INDIRECT(C18 & "!F" & B18+3) -> 0 | F18: =INDIRECT(C18 & "!G" & B18+3) -> 820056 | G18: =INDIRECT(C18 & "!H" & B18+3) -> 41002.8 | H18: =INDIRECT(C18 & "!I" & B18+3) -> 779053.2 | K18: 2021.12 | L18: 31091642 | N18: 3/10송금
B19: =COUNTA(INDIRECT(C19&"!B:B")) -> 54 | C19: 리디북스 | D19: =INDIRECT(C19 & "!E" & B19+3) -> 6568466 | E19: =INDIRECT(C19 & "!F" & B19+3) -> 0 | F19: =INDIRECT(C19 & "!G" & B19+3) -> 6568466 | G19: =INDIRECT(C19 & "!H" & B19+3) -> 328423.3 | H19: =INDIRECT(C19 & "!I" & B19+3) -> 6240042.7 | K19: 2021년 합계 | L19: =SUM(L11:L18) -> 2.8755544e+08
B20: =COUNTA(INDIRECT(C20&"!B:B")) -> 14 | C20: 조아라 | D20: =INDIRECT(C20 & "!E" & B20+3) -> 530300 | E20: =INDIRECT(C20 & "!F" & B20+3) -> 180302 | F20: =INDIRECT(C20 & "!G" & B20+3) -> 349998 | G20: =INDIRECT(C20 & "!H" & B20+3) -> 17499.9 | H20: =INDIRECT(C20 & "!I" & B20+3) -> 332498.1 | K20: 2022.01 | L20: 13657156 | N20: 4/8송금
B21: =COUNTA(INDIRECT(C21&"!B:B")) -> 12 | C21: 위코믹스_태국 | D21: =INDIRECT(C21 & "!E" & B21+3) -> 41.79 | E21: =INDIRECT(C21 & "!F" & B21+3) -> 0 | F21: =INDIRECT(C21 & "!G" & B21+3) -> 57181.257 | G21: =INDIRECT(C21 & "!H" & B21+3) -> 2859.0628 | H21: =INDIRECT(C21 & "!I" & B21+3) -> 54322.194 | I21: V | K21: 2022.02 | L21: 14815344 | N21: 5/10송금
B22: =COUNTA(INDIRECT(C22&"!B:B")) -> 20 | C22: 태피툰_영어 | D22: =INDIRECT(C22 & "!E" & B22+3) -> 10846800 | E22: =INDIRECT(C22 & "!F" & B22+3) -> 0 | F22: =INDIRECT(C22 & "!G" & B22+3) -> 10846800 | G22: =INDIRECT(C22 & "!H" & B22+3) -> 542340 | H22: =INDIRECT(C22 & "!I" & B22+3) -> 10304460 | K22: 2022.03 | L22: 13280075 | N22: 6/10송금
B23: =COUNTA(INDIRECT(C23&"!B:B")) -> 22 | C23: 델리툰 | D23: =INDIRECT(C23 & "!E" & B23+3) -> 1951265 | E23: =INDIRECT(C23 & "!F" & B23+3) -> 0 | F23: =INDIRECT(C23 & "!G" & B23+3) -> 1951265 | G23: =INDIRECT(C23 & "!H" & B23+3) -> 97563.25 | H23: =INDIRECT(C23 & "!I" & B23+3) -> 1853701.8 | K23: 2022.04 | L23: 14485385 | N23: 7/10송금
B24: =COUNTA(INDIRECT(C24&"!B:B")) -> 21 | C24: 픽코마_일본 | D24: =INDIRECT(C24 & "!E" & B24+3) -> 12060379 | E24: =INDIRECT(C24 & "!F" & B24+3) -> 0 | F24: =INDIRECT(C24 & "!G" & B24+3) -> 12060379 | G24: =INDIRECT(C24 & "!H" & B24+3) -> 603018.95 | H24: =INDIRECT(C24 & "!I" & B24+3) -> 11457360 | K24: 2022.05 | L24: 12780778 | N24: 8/10송금
B25: =COUNTA(INDIRECT(C25&"!B:B")) -> 13 | C25: 픽코마_동영상 | D25: =INDIRECT(C25 & "!E" & B25+3) -> 135279 | E25: =INDIRECT(C25 & "!F" & B25+3) -> 0 | F25: =INDIRECT(C25 & "!G" & B25+3) -> 135279 | G25: =INDIRECT(C25 & "!H" & B25+3) -> 6763.95 | H25: =INDIRECT(C25 & "!I" & B25+3) -> 128515.05 | K25: 2022.06 | L25: 13025700 | N25: 9/10송금
B26: =COUNTA(INDIRECT(C26&"!B:B")) -> 13 | C26: 코미코_태국 | D26: =INDIRECT(C26 & "!E" & B26+3) -> 14094.086 | E26: =INDIRECT(C26 & "!F" & B26+3) -> 0 | F26: =INDIRECT(C26 & "!G" & B26+3) -> 530360.46 | G26: =INDIRECT(C26 & "!H" & B26+3) -> 26518.023 | H26: =INDIRECT(C26 & "!I" & B26+3) -> 503842.43 | I26: V | K26: 2022.07 | L26: 12633543 | N26: 10/7송금
B27: =COUNTA(INDIRECT(C27&"!B:B")) -> 4 | C27: 코미코_일본_대만 | D27: =INDIRECT(C27 & "!E" & B27+3) -> 2051.1 | E27: =INDIRECT(C27 & "!F" & B27+3) -> 0 | F27: =INDIRECT(C27 & "!G" & B27+3) -> 19608.516 | G27: =INDIRECT(C27 & "!H" & B27+3) -> 980.4258 | H27: =INDIRECT(C27 & "!I" & B27+3) -> 18628.09 | I27: v | K27: 2022.08 | L27: 13997325 | N27: 11/10송금
B28: =COUNTA(INDIRECT(C28&"!B:B")) -> 55 | C28: 미스터블루 | D28: =INDIRECT(C28 & "!E" & B28+3) -> 15320968 | E28: =INDIRECT(C28 & "!F" & B28+3) -> 6114605 | F28: =INDIRECT(C28 & "!G" & B28+3) -> 9206363 | G28: =INDIRECT(C28 & "!H" & B28+3) -> 460318.15 | H28: =INDIRECT(C28 & "!I" & B28+3) -> 8746044.9 | K28: 2022.09 | L28: 14147654 | N28: 12/9 송금
B29: =COUNTA(INDIRECT(C29&"!B:B")) -> 40 | C29: 피너툰 | D29: =INDIRECT(C29 & "!E" & B29+3) -> 43467060 | E29: =INDIRECT(C29 & "!F" & B29+3) -> 17386824 | F29: =INDIRECT(C29 & "!G" & B29+3) -> 26080236 | G29: =INDIRECT(C29 & "!H" & B29+3) -> 1304011.8 | H29: =INDIRECT(C29 & "!I" & B29+3) -> 24776224 | K29: 2022.1 | L29: 13936551 | N29: 1/10 송금
B30: =COUNTA(INDIRECT(C30&"!B:B")) -> 46 | C30: 원스토어 | D30: =INDIRECT(C30 & "!E" & B30+3) -> 2636663.4 | E30: =INDIRECT(C30 & "!F" & B30+3) -> 0 | F30: =INDIRECT(C30 & "!G" & B30+3) -> 2636663.4 | G30: =INDIRECT(C30 & "!H" & B30+3) -> 131833.17 | H30: =INDIRECT(C30 & "!I" & B30+3) -> 2504830.2 | K30: 2022.11 | L30: 15531683 | N30: 2/10송금
B31: =COUNTA(INDIRECT(C31&"!B:B")) -> 51 | C31: 투믹스 | D31: =INDIRECT(C31 & "!E" & B31+3) -> 3137517 | E31: =INDIRECT(C31 & "!F" & B31+3) -> 0 | F31: =INDIRECT(C31 & "!G" & B31+3) -> 3137517 | G31: =INDIRECT(C31 & "!H" & B31+3) -> 156875.85 | H31: =INDIRECT(C31 & "!I" & B31+3) -> 2980641.2 | K31: 2022.12 | L31: =G50 -> 12460719
B32: =COUNTA(INDIRECT(C32&"!B:B")) -> 11 | C32: 빌리빌리 | D32: =INDIRECT(C32 & "!E" & B32+3) -> 1102.5244 | E32: =INDIRECT(C32 & "!F" & B32+3) -> 0 | F32: =INDIRECT(C32 & "!G" & B32+3) -> 201982.47 | G32: =INDIRECT(C32 & "!H" & B32+3) -> 10099.123 | H32: =INDIRECT(C32 & "!I" & B32+3) -> 191883.34 | I32: V
B33: =COUNTA(INDIRECT(C33&"!B:B")) -> 21 | C33: INKR | D33: =INDIRECT(C33 & "!E" & B33+3) -> 242.56521 | E33: =INDIRECT(C33 & "!F" & B33+3) -> 0 | F33: =INDIRECT(C33 & "!G" & B33+3) -> 311017.11 | G33: =INDIRECT(C33 & "!H" & B33+3) -> 15550.856 | H33: =INDIRECT(C33 & "!I" & B33+3) -> 295466.26 | I33: V
B34: =COUNTA(INDIRECT(C34&"!B:B")) -> 6 | C34: 타파스 | D34: =INDIRECT(C34 & "!E" & B34+3) -> 0 | E34: =INDIRECT(C34 & "!F" & B34+3) -> 0 | F34: =INDIRECT(C34 & "!G" & B34+3) -> 0 | G34: =INDIRECT(C34 & "!H" & B34+3) -> 0 | H34: =INDIRECT(C34 & "!I" & B34+3) -> 0 | I34: v 분기정산,이월
B35: =COUNTA(INDIRECT(C35&"!B:B")) -> 14 | C35: 코믹툰 | D35: =INDIRECT(C35 & "!E" & B35+3) -> 15616.089 | E35: =INDIRECT(C35 & "!F" & B35+3) -> 0 | F35: =INDIRECT(C35 & "!G" & B35+3) -> 15616.089 | G35: =INDIRECT(C35 & "!H" & B35+3) -> 780.80444 | H35: =INDIRECT(C35 & "!I" & B35+3) -> 14835.284
B36: =COUNTA(INDIRECT(C36&"!B:B")) -> 15 | C36: 코핀코믹스 | D36: =INDIRECT(C36 & "!E" & B36+3) -> 1626715 | E36: =INDIRECT(C36 & "!F" & B36+3) -> 810404 | F36: =INDIRECT(C36 & "!G" & B36+3) -> 816311 | G36: =INDIRECT(C36 & "!H" & B36+3) -> 40815.55 | H36: =INDIRECT(C36 & "!I" & B36+3) -> 775495.45
B37: =COUNTA(INDIRECT(C37&"!B:B")) -> 15 | C37: 예스24 | D37: =INDIRECT(C37 & "!E" & B37+3) -> 65300 | E37: =INDIRECT(C37 & "!F" & B37+3) -> 19590 | F37: =INDIRECT(C37 & "!G" & B37+3) -> 45710 | G37: =INDIRECT(C37 & "!H" & B37+3) -> 2285.5 | H37: =INDIRECT(C37 & "!I" & B37+3) -> 43424.5
B38: =COUNTA(INDIRECT(C38&"!B:B")) -> 36 | C38: 핑거스토리_큐툰 | D38: =INDIRECT(C38 & "!E" & B38+3) -> 1188990 | E38: =INDIRECT(C38 & "!F" & B38+3) -> 475596 | F38: =INDIRECT(C38 & "!G" & B38+3) -> 713394 | G38: =INDIRECT(C38 & "!H" & B38+3) -> 35669.7 | H38: =INDIRECT(C38 & "!I" & B38+3) -> 677724.3
B39: =COUNTA(INDIRECT(C39&"!B:B")) -> 39 | C39: 핑거스토리_무툰 | D39: =INDIRECT(C39 & "!E" & B39+3) -> 3740940 | E39: =INDIRECT(C39 & "!F" & B39+3) -> 1496376 | F39: =INDIRECT(C39 & "!G" & B39+3) -> 2244564 | G39: =INDIRECT(C39 & "!H" & B39+3) -> 112228.2 | H39: =INDIRECT(C39 & "!I" & B39+3) -> 2132335.8
B40: =COUNTA(INDIRECT(C40&"!B:B")) -> 16 | C40: 북팔 | D40: =INDIRECT(C40 & "!E" & B40+3) -> 312100 | E40: =INDIRECT(C40 & "!F" & B40+3) -> 93630 | F40: =INDIRECT(C40 & "!G" & B40+3) -> 218470 | G40: =INDIRECT(C40 & "!H" & B40+3) -> 10923.5 | H40: =INDIRECT(C40 & "!I" & B40+3) -> 207546.5
B41: =COUNTA(INDIRECT(C41&"!B:B")) -> 25 | C41: 엠유네트웍스 | D41: =INDIRECT(C41 & "!E" & B41+3) -> 769770 | E41: =INDIRECT(C41 & "!F" & B41+3) -> 284814.9 | F41: =INDIRECT(C41 & "!G" & B41+3) -> 484955.1 | G41: =INDIRECT(C41 & "!H" & B41+3) -> 24247.755 | H41: =INDIRECT(C41 & "!I" & B41+3) -> 460707.34
B42: =COUNTA(INDIRECT(C42&"!B:B")) -> 9 | C42: 엠스토리링크 | D42: =INDIRECT(C42 & "!E" & B42+3) -> 653.5392 | E42: =INDIRECT(C42 & "!F" & B42+3) -> 0 | F42: =INDIRECT(C42 & "!G" & B42+3) -> 653.5392 | G42: =INDIRECT(C42 & "!H" & B42+3) -> 32.67696 | H42: =INDIRECT(C42 & "!I" & B42+3) -> 620.86224
B43: =COUNTA(INDIRECT(C43&"!B:B")) -> 21 | C43: 엠피언 | D43: =INDIRECT(C43 & "!E" & B43+3) -> 146390 | E43: =INDIRECT(C43 & "!F" & B43+3) -> 54164.3 | F43: =INDIRECT(C43 & "!G" & B43+3) -> 92225.7 | G43: =INDIRECT(C43 & "!H" & B43+3) -> 4611.285 | H43: =INDIRECT(C43 & "!I" & B43+3) -> 87614.415
B44: =COUNTA(INDIRECT(C44&"!B:B")) -> 5 | C44: 망가툰 | D44: =INDIRECT(C44 & "!E" & B44+3) -> 0 | E44: =INDIRECT(C44 & "!F" & B44+3) -> 0 | F44: =INDIRECT(C44 & "!G" & B44+3) -> 0 | G44: =INDIRECT(C44 & "!H" & B44+3) -> 0 | H44: =INDIRECT(C44 & "!I" & B44+3) -> 0 | I44: v 분기정산,이월
B45: =COUNTA(INDIRECT(C45&"!B:B")) -> 11 | C45: 웹코믹스 | D45: =INDIRECT(C45 & "!E" & B45+3) -> 374.05 | E45: =INDIRECT(C45 & "!F" & B45+3) -> 0 | F45: =INDIRECT(C45 & "!G" & B45+3) -> 490042.91 | G45: =INDIRECT(C45 & "!H" & B45+3) -> 24502.145 | H45: =INDIRECT(C45 & "!I" & B45+3) -> 465540.76 | I45: v 분기정산
B46: =COUNTA(INDIRECT(C46&"!B:B")) -> 7 | C46: 교보문고 | D46: =INDIRECT(C46 & "!E" & B46+3) -> 37500 | E46: =INDIRECT(C46 & "!F" & B46+3) -> 0 | F46: =INDIRECT(C46 & "!G" & B46+3) -> 26250 | G46: =INDIRECT(C46 & "!H" & B46+3) -> 1312.5 | H46: =INDIRECT(C46 & "!I" & B46+3) -> 24937.5
B47: =COUNTA(INDIRECT(C47&"!B:B")) -> 8 | C47: 톡소다 | D47: =INDIRECT(C47 & "!E" & B47+3) -> 8378600 | E47: =INDIRECT(C47 & "!F" & B47+3) -> 0 | F47: =INDIRECT(C47 & "!G" & B47+3) -> 5853060 | G47: =INDIRECT(C47 & "!H" & B47+3) -> 292653 | H47: =INDIRECT(C47 & "!I" & B47+3) -> 5560407
B48: =COUNTA(INDIRECT(C48&"!B:B")) -> 12 | C48: 미툰앤노벨 | D48: =INDIRECT(C48 & "!E" & B48+3) -> 123200 | E48: =INDIRECT(C48 & "!F" & B48+3) -> 0 | F48: =INDIRECT(C48 & "!G" & B48+3) -> 66528 | G48: =INDIRECT(C48 & "!H" & B48+3) -> 3326.4 | H48: =INDIRECT(C48 & "!I" & B48+3) -> 63201.6
B49: =COUNTA(INDIRECT(C49&"!B:B")) -> 6 | C49: 버프툰 | D49: =INDIRECT(C49 & "!E" & B49+3) -> 209708 | E49: =INDIRECT(C49 & "!F" & B49+3) -> 0 | F49: =INDIRECT(C49 & "!G" & B49+3) -> 77052 | G49: =INDIRECT(C49 & "!H" & B49+3) -> 3852.6 | H49: =INDIRECT(C49 & "!I" & B49+3) -> 73199.4
B50: =COUNTA(INDIRECT(#REF!&"!B:B")) -> 1 | C50: 합계 | D50: =SUM(D7:D49) -> 3.272372e+08 | E50: =SUM(E7:E49) -> 76888990 | F50: =SUM(F7:F49) -> 2.4921438e+08 | G50: =SUM(G7:G49) -> 12460719 | H50: =SUM(H7:H49) -> 2.3675366e+08 | I50: =SUM(I7:I41) -> 0
B51: =COUNTA(INDIRECT(C49&"!B:B")) -> 6 | G51: 스토리위즈 계산서 발행금액
B52: =COUNTA(INDIRECT(C41&"!B:B")) -> 25 | G52: 월 선 MG상환
K53: 2022년 합계 | L53: =SUM(L20:L52) -> 1.6475191e+08
K54: 잔여 선지급금 | L54: =L6+L7-L19-L53 -> 1.0769264e+08

Sheet 카카오페이지
B4: [RS 정산 기준]
B5: 사이트명 | C5: 매출월 | D5: 작품명 | E5: 소비자매출액 | F5: 유통사수수료 | G5: 스토리위즈매출액 | H5: 스토리위즈수익 | I5: 스토리숲 수익 | J5: 비고
B6: 카카오페이지 | C6: =VLOOKUP(B6,raw_a,2,0) -> 12월분 | D6: 거짓말, 뱀파이어가 어디 있어? [BL] | E6: =SUMIFS(전체리스트!D:D,전체리스트!A:A,B6,전체리스트!C:C,D6) -> 634996.8 | F6: =E6-G6 -> 190498.8 | G6: =SUMIFS(전체리스트!E:E,전체리스트!A:A,B6,전체리스트!C:C,D6) -> 444498 | H6: =G6*0.05 -> 22224.9 | I6: =G6-H6 -> 422273.1
B7: 카카오페이지 | C7: =VLOOKUP(B7,raw_a,2,0) -> 12월분 | D7: 광속으로 레벨업 | E7: =SUMIFS(전체리스트!D:D,전체리스트!A:A,B7,전체리스트!C:C,D7) -> 4835187 | F7: =E7-G7 -> 1450554 | G7: =SUMIFS(전체리스트!E:E,전체리스트!A:A,B7,전체리스트!C:C,D7) -> 3384633 | H7: =G7*0.05 -> 169231.65 | I7: =G7-H7 -> 3215401.4
B8: 카카오페이지 | C8: =VLOOKUP(B8,raw_a,2,0) -> 12월분 | D8: 귀신 보는 급식은 퇴마 중입니다 | E8: =SUMIFS(전체리스트!D:D,전체리스트!A:A,B8,전체리스트!C:C,D8) -> 429033.8 | F8: =E8-G8 -> 128710.8 | G8: =SUMIFS(전체리스트!E:E,전체리스트!A:A,B8,전체리스트!C:C,D8) -> 300323 | H8: =G8*0.05 -> 15016.15 | I8: =G8-H8 -> 285306.85
B9: 카카오페이지 | C9: =VLOOKUP(B9,raw_a,2,0) -> 12월분 | D9: 꿈꾸는 먹잇감 | E9: =SUMIFS(전체리스트!D:D,전체리스트!A:A,B9,전체리스트!C:C,D9) -> 324635.4 | F9: =E9-G9 -> 97392.4 | G9: =SUMIFS(전체리스트!E:E,전체리스트!A:A,B9,전체리스트!C:C,D9) -> 227243 | H9: =G9*0.05 -> 11362.15 | I9: =G9-H9 -> 215880.85
B10: 카카오페이지 | C10: =VLOOKUP(B10,raw_a,2,0) -> 12월분 | D10: 꿰인 사이 | E10: =SUMIFS(전체리스트!D:D,전체리스트!A:A,B10,전체리스트!C:C,D10) -> 165445 | F10: =E10-G10 -> 49634 | G10: =SUMIFS(전체리스트!E:E,전체리스트!A:A,B10,전체리스트!C:C,D10) -> 115811 | H10: =G10*0.05 -> 5790.55 | I10: =G10-H10 -> 110020.45
B11: 카카오페이지 | C11: =VLOOKUP(B11,raw_a,2,0) -> 12월분 | D11: 내 자기님이 로그인 하셨습니다 | E11: =SUMIFS(전체리스트!D:D,전체리스트!A:A,B11,전체리스트!C:C,D11) -> 531387.9 | F11: =E11-G11 -> 159416.9 | G11: =SUMIFS(전체리스트!E:E,전체리스트!A:A,B11,전체리스트!C:C,D11) -> 371971 | H11: =G11*0.05 -> 18598.55 | I11: =G11-H11 -> 353372.45
B12: 카카오페이지 | C12: =VLOOKUP(B12,raw_a,2,0) -> 12월분 | D12: 너에게만 음성인식 | E12: =SUMIFS(전체리스트!D:D,전체리스트!A:A,B12,전체리스트!C:C,D12) -> 701039.3 | F12: =E12-G12 -> 210310.3 | G12: =SUMIFS(전체리스트!E:E,전체리스트!A:A,B12,전체리스트!C:C,D12) -> 490729 | H12: =G12*0.05 -> 24536.45 | I12: =G12-H12 -> 466192.55
B13: 카카오페이지 | C13: =VLOOKUP(B13,raw_a,2,0) -> 12월분 | D13: 네게 취한 날들 | E13: =SUMIFS(전체리스트!D:D,전체리스트!A:A,B13,전체리스트!C:C,D13) -> 668745.9 | F13: =E13-G13 -> 200621.9 | G13: =SUMIFS(전체리스트!E:E,전체리스트!A:A,B13,전체리스트!C:C,D13) -> 468124 | H13: =G13*0.05 -> 23406.2 | I13: =G13-H13 -> 444717.8
B14: 카카오페이지 | C14: =VLOOKUP(B14,raw_a,2,0) -> 12월분 | D14: 대표님, 사모님이 도망가요 | E14: =SUMIFS(전체리스트!D:D,전체리스트!A:A,B14,전체리스트!C:C,D14) -> 214639.2 | F14: =E14-G14 -> 64391.2 | G14: =SUMIFS(전체리스트!E:E,전체리스트!A:A,B14,전체리스트!C:C,D14) -> 150248 | H14: =G14*0.05 -> 7512.4 | I14: =G14-H14 -> 142735.6
B15: 카카오페이지 | C15: =VLOOKUP(B15,raw_a,2,0) -> 12월분 | D15: 대표님, 오늘은 아니에요 | E15: =SUMIFS(전체리스트!D:D,전체리스트!A:A,B15,전체리스트!C:C,D15) -> 416774.2 | F15: =E15-G15 -> 125032.2 | G15: =SUMIFS(전체리스트!E:E,전체리스트!A:A,B15,전체리스트!C:C,D15) -> 291742 | H15: =G15*0.05 -> 14587.1 | I15: =G15-H15 -> 277154.9
B16: 카카오페이지 | C16: =VLOOKUP(B16,raw_a,2,0) -> 12월분 | D16: 도군 | E16: =SUMIFS(전체리스트!D:D,전체리스트!A:A,B16,전체리스트!C:C,D16) -> 291315.7 | F16: =E16-G16 -> 87394.7 | G16: =SUMIFS(전체리스트!E:E,전체리스트!A:A,B16,전체리스트!C:C,D16) -> 203921 | H16: =G16*0.05 -> 10196.05 | I16: =G16-H16 -> 193724.95
B17: 카카오페이지 | C17: =VLOOKUP(B17,raw_a,2,0) -> 12월분 | D17: 레벨업에 미친 의사 | E17: =SUMIFS(전체리스트!D:D,전체리스트!A:A,B17,전체리스트!C:C,D17) -> 12824655 | F17: =E17-G17 -> 3847397.7 | G17: =SUMIFS(전체리스트!E:E,전체리스트!A:A,B17,전체리스트!C:C,D17) -> 8977257 | H17: =G17*0.05 -> 448862.85 | I17: =G17-H17 -> 8528394.2
... B68: 카카오웹툰-글로벌 | C68: =VLOOKUP(B68,raw_a,2,0) -> 11월분 | D68: 외나무 다리에 꽃을 뿌려주세요 | E68: =SUMIFS(전체리스트!D:D,전체리스트!A:A,B68,전체리스트!C:C,D68) -> 21927 | F68: =E68-G68 -> 0 | G68: =SUMIFS(전체리스트!E:E,전체리스트!A:A,B68,전체리스트!C:C,D68) -> 21927 | H68: =G68*0.05 -> 1096.35 | I68: =G68-H68 -> 20830.65
B69: 카카오_JV_PODO | C69: =VLOOKUP(B69,raw_a,2,0) -> 10월분 | D69: 외나무 다리에 꽃을 뿌려주세요 | E69: =SUMIFS(전체리스트!D:D,전체리스트!A:A,B69,전체리스트!C:C,D69) -> 109726 | G69: =SUMIFS(전체리스트!E:E,전체리스트!A:A,B69,전체리스트!C:C,D69) -> 109726 | H69: =G69*0.05 -> 5486.3 | I69: =G69-H69 -> 104239.7
B70: 합계 | E70: =SUM(E6:E69) -> 62185102 | F70: =SUM(F6:F69) -> 19540170 | G70: =SUM(G6:G69) -> 42644932 | H70: =SUM(H6:H69) -> 2132246.6 | I70: =SUM(I6:I69) -> 40512685 | J70: =SUM(J6:J68) -> 0

Sheet 카카오타파스
B4: [RS 정산 기준]
B5: 사이트명 | C5: 매출월 | D5: 작품명 | E5: 소비자매출액 | F5: 유통사수수료 | G5: 스토리위즈매출액 | H5: 스토리위즈수익 | I5: 스토리숲 수익 | J5: 비고
B6: 카카오 타파스 | C6: =VLOOKUP(B6,raw_a,2,0) -> 11월분 | D6: 아랫집 웬수 | E6: =SUMIFS(전체리스트!D:D,전체리스트!A:A,B6,전체리스트!C:C,D6) -> 62038 | F6: =E6-G6 -> 0 | G6: =SUMIFS(전체리스트!E:E,전체리스트!A:A,B6,전체리스트!C:C,D6) -> 62038 | H6: =G6*0.05 -> 3101.9 | I6: =G6-H6 -> 58936.1
B7: 카카오 타파스 | C7: =VLOOKUP(B7,raw_a,2,0) -> 11월분 | D7: 내 자기님이 로그인하셨습니다 | E7: =SUMIFS(전체리스트!D:D,전체리스트!A:A,B7,전체리스트!C:C,D7) -> 806182 | F7: =E7-G7 -> 0 | G7: =SUMIFS(전체리스트!E:E,전체리스트!A:A,B7,전체리스트!C:C,D7) -> 806182 | H7: =G7*0.05 -> 40309.1 | I7: =G7-H7 -> 765872.9
B8: 합계 | E8: =SUM(E6:E7) -> 868220 | F8: =SUM(F6:F7) -> 0 | G8: =SUM(G6:G7) -> 868220 | H8: =SUM(H6:H7) -> 43411 | I8: =SUM(I6:I7) -> 824809 | J8: =SUM(J6:J7) -> 0

Sheet 네이버웹툰
B4: [RS 정산 기준]
B5: 사이트명 | C5: 매출월 | D5: 작품명 | E5: 소비자매출액 | F5: 유통사수수료 | G5: 스토리위즈매출액 | H5: 스토리위즈수익 | I5: 스토리숲 수익 | J5: 비고
B6: 네이버웹툰 | C6: =VLOOKUP(B6,raw_a,2,0) -> 12월분 | D6: 레벨업에 미친 의사 | E6: =SUMIFS(전체리스트!D:D,전체리스트!A:A,B6,전체리스트!C:C,D6) -> 1896353.6 | F6: =E6-G6 -> 568906.08 | G6: =SUMIFS(전체리스트!E:E,전체리스트!A:A,B6,전체리스트!C:C,D6) -> 1327447.5 | H6: =G6*0.05 -> 66372.376 | I6: =G6-H6 -> 1261075.1
B7: 네이버웹툰 | C7: =VLOOKUP(B7,raw_a,2,0) -> 12월분 | D7: 이혼신청 [BL] | E7: =SUMIFS(전체리스트!D:D,전체리스트!A:A,B7,전체리스트!C:C,D7) -> 1863997.7 | F7: =E7-G7 -> 559199.31 | G7: =SUMIFS(전체리스트!E:E,전체리스트!A:A,B7,전체리스트!C:C,D7) -> 1304798.4 | H7: =G7*0.05 -> 65239.919 | I7: =G7-H7 -> 1239558.5
B8: 네이버웹툰 | C8: =VLOOKUP(B8,raw_a,2,0) -> 12월분 | D8: 집착공의 인형놀이 [BL] | E8: =SUMIFS(전체리스트!D:D,전체리스트!A:A,B8,전체리스트!C:C,D8) -> 1762382.8 | F8: =E8-G8 -> 528714.84 | G8: =SUMIFS(전체리스트!E:E,전체리스트!A:A,B8,전체리스트!C:C,D8) -> 1233668 | H8: =G8*0.05 -> 61683.398 | I8: =G8-H8 -> 1171984.6
B9: 네이버웹툰 | C9: =VLOOKUP(B9,raw_a,2,0) -> 12월분 | D9: 대표님의 삐뚤어진 사랑 | E9: =SUMIFS(전체리스트!D:D,전체리스트!A:A,B9,전체리스트!C:C,D9) -> 1505312.6 | F9: =E9-G9 -> 451593.78 | G9: =SUMIFS(전체리스트!E:E,전체리스트!A:A,B9,전체리스트!C:C,D9) -> 1053718.8 | H9: =G9*0.05 -> 52685.941 | I9: =G9-H9 -> 1001032.9
B10: 네이버웹툰 | C10: =VLOOKUP(B10,raw_a,2,0) -> 12월분 | D10: 네게 취한 날들 [BL] | E10: =SUMIFS(전체리스트!D:D,전체리스트!A:A,B10,전체리스트!C:C,D10) -> 1187740.6 | F10: =E10-G10 -> 356322.18 | G10: =SUMIFS(전체리스트!E:E,전체리스트!A:A,B10,전체리스트!C:C,D10) -> 831418.42 | H10: =G10*0.05 -> 41570.921 | I10: =G10-H10 -> 789847.5
B11: 네이버웹툰 | C11: =VLOOKUP(B11,raw_a,2,0) -> 12월분 | D11: 학사신공 | E11: =SUMIFS(전체리스트!D:D,전체리스트!A:A,B11,전체리스트!C:C,D11) -> 1138096 | F11: =E11-G11 -> 341428.8 | G11: =SUMIFS(전체리스트!E:E,전체리스트!A:A,B11,전체리스트!C:C,D11) -> 796667.2 | H11: =G11*0.05 -> 39833.36 | I11: =G11-H11 -> 756833.84
B12: 네이버웹툰 | C12: =VLOOKUP(B12,raw_a,2,0) -> 12월분 | D12: 꿈꾸는 먹잇감 [BL] | E12: =SUMIFS(전체리스트!D:D,전체리스트!A:A,B12,전체리스트!C:C,D12) -> 1059344 | F12: =E12-G12 -> 317803.2 | G12: =SUMIFS(전체리스트!E:E,전체리스트!A:A,B12,전체리스트!C:C,D12) -> 741540.8 | H12: =G12*0.05 -> 37077.04 | I12: =G12-H12 -> 704463.76
B13: 네이버웹툰 | C13: =VLOOKUP(B13,raw_a,2,0) -> 12월분 | D13: 극한 공녀 | E13: =SUMIFS(전체리스트!D:D,전체리스트!A:A,B13,전체리스트!C:C,D13) -> 846255.6 | F13: =E13-G13 -> 253876.68 | G13: =SUMIFS(전체리스트!E:E,전체리스트!A:A,B13,전체리스트!C:C,D13) -> 592378.92 | H13: =G13*0.05 -> 29618.946 | I13: =G13-H13 -> 562759.97
B14: 네이버웹툰 | C14: =VLOOKUP(B14,raw_a,2,0) -> 12월분 | D14: 광속으로 레벨업 | E14: =SUMIFS(전체리스트!D:D,전체리스트!A:A,B14,전체리스트!C:C,D14) -> 687850.2 | F14: =E14-G14 -> 206355.06 | G14: =SUMIFS(전체리스트!E:E,전체리스트!A:A,B14,전체리스트!C:C,D14) -> 481495.14 | H14: =G14*0.05 -> 24074.757 | I14: =G14-H14 -> 457420.38
B15: 네이버웹툰 | C15: =VLOOKUP(B15,raw_a,2,0) -> 12월분 | D15: 사랑할 수 없는 그녀 | E15: =SUMIFS(전체리스트!D:D,전체리스트!A:A,B15,전체리스트!C:C,D15) -> 626292.4 | F15: =E15-G15 -> 187887.72 | G15: =SUMIFS(전체리스트!E:E,전체리스트!A:A,B15,전체리스트!C:C,D15) -> 438404.68 | H15: =G15*0.05 -> 21920.234 | I15: =G15-H15 -> 416484.45
B16: 네이버웹툰 | C16: =VLOOKUP(B16,raw_a,2,0) -> 12월분 | D16: 전직고수 | E16: =SUMIFS(전체리스트!D:D,전체리스트!A:A,B16,전체리스트!C:C,D16) -> 544349.2 | F16: =E16-G16 -> 163304.76 | G16: =SUMIFS(전체리스트!E:E,전체리스트!A:A,B16,전체리스트!C:C,D16) -> 381044.44 | H16: =G16*0.05 -> 19052.222 | I16: =G16-H16 -> 361992.22
B17: 네이버웹툰 | C17: =VLOOKUP(B17,raw_a,2,0) -> 12월분 | D17: 대표님, 오늘은 아니에요 | E17: =SUMIFS(전체리스트!D:D,전체리스트!A:A,B17,전체리스트!C:C,D17) -> 525328 | F17: =E17-G17 -> 157598.4 | G17: =SUMIFS(전체리스트!E:E,전체리스트!A:A,B17,전체리스트!C:C,D17) -> 367729.6 | H17: =G17*0.05 -> 18386.48 | I17: =G17-H17 -> 349343.12
... B78: 네이버웹툰-창작지원금 | C78: =VLOOKUP(B78,raw_a,2,0) -> 11월분 | D78: 마녀와 용의 신혼일기 | E78: =SUMIFS(전체리스트!D:D,전체리스트!A:A,B78,전체리스트!C:C,D78) -> 67175 | F78: =E78-G78 -> 0 | G78: =SUMIFS(전체리스트!E:E,전체리스트!A:A,B78,전체리스트!C:C,D78) -> 67175 | H78: =G78*0.05 -> 3358.75 | I78: =G78-H78 -> 63816.25
B79: 네이버웹툰-창작지원금 | C79: 11월분 | D79: 아찔한전남편 | E79: =SUMIFS(전체리스트!D:D,전체리스트!A:A,B79,전체리스트!C:C,D79) -> 25599 | F79: =E79-G79 -> 0 | G79: =SUMIFS(전체리스트!E:E,전체리스트!A:A,B79,전체리스트!C:C,D79) -> 25599 | H79: =G79*0.05 -> 1279.95 | I79: =G79-H79 -> 24319.05
B80: 네이버웹툰-창작지원금 | C80: =VLOOKUP(B80,raw_a,2,0) -> 11월분 | D80: 백설을 위하여 | E80: =SUMIFS(전체리스트!D:D,전체리스트!A:A,B80,전체리스트!C:C,D80) -> 32077 | F80: =E80-G80 -> 0 | G80: =SUMIFS(전체리스트!E:E,전체리스트!A:A,B80,전체리스트!C:C,D80) -> 32077 | H80: =G80*0.05 -> 1603.85 | I80: =G80-H80 -> 30473.15
B81: 네이버웹툰-창작지원금 | C81: =VLOOKUP(B81,raw_a,2,0) -> 11월분 | D81: 영애의경호관 | E81: =SUMIFS(전체리스트!D:D,전체리스트!A:A,B81,전체리스트!C:C,D81) -> 963 | F81: =E81-G81 -> 0 | G81: =SUMIFS(전체리스트!E:E,전체리스트!A:A,B81,전체리스트!C:C,D81) -> 963 | H81: =G81*0.05 -> 48.15 | I81: =G81-H81 -> 914.85
B82: 네이버웹툰-창작지원금 | C82: =VLOOKUP(B82,raw_a,2,0) -> 11월분 | D82: 완벽한 부부는 없다 | E82: =SUMIFS(전체리스트!D:D,전체리스트!A:A,B82,전체리스트!C:C,D82) -> 38040 | F82: =E82-G82 -> 0 | G82: =SUMIFS(전체리스트!E:E,전체리스트!A:A,B82,전체리스트!C:C,D82) -> 38040 | H82: =G82*0.05 -> 1902 | I82: =G82-H82 -> 36138
B83: 합계 | E83: =SUM(E6:E82) -> 1.2243156e+08 | F83: =SUM(F6:F82) -> 28445742 | G83: =SUM(G6:G82) -> 93985814 | H83: =SUM(H6:H82) -> 4699290.7 | I83: =SUM(I6:I82) -> 89286523 | J83: =SUM(J6:J82) -> 0

Sheet 콰이칸_중국
G3: 3개월 평균
B4: [RS 정산 기준] | F4: 환율(CNY) | G4: =VLOOKUP(B6,raw_a,6,0) -> 187.57
B5: 사이트명 | C5: 매출월 | D5: 작품명 | E5: 소비자매출액 | F5: 유통사수수료 | G5: 스토리위즈매출액 | H5: 스토리위즈수익 | I5: 스토리숲 수익 | J5: 비고
B6: 콰이칸 | C6: =VLOOKUP(B6,raw_a,2,0) -> 11월분 | D6: 내 자기님 로그인하셨다 2 | E6: =SUMIFS(전체리스트!D:D,전체리스트!A:A,B6,전체리스트!C:C,D6) -> 1278.99 | G6: =SUMIFS(전체리스트!E:E,전체리스트!A:A,B6,전체리스트!C:C,D6) -> 239900.15 | H6: =G6*0.05 -> 11995.008 | I6: =G6-H6 -> 227905.15
B7: 콰이칸 | C7: =VLOOKUP(B7,raw_a,2,0) -> 11월분 | D7: 사랑과 우정 사이에는 爱情与友谊之间 | E7: =SUMIFS(전체리스트!D:D,전체리스트!A:A,B7,전체리스트!C:C,D7) -> 101.05 | G7: =SUMIFS(전체리스트!E:E,전체리스트!A:A,B7,전체리스트!C:C,D7) -> 18953.948 | H7: =G7*0.05 -> 947.69742 | I7: =G7-H7 -> 18006.251
B8: 콰이칸 | C8: =VLOOKUP(B8,raw_a,2,0) -> 11월분 | D8: 거짓말! 뱀페이어가 어디있어? | E8: =SUMIFS(전체리스트!D:D,전체리스트!A:A,B8,전체리스트!C:C,D8) -> 923.97 | G8: =SUMIFS(전체리스트!E:E,전체리스트!A:A,B8,전체리스트!C:C,D8) -> 173309.05 | H8: =G8*0.05 -> 8665.4526 | I8: =G8-H8 -> 164643.6
B9: 콰이칸 | C9: =VLOOKUP(B9,raw_a,2,0) -> 11월분 | D9: 옆집최애 | E9: =SUMIFS(전체리스트!D:D,전체리스트!A:A,B9,전체리스트!C:C,D9) -> 543.38 | G9: =SUMIFS(전체리스트!E:E,전체리스트!A:A,B9,전체리스트!C:C,D9) -> 101921.79 | H9: =G9*0.05 -> 5096.0893 | I9: =G9-H9 -> 96825.697
B10: 콰이칸 | C10: =VLOOKUP(B10,raw_a,2,0) -> 11월분 | D10: 거짓말 뱀파이어가 어디있어_영상툰 | E10: =SUMIFS(전체리스트!D:D,전체리스트!A:A,B10,전체리스트!C:C,D10) -> 130.84 | G10: =SUMIFS(전체리스트!E:E,전체리스트!A:A,B10,전체리스트!C:C,D10) -> 24541.659 | H10: =G10*0.05 -> 1227.0829 | I10: =G10-H10 -> 23314.576
B11: 콰이칸 | C11: =VLOOKUP(B11,raw_a,2,0) -> 11월분 | D11: 내 자기님이 로그인하셨습니다_영상툰 | E11: =SUMIFS(전체리스트!D:D,전체리스트!A:A,B11,전체리스트!C:C,D11) -> 0.9 | G11: =SUMIFS(전체리스트!E:E,전체리스트!A:A,B11,전체리스트!C:C,D11) -> 168.813 | H11: =G11*0.05 -> 8.44065 | I11: =G11-H11 -> 160.37235
B12: 콰이칸 | C12: =VLOOKUP(B12,raw_a,2,0) -> 11월분 | D12: 아랫집 웬수_영상툰 | E12: =SUMIFS(전체리스트!D:D,전체리스트!A:A,B12,전체리스트!C:C,D12) -> 42.07 | G12: =SUMIFS(전체리스트!E:E,전체리스트!A:A,B12,전체리스트!C:C,D12) -> 7891.0699 | H12: =G12*0.05 -> 394.55349 | I12: =G12-H12 -> 7496.5164
B13: 합계 | E13: =SUM(E6:E12) -> 3021.2 | F13: =SUM(F6:F12) -> 0 | G13: =SUM(G6:G12) -> 566686.48 | H13: =SUM(H6:H12) -> 28334.324 | I13: =SUM(I6:I12) -> 538352.16 | J13: =SUM(J6:J9) -> 0

Sheet 엠스토리링크
B4: [RS 정산 기준]
B5: 사이트명 | C5: 매출월 | D5: 작품명 | E5: 소비자매출액 | F5: 유통사수수료 | G5: 스토리위즈매출액 | H5: 스토리위즈수익 | I5: 스토리숲 수익 | J5: 비고
B6: 엠스토리링크 | C6: 11월분 | D6: 인 유어 드림 | E6: =SUMIFS(전체리스트!D:D,전체리스트!A:A,B6,전체리스트!C:C,D6) -> 85.7696 | F6: =E6-G6 -> 0 | G6: =SUMIFS(전체리스트!E:E,전체리스트!A:A,B6,전체리스트!C:C,D6) -> 85.7696 | H6: =G6*0.05 -> 4.28848 | I6: =G6-H6 -> 81.48112
B7: 엠스토리링크 | C7: 11월분 | D7: 황비님? 황비님! | E7: =SUMIFS(전체리스트!D:D,전체리스트!A:A,B7,전체리스트!C:C,D7) -> 85.7696 | F7: =E7-G7 -> 0 | G7: =SUMIFS(전체리스트!E:E,전체리스트!A:A,B7,전체리스트!C:C,D7) -> 85.7696 | H7: =G7*0.05 -> 4.28848 | I7: =G7-H7 -> 81.48112
B8: 엠스토리링크 | C8: 11월분 | D8: 귀신 보는 공작부인 | E8: =SUMIFS(전체리스트!D:D,전체리스트!A:A,B8,전체리스트!C:C,D8) -> 85 | F8: =E8-G8 -> 0 | G8: =SUMIFS(전체리스트!E:E,전체리스트!A:A,B8,전체리스트!C:C,D8) -> 85 | H8: =G8*0.05 -> 4.25 | I8: =G8-H8 -> 80.75
B9: 엠스토리링크 | C9: 12월분 | D9: 귀신 보는 공작부인-12월 | E9: =SUMIFS(전체리스트!D:D,전체리스트!A:A,B9,전체리스트!C:C,D9) -> 66 | F9: =E9-G9 -> 0 | G9: =SUMIFS(전체리스트!E:E,전체리스트!A:A,B9,전체리스트!C:C,D9) -> 66 | H9: =G9*0.05 -> 3.3 | I9: =G9-H9 -> 62.7
B10: 엠스토리링크 | C10: 12월분 | D10: 인 유어 드림-12월 | E10: =SUMIFS(전체리스트!D:D,전체리스트!A:A,B10,전체리스트!C:C,D10) -> 199 | F10: =E10-G10 -> 0 | G10: =SUMIFS(전체리스트!E:E,전체리스트!A:A,B10,전체리스트!C:C,D10) -> 199 | H10: =G10*0.05 -> 9.95 | I10: =G10-H10 -> 189.05
B11: 엠스토리링크 | C11: 12월분 | D11: 황비님? 황비님!-12월 | E11: =SUMIFS(전체리스트!D:D,전체리스트!A:A,B11,전체리스트!C:C,D11) -> 132 | F11: =E11-G11 -> 0 | G11: =SUMIFS(전체리스트!E:E,전체리스트!A:A,B11,전체리스트!C:C,D11) -> 132 | H11: =G11*0.05 -> 6.6 | I11: =G11-H11 -> 125.4
B12: 합계 | E12: =SUM(E6:E11) -> 653.5392 | F12: =SUM(F6:F11) -> 0 | G12: =SUM(G6:G11) -> 653.5392 | H12: =SUM(H6:H11) -> 32.67696 | I12: =SUM(I6:I11) -> 620.86224 | J12: =SUM(J6:J8) -> 0

Sheet 레진코믹스
B4: [RS 정산 기준]
B5: 사이트명 | C5: 매출월 | D5: 작품명 | E5: 소비자매출액 | F5: 유통사수수료 | G5: 스토리위즈매출액 | H5: 스토리위즈수익 | I5: 스토리숲 수익 | J5: 비고
B6: 레진코믹스 | C6: =VLOOKUP(B6,raw_a,2,0) -> 12월분 | D6: 슬기로운 생활 | E6: =SUMIFS(전체리스트!D:D,전체리스트!A:A,B6,전체리스트!C:C,D6) -> 2100 | F6: =E6-G6 -> 0 | G6: =SUMIFS(전체리스트!E:E,전체리스트!A:A,B6,전체리스트!C:C,D6) -> 2100 | H6: =G6*0.05 -> 105 | I6: =G6-H6 -> 1995
B7: 레진코믹스 | C7: =VLOOKUP(B7,raw_a,2,0) -> 12월분 | D7: 쌀툰 | E7: =SUMIFS(전체리스트!D:D,전체리스트!A:A,B7,전체리스트!C:C,D7) -> 3150 | F7: =E7-G7 -> 0 | G7: =SUMIFS(전체리스트!E:E,전체리스트!A:A,B7,전체리스트!C:C,D7) -> 3150 | H7: =G7*0.05 -> 157.5 | I7: =G7-H7 -> 2992.5
B8: 레진코믹스 | C8: =VLOOKUP(B8,raw_a,2,0) -> 12월분 | D8: 멍멍이와 주인님 | E8: =SUMIFS(전체리스트!D:D,전체리스트!A:A,B8,전체리스트!C:C,D8) -> 140 | F8: =E8-G8 -> 0 | G8: =SUMIFS(전체리스트!E:E,전체리스트!A:A,B8,전체리스트!C:C,D8) -> 140 | H8: =G8*0.05 -> 7 | I8: =G8-H8 -> 133
B9: 레진코믹스 | C9: =VLOOKUP(B9,raw_a,2,0) -> 12월분 | D9: 옆집 최애 | E9: =SUMIFS(전체리스트!D:D,전체리스트!A:A,B9,전체리스트!C:C,D9) -> 12040 | F9: =E9-G9 -> 0 | G9: =SUMIFS(전체리스트!E:E,전체리스트!A:A,B9,전체리스트!C:C,D9) -> 12040 | H9: =G9*0.05 -> 602 | I9: =G9-H9 -> 11438
B10: 레진코믹스 | C10: =VLOOKUP(B10,raw_a,2,0) -> 12월분 | D10: 한집 두 살림 | E10: =SUMIFS(전체리스트!D:D,전체리스트!A:A,B10,전체리스트!C:C,D10) -> 12040 | F10: =E10-G10 -> 0 | G10: =SUMIFS(전체리스트!E:E,전체리스트!A:A,B10,전체리스트!C:C,D10) -> 12040 | H10: =G10*0.05 -> 602 | I10: =G10-H10 -> 11438
B11: 레진코믹스 | C11: =VLOOKUP(B11,raw_a,2,0) -> 12월분 | D11: 사랑과 우정 사이에서 | E11: =SUMIFS(전체리스트!D:D,전체리스트!A:A,B11,전체리스트!C:C,D11) -> 17360 | F11: =E11-G11 -> 0 | G11: =SUMIFS(전체리스트!E:E,전체리스트!A:A,B11,전체리스트!C:C,D11) -> 17360 | H11: =G11*0.05 -> 868 | I11: =G11-H11 -> 16492
B12: 레진코믹스 | C12: =VLOOKUP(B12,raw_a,2,0) -> 12월분 | D12: 내 자기님이 로그인 하셨습니다 | E12: =SUMIFS(전체리스트!D:D,전체리스트!A:A,B12,전체리스트!C:C,D12) -> 14000 | F12: =E12-G12 -> 0 | G12: =SUMIFS(전체리스트!E:E,전체리스트!A:A,B12,전체리스트!C:C,D12) -> 14000 | H12: =G12*0.05 -> 700 | I12: =G12-H12 -> 13300
B13: 레진코믹스 | C13: =VLOOKUP(B13,raw_a,2,0) -> 12월분 | D13: 호랑이 장가 드는 날 | E13: =SUMIFS(전체리스트!D:D,전체리스트!A:A,B13,전체리스트!C:C,D13) -> 64200 | F13: =E13-G13 -> 0 | G13: =SUMIFS(전체리스트!E:E,전체리스트!A:A,B13,전체리스트!C:C,D13) -> 64200 | H13: =G13*0.05 -> 3210 | I13: =G13-H13 -> 60990
B14: 레진코믹스 | C14: =VLOOKUP(B14,raw_a,2,0) -> 12월분 | D14: 호랑이 장가 드는 날 [개정판] | E14: =SUMIFS(전체리스트!D:D,전체리스트!A:A,B14,전체리스트!C:C,D14) -> 17200 | F14: =E14-G14 -> 0 | G14: =SUMIFS(전체리스트!E:E,전체리스트!A:A,B14,전체리스트!C:C,D14) -> 17200 | H14: =G14*0.05 -> 860 | I14: =G14-H14 -> 16340
B15: 레진코믹스 | C15: =VLOOKUP(B15,raw_a,2,0) -> 12월분 | D15: 파쿠리인 내가 어시를 | E15: =SUMIFS(전체리스트!D:D,전체리스트!A:A,B15,전체리스트!C:C,D15) -> 9150 | F15: =E15-G15 -> 0 | G15: =SUMIFS(전체리스트!E:E,전체리스트!A:A,B15,전체리스트!C:C,D15) -> 9150 | H15: =G15*0.05 -> 457.5 | I15: =G15-H15 -> 8692.5
B16: 레진코믹스 | C16: =VLOOKUP(B16,raw_a,2,0) -> 12월분 | D16: 츤데레 흥신소 | E16: =SUMIFS(전체리스트!D:D,전체리스트!A:A,B16,전체리스트!C:C,D16) -> 9750 | F16: =E16-G16 -> 0 | G16: =SUMIFS(전체리스트!E:E,전체리스트!A:A,B16,전체리스트!C:C,D16) -> 9750 | H16: =G16*0.05 -> 487.5 | I16: =G16-H16 -> 9262.5
B17: 레진코믹스 | C17: =VLOOKUP(B17,raw_a,2,0) -> 12월분 | D17: 사랑할 수 없는 그녀 | E17: =SUMIFS(전체리스트!D:D,전체리스트!A:A,B17,전체리스트!C:C,D17) -> 426636 | F17: =E17-G17 -> 0 | G17: =SUMIFS(전체리스트!E:E,전체리스트!A:A,B17,전체리스트!C:C,D17) -> 426636 | H17: =G17*0.05 -> 21331.8 | I17: =G17-H17 -> 405304.2
... B54: 레진코믹스 | C54: =VLOOKUP(B54,raw_a,2,0) -> 12월분 | D54: 도군 [연재] | E54: =SUMIFS(전체리스트!D:D,전체리스트!A:A,B54,전체리스트!C:C,D54) -> 16296 | F54: =E54-G54 -> 0 | G54: =SUMIFS(전체리스트!E:E,전체리스트!A:A,B54,전체리스트!C:C,D54) -> 16296 | H54: =G54*0.05 -> 814.8 | I54: =G54-H54 -> 15481.2
B55: 합계 | E55: =SUM(E6:E54) -> 10858028 | F55: =SUM(F6:F54) -> 0 | G55: =SUM(G6:G54) -> 10858028 | H55: =SUM(H6:H54) -> 542901.4 | I55: =SUM(I6:I54) -> 10315127 | J55: =SUM(J6:J54) -> 0

Sheet 북큐브
B4: [RS 정산 기준]
B5: 사이트명 | C5: 매출월 | D5: 작품명 | E5: 소비자매출액 | F5: 유통사수수료 | G5: 스토리위즈매출액 | H5: 스토리위즈수익 | I5: 스토리숲 수익 | J5: 비고
B6: 북큐브 | C6: =VLOOKUP(B6,raw_a,2,0) -> 12월분 | D6: 거짓말, 뱀파이어가 어디 있어? | E6: =SUMIFS(전체리스트!D:D,전체리스트!A:A,B6,전체리스트!C:C,D6) -> 14800 | F6: =E6-G6 -> 4440 | G6: =SUMIFS(전체리스트!E:E,전체리스트!A:A,B6,전체리스트!C:C,D6) -> 10360 | H6: =G6*0.05 -> 518 | I6: =G6-H6 -> 9842
B7: 북큐브 | C7: =VLOOKUP(B7,raw_a,2,0) -> 12월분 | D7: 꿈꾸는 먹잇감 | E7: =SUMIFS(전체리스트!D:D,전체리스트!A:A,B7,전체리스트!C:C,D7) -> 7600 | F7: =E7-G7 -> 2280 | G7: =SUMIFS(전체리스트!E:E,전체리스트!A:A,B7,전체리스트!C:C,D7) -> 5320 | H7: =G7*0.05 -> 266 | I7: =G7-H7 -> 5054
B8: 북큐브 | C8: =VLOOKUP(B8,raw_a,2,0) -> 12월분 | D8: 꿰인 사이 | E8: =SUMIFS(전체리스트!D:D,전체리스트!A:A,B8,전체리스트!C:C,D8) -> 2200 | F8: =E8-G8 -> 660 | G8: =SUMIFS(전체리스트!E:E,전체리스트!A:A,B8,전체리스트!C:C,D8) -> 1540 | H8: =G8*0.05 -> 77 | I8: =G8-H8 -> 1463
B9: 북큐브 | C9: =VLOOKUP(B9,raw_a,2,0) -> 12월분 | D9: 네게 취한 날들 | E9: =SUMIFS(전체리스트!D:D,전체리스트!A:A,B9,전체리스트!C:C,D9) -> 49200 | F9: =E9-G9 -> 14760 | G9: =SUMIFS(전체리스트!E:E,전체리스트!A:A,B9,전체리스트!C:C,D9) -> 34440 | H9: =G9*0.05 -> 1722 | I9: =G9-H9 -> 32718
B10: 북큐브 | C10: =VLOOKUP(B10,raw_a,2,0) -> 12월분 | D10: 망나니 도련님 조교일지 | E10: =SUMIFS(전체리스트!D:D,전체리스트!A:A,B10,전체리스트!C:C,D10) -> 39300 | F10: =E10-G10 -> 11790 | G10: =SUMIFS(전체리스트!E:E,전체리스트!A:A,B10,전체리스트!C:C,D10) -> 27510 | H10: =G10*0.05 -> 1375.5 | I10: =G10-H10 -> 26134.5
B11: 북큐브 | C11: =VLOOKUP(B11,raw_a,2,0) -> 12월분 | D11: 사랑과 우정 사이에서[성인] | E11: =SUMIFS(전체리스트!D:D,전체리스트!A:A,B11,전체리스트!C:C,D11) -> 17100 | F11: =E11-G11 -> 5130 | G11: =SUMIFS(전체리스트!E:E,전체리스트!A:A,B11,전체리스트!C:C,D11) -> 11970 | H11: =G11*0.05 -> 598.5 | I11: =G11-H11 -> 11371.5
B12: 북큐브 | C12: =VLOOKUP(B12,raw_a,2,0) -> 12월분 | D12: 슬기로운 생활 | E12: =SUMIFS(전체리스트!D:D,전체리스트!A:A,B12,전체리스트!C:C,D12) -> 5800 | F12: =E12-G12 -> 1740 | G12: =SUMIFS(전체리스트!E:E,전체리스트!A:A,B12,전체리스트!C:C,D12) -> 4060 | H12: =G12*0.05 -> 203 | I12: =G12-H12 -> 3857
B13: 북큐브 | C13: =VLOOKUP(B13,raw_a,2,0) -> 12월분 | D13: 아랫집 웬수 | E13: =SUMIFS(전체리스트!D:D,전체리스트!A:A,B13,전체리스트!C:C,D13) -> 19200 | F13: =E13-G13 -> 5760 | G13: =SUMIFS(전체리스트!E:E,전체리스트!A:A,B13,전체리스트!C:C,D13) -> 13440 | H13: =G13*0.05 -> 672 | I13: =G13-H13 -> 12768
B14: 북큐브 | C14: =VLOOKUP(B14,raw_a,2,0) -> 12월분 | D14: 이혼신청 | E14: =SUMIFS(전체리스트!D:D,전체리스트!A:A,B14,전체리스트!C:C,D14) -> 272800 | F14: =E14-G14 -> 81840 | G14: =SUMIFS(전체리스트!E:E,전체리스트!A:A,B14,전체리스트!C:C,D14) -> 190960 | H14: =G14*0.05 -> 9548 | I14: =G14-H14 -> 181412
B15: 북큐브 | C15: =VLOOKUP(B15,raw_a,2,0) -> 12월분 | D15: 집착공의 인형놀이 | E15: =SUMIFS(전체리스트!D:D,전체리스트!A:A,B15,전체리스트!C:C,D15) -> 152500 | F15: =E15-G15 -> 45750 | G15: =SUMIFS(전체리스트!E:E,전체리스트!A:A,B15,전체리스트!C:C,D15) -> 106750 | H15: =G15*0.05 -> 5337.5 | I15: =G15-H15 -> 101412.5
B16: 북큐브 | C16: =VLOOKUP(B16,raw_a,2,0) -> 12월분 | D16: 한번 해볼래? | E16: =SUMIFS(전체리스트!D:D,전체리스트!A:A,B16,전체리스트!C:C,D16) -> 11400 | F16: =E16-G16 -> 3420 | G16: =SUMIFS(전체리스트!E:E,전체리스트!A:A,B16,전체리스트!C:C,D16) -> 7980 | H16: =G16*0.05 -> 399 | I16: =G16-H16 -> 7581
B17: 합계 | E17: =SUM(E6:E16) -> 591900 | F17: =SUM(F6:F16) -> 177570 | G17: =SUM(G6:G16) -> 414330 | H17: =SUM(H6:H16) -> 20716.5 | I17: =SUM(I6:I16) -> 393613.5 | J17: =SUM(J6:J16) -> 0

Sheet 탑툰
B4: [RS 정산 기준]
B5: 사이트명 | C5: 매출월 | D5: 작품명 | E5: 소비자매출액 | F5: 유통사수수료 | G5: 스토리위즈매출액 | H5: 스토리위즈수익 | I5: 스토리숲 수익 | J5: 비고
B6: 탑툰 | C6: =VLOOKUP(B6,raw_a,2,0) -> 11월분 | D6: 속도위반 대표님과 계약 아내 | E6: =SUMIFS(전체리스트!D:D,전체리스트!A:A,B6,전체리스트!C:C,D6) -> 395514 | F6: =E6-G6 -> 0 | G6: =SUMIFS(전체리스트!E:E,전체리스트!A:A,B6,전체리스트!C:C,D6) -> 395514 | H6: =G6*0.05 -> 19775.7 | I6: =G6-H6 -> 375738.3
B7: 탑툰 | C7: =VLOOKUP(B7,raw_a,2,0) -> 11월분 | D7: 사랑할 수 없는 그녀 | E7: =SUMIFS(전체리스트!D:D,전체리스트!A:A,B7,전체리스트!C:C,D7) -> 729 | F7: =E7-G7 -> 0 | G7: =SUMIFS(전체리스트!E:E,전체리스트!A:A,B7,전체리스트!C:C,D7) -> 729 | H7: =G7*0.05 -> 36.45 | I7: =G7-H7 -> 692.55
B8: 탑툰 | C8: =VLOOKUP(B8,raw_a,2,0) -> 11월분 | D8: 대표님의 삐뚤어진 사랑 | E8: =SUMIFS(전체리스트!D:D,전체리스트!A:A,B8,전체리스트!C:C,D8) -> 474759 | F8: =E8-G8 -> 0 | G8: =SUMIFS(전체리스트!E:E,전체리스트!A:A,B8,전체리스트!C:C,D8) -> 474759 | H8: =G8*0.05 -> 23737.95 | I8: =G8-H8 -> 451021.05
B9: 탑툰 | C9: =VLOOKUP(B9,raw_a,2,0) -> 11월분 | D9: 대표님, 사모님이 도망가요 | E9: =SUMIFS(전체리스트!D:D,전체리스트!A:A,B9,전체리스트!C:C,D9) -> 45846 | F9: =E9-G9 -> 0 | G9: =SUMIFS(전체리스트!E:E,전체리스트!A:A,B9,전체리스트!C:C,D9) -> 45846 | H9: =G9*0.05 -> 2292.3 | I9: =G9-H9 -> 43553.7
B10: 탑툰 | C10: =VLOOKUP(B10,raw_a,2,0) -> 11월분 | D10: 너에게만 음성인식 | E10: =SUMIFS(전체리스트!D:D,전체리스트!A:A,B10,전체리스트!C:C,D10) -> 14229 | F10: =E10-G10 -> 0 | G10: =SUMIFS(전체리스트!E:E,전체리스트!A:A,B10,전체리스트!C:C,D10) -> 14229 | H10: =G10*0.05 -> 711.45 | I10: =G10-H10 -> 13517.55
B11: 탑툰 | C11: =VLOOKUP(B11,raw_a,2,0) -> 11월분 | D11: 만지고 싶어 | E11: =SUMIFS(전체리스트!D:D,전체리스트!A:A,B11,전체리스트!C:C,D11) -> 23166 | F11: =E11-G11 -> 0 | G11: =SUMIFS(전체리스트!E:E,전체리스트!A:A,B11,전체리스트!C:C,D11) -> 23166 | H11: =G11*0.05 -> 1158.3 | I11: =G11-H11 -> 22007.7
B12: 탑툰 | C12: =VLOOKUP(B12,raw_a,2,0) -> 11월분 | D12: 레벨업에 미친 의사 | E12: =SUMIFS(전체리스트!D:D,전체리스트!A:A,B12,전체리스트!C:C,D12) -> 1753587 | F12: =E12-G12 -> 0 | G12: =SUMIFS(전체리스트!E:E,전체리스트!A:A,B12,전체리스트!C:C,D12) -> 1753587 | H12: =G12*0.05 -> 87679.35 | I12: =G12-H12 -> 1665907.6
B13: 탑툰 | C13: =VLOOKUP(B13,raw_a,2,0) -> 11월분 | D13: 전설 헌터로 키워지는 중입니다 | E13: =SUMIFS(전체리스트!D:D,전체리스트!A:A,B13,전체리스트!C:C,D13) -> 257976 | F13: =E13-G13 -> 0 | G13: =SUMIFS(전체리스트!E:E,전체리스트!A:A,B13,전체리스트!C:C,D13) -> 257976 | H13: =G13*0.05 -> 12898.8 | I13: =G13-H13 -> 245077.2
B14: 탑툰 | C14: =VLOOKUP(B14,raw_a,2,0) -> 11월분 | D14: 대표님, 오늘은 아니에요 | E14: =SUMIFS(전체리스트!D:D,전체리스트!A:A,B14,전체리스트!C:C,D14) -> 45572 | F14: =E14-G14 -> 0 | G14: =SUMIFS(전체리스트!E:E,전체리스트!A:A,B14,전체리스트!C:C,D14) -> 45572 | H14: =G14*0.05 -> 2278.6 | I14: =G14-H14 -> 43293.4
B15: 탑툰 | C15: =VLOOKUP(B15,raw_a,2,0) -> 11월분 | D15: 용의주도 대표님의 연애 게임 | E15: =SUMIFS(전체리스트!D:D,전체리스트!A:A,B15,전체리스트!C:C,D15) -> 20606 | F15: =E15-G15 -> 0 | G15: =SUMIFS(전체리스트!E:E,전체리스트!A:A,B15,전체리스트!C:C,D15) -> 20606 | H15: =G15*0.05 -> 1030.3 | I15: =G15-H15 -> 19575.7
B16: 탑툰 | C16: =VLOOKUP(B16,raw_a,2,0) -> 11월분 | D16: 호감도가 오르면 | E16: =SUMIFS(전체리스트!D:D,전체리스트!A:A,B16,전체리스트!C:C,D16) -> 56073 | F16: =E16-G16 -> 0 | G16: =SUMIFS(전체리스트!E:E,전체리스트!A:A,B16,전체리스트!C:C,D16) -> 56073 | H16: =G16*0.05 -> 2803.65 | I16: =G16-H16 -> 53269.35
B17: 탑툰 | C17: =VLOOKUP(B17,raw_a,2,0) -> 11월분 | D17: 용서해줘, 제자님 | E17: =SUMIFS(전체리스트!D:D,전체리스트!A:A,B17,전체리스트!C:C,D17) -> 143272 | F17: =E17-G17 -> 0 | G17: =SUMIFS(전체리스트!E:E,전체리스트!A:A,B17,전체리스트!C:C,D17) -> 143272 | H17: =G17*0.05 -> 7163.6 | I17: =G17-H17 -> 136108.4
... B23: 탑툰 | C23: =VLOOKUP(B23,raw_a,2,0) -> 11월분 | D23: 서녀공략 | E23: =SUMIFS(전체리스트!D:D,전체리스트!A:A,B23,전체리스트!C:C,D23) -> 5763 | F23: =E23-G23 -> 0 | G23: =SUMIFS(전체리스트!E:E,전체리스트!A:A,B23,전체리스트!C:C,D23) -> 5763 | H23: =G23*0.05 -> 288.15 | I23: =G23-H23 -> 5474.85
B24: 합계 | E24: =SUM(E6:E23) -> 3906249 | F24: =SUM(F6:F23) -> 0 | G24: =SUM(G6:G23) -> 3906249 | H24: =SUM(H6:H23) -> 195312.45 | I24: =SUM(I6:I23) -> 3710936.6 | J24: =SUM(J6:J23) -> 0

Sheet 봄툰
B4: [RS 정산 기준]
B5: 사이트명 | C5: 매출월 | D5: 작품명 | E5: 소비자매출액 | F5: 유통사수수료 | G5: 스토리위즈매출액 | H5: 스토리위즈수익 | I5: 스토리숲 수익 | J5: 비고
B6: 봄툰_유통1 | C6: =VLOOKUP(B6,raw_a,2,0) -> 10월분 | D6: 페티쉬 BL 단편선 | E6: =SUMIFS(전체리스트!D:D,전체리스트!A:A,B6,전체리스트!C:C,D6) -> 420 | F6: =E6-G6 -> 0 | G6: =SUMIFS(전체리스트!E:E,전체리스트!A:A,B6,전체리스트!C:C,D6) -> 420 | H6: =G6*0.05 -> 21 | I6: =G6-H6 -> 399
B7: 봄툰 | C7: =VLOOKUP(B7,raw_a,2,0) -> 11월분 | D7: 망나니 도련님 조교일지 | E7: =SUMIFS(전체리스트!D:D,전체리스트!A:A,B7,전체리스트!C:C,D7) -> 131339 | F7: =E7-G7 -> 0 | G7: =SUMIFS(전체리스트!E:E,전체리스트!A:A,B7,전체리스트!C:C,D7) -> 131339 | H7: =G7*0.05 -> 6566.95 | I7: =G7-H7 -> 124772.05
B8: 봄툰 | C8: =VLOOKUP(B8,raw_a,2,0) -> 11월분 | D8: 사랑할 수 없는 그녀 | E8: =SUMIFS(전체리스트!D:D,전체리스트!A:A,B8,전체리스트!C:C,D8) -> 62629 | F8: =E8-G8 -> 0 | G8: =SUMIFS(전체리스트!E:E,전체리스트!A:A,B8,전체리스트!C:C,D8) -> 62629 | H8: =G8*0.05 -> 3131.45 | I8: =G8-H8 -> 59497.55
B9: 봄툰 | C9: =VLOOKUP(B9,raw_a,2,0) -> 11월분 | D9: 슬기로운 생활(완결) | E9: =SUMIFS(전체리스트!D:D,전체리스트!A:A,B9,전체리스트!C:C,D9) -> 1890 | F9: =E9-G9 -> 0 | G9: =SUMIFS(전체리스트!E:E,전체리스트!A:A,B9,전체리스트!C:C,D9) -> 1890 | H9: =G9*0.05 -> 94.5 | I9: =G9-H9 -> 1795.5
B10: 봄툰 | C10: =VLOOKUP(B10,raw_a,2,0) -> 11월분 | D10: 아랫집 웬수 | E10: =SUMIFS(전체리스트!D:D,전체리스트!A:A,B10,전체리스트!C:C,D10) -> 23101 | F10: =E10-G10 -> 0 | G10: =SUMIFS(전체리스트!E:E,전체리스트!A:A,B10,전체리스트!C:C,D10) -> 23101 | H10: =G10*0.05 -> 1155.05 | I10: =G10-H10 -> 21945.95
B11: 봄툰 | C11: =VLOOKUP(B11,raw_a,2,0) -> 11월분 | D11: 악마와 나 사이에는 | E11: =SUMIFS(전체리스트!D:D,전체리스트!A:A,B11,전체리스트!C:C,D11) -> 227 | F11: =E11-G11 -> 0 | G11: =SUMIFS(전체리스트!E:E,전체리스트!A:A,B11,전체리스트!C:C,D11) -> 227 | H11: =G11*0.05 -> 11.35 | I11: =G11-H11 -> 215.65
B12: 봄툰 | C12: =VLOOKUP(B12,raw_a,2,0) -> 11월분 | D12: 옆집 최애 | E12: =SUMIFS(전체리스트!D:D,전체리스트!A:A,B12,전체리스트!C:C,D12) -> 8748 | F12: =E12-G12 -> 0 | G12: =SUMIFS(전체리스트!E:E,전체리스트!A:A,B12,전체리스트!C:C,D12) -> 8748 | H12: =G12*0.05 -> 437.4 | I12: =G12-H12 -> 8310.6
B13: 봄툰 | C13: =VLOOKUP(B13,raw_a,2,0) -> 11월분 | D13: 파쿠리인 내가 어시를?! | E13: =SUMIFS(전체리스트!D:D,전체리스트!A:A,B13,전체리스트!C:C,D13) -> 11081 | F13: =E13-G13 -> 0 | G13: =SUMIFS(전체리스트!E:E,전체리스트!A:A,B13,전체리스트!C:C,D13) -> 11081 | H13: =G13*0.05 -> 554.05 | I13: =G13-H13 -> 10526.95
B14: 봄툰 | C14: =VLOOKUP(B14,raw_a,2,0) -> 11월분 | D14: 페티쉬 BL 단편선 | E14: =SUMIFS(전체리스트!D:D,전체리스트!A:A,B14,전체리스트!C:C,D14) -> 15579 | F14: =E14-G14 -> 0 | G14: =SUMIFS(전체리스트!E:E,전체리스트!A:A,B14,전체리스트!C:C,D14) -> 15579 | H14: =G14*0.05 -> 778.95 | I14: =G14-H14 -> 14800.05
B15: 봄툰 | C15: =VLOOKUP(B15,raw_a,2,0) -> 11월분 | D15: 한집 두 살림 | E15: =SUMIFS(전체리스트!D:D,전체리스트!A:A,B15,전체리스트!C:C,D15) -> 8672 | F15: =E15-G15 -> 0 | G15: =SUMIFS(전체리스트!E:E,전체리스트!A:A,B15,전체리스트!C:C,D15) -> 8672 | H15: =G15*0.05 -> 433.6 | I15: =G15-H15 -> 8238.4
B16: 봄툰 | C16: =VLOOKUP(B16,raw_a,2,0) -> 11월분 | D16: 호랑이 장가드는 날 | E16: =SUMIFS(전체리스트!D:D,전체리스트!A:A,B16,전체리스트!C:C,D16) -> 18436 | F16: =E16-G16 -> 0 | G16: =SUMIFS(전체리스트!E:E,전체리스트!A:A,B16,전체리스트!C:C,D16) -> 18436 | H16: =G16*0.05 -> 921.8 | I16: =G16-H16 -> 17514.2
B17: 봄툰 | C17: =VLOOKUP(B17,raw_a,2,0) -> 11월분 | D17: 이혼신청 | E17: =SUMIFS(전체리스트!D:D,전체리스트!A:A,B17,전체리스트!C:C,D17) -> 990090 | F17: =E17-G17 -> 0 | G17: =SUMIFS(전체리스트!E:E,전체리스트!A:A,B17,전체리스트!C:C,D17) -> 990090 | H17: =G17*0.05 -> 49504.5 | I17: =G17-H17 -> 940585.5
... B47: 봄툰 | C47: =VLOOKUP(B47,raw_a,2,0) -> 11월분 | D47: 광속으로 레벨업 | E47: =SUMIFS(전체리스트!D:D,전체리스트!A:A,B47,전체리스트!C:C,D47) -> 324 | F47: =E47-G47 -> 0 | G47: =SUMIFS(전체리스트!E:E,전체리스트!A:A,B47,전체리스트!C:C,D47) -> 324 | H47: =G47*0.05 -> 16.2 | I47: =G47-H47 -> 307.8
B48: 합계 | E48: =SUM(E6:E47) -> 3324770 | F48: =SUM(F6:F47) -> 0 | G48: =SUM(G6:G47) -> 3324770 | H48: =SUM(H6:H47) -> 166238.5 | I48: =SUM(I6:I47) -> 3158531.5 | J48: =SUM(J6:J47) -> 0

Sheet 애니툰
B4: [RS 정산 기준]
B5: 사이트명 | C5: 매출월 | D5: 작품명 | E5: 소비자매출액 | F5: 유통사수수료 | G5: 스토리위즈매출액 | H5: 스토리위즈수익 | I5: 스토리숲 수익 | J5: 비고
B6: 애니툰 | C6: =VLOOKUP(B6,raw_a,2,0) -> 11월분 | D6: (GL) 한집 두 살림 [성인판] | E6: =SUMIFS(전체리스트!D:D,전체리스트!A:A,B6,전체리스트!C:C,D6) -> 7843.5 | F6: =E6-G6 -> 0 | G6: =SUMIFS(전체리스트!E:E,전체리스트!A:A,B6,전체리스트!C:C,D6) -> 7843.5 | H6: =G6*0.05 -> 392.175 | I6: =G6-H6 -> 7451.325
B7: 애니툰 | C7: =VLOOKUP(B7,raw_a,2,0) -> 11월분 | D7: (GL) 한집 두 살림 [일반판] | E7: =SUMIFS(전체리스트!D:D,전체리스트!A:A,B7,전체리스트!C:C,D7) -> 283.5 | F7: =E7-G7 -> 0 | G7: =SUMIFS(전체리스트!E:E,전체리스트!A:A,B7,전체리스트!C:C,D7) -> 283.5 | H7: =G7*0.05 -> 14.175 | I7: =G7-H7 -> 269.325
B8: 애니툰 | C8: =VLOOKUP(B8,raw_a,2,0) -> 11월분 | D8: 거짓말, 뱀파이어가 어디 있어? | E8: =SUMIFS(전체리스트!D:D,전체리스트!A:A,B8,전체리스트!C:C,D8) -> 5512.5 | F8: =E8-G8 -> 0 | G8: =SUMIFS(전체리스트!E:E,전체리스트!A:A,B8,전체리스트!C:C,D8) -> 5512.5 | H8: =G8*0.05 -> 275.625 | I8: =G8-H8 -> 5236.875
B9: 애니툰 | C9: =VLOOKUP(B9,raw_a,2,0) -> 11월분 | D9: 광속으로 레벨업 | E9: =SUMIFS(전체리스트!D:D,전체리스트!A:A,B9,전체리스트!C:C,D9) -> 7092.75 | F9: =E9-G9 -> 0 | G9: =SUMIFS(전체리스트!E:E,전체리스트!A:A,B9,전체리스트!C:C,D9) -> 7092.75 | H9: =G9*0.05 -> 354.6375 | I9: =G9-H9 -> 6738.1125
B10: 애니툰 | C10: =VLOOKUP(B10,raw_a,2,0) -> 11월분 | D10: 귀신 보는 급식은 퇴마 중입니다 | E10: =SUMIFS(전체리스트!D:D,전체리스트!A:A,B10,전체리스트!C:C,D10) -> 4509.75 | F10: =E10-G10 -> 0 | G10: =SUMIFS(전체리스트!E:E,전체리스트!A:A,B10,전체리스트!C:C,D10) -> 4509.75 | H10: =G10*0.05 -> 225.4875 | I10: =G10-H10 -> 4284.2625
B11: 애니툰 | C11: =VLOOKUP(B11,raw_a,2,0) -> 11월분 | D11: 꿈꾸는 먹잇감 | E11: =SUMIFS(전체리스트!D:D,전체리스트!A:A,B11,전체리스트!C:C,D11) -> 20469.75 | F11: =E11-G11 -> 0 | G11: =SUMIFS(전체리스트!E:E,전체리스트!A:A,B11,전체리스트!C:C,D11) -> 20469.75 | H11: =G11*0.05 -> 1023.4875 | I11: =G11-H11 -> 19446.263
B12: 애니툰 | C12: =VLOOKUP(B12,raw_a,2,0) -> 11월분 | D12: 꿰인 사이 | E12: =SUMIFS(전체리스트!D:D,전체리스트!A:A,B12,전체리스트!C:C,D12) -> 61094.25 | F12: =E12-G12 -> 0 | G12: =SUMIFS(전체리스트!E:E,전체리스트!A:A,B12,전체리스트!C:C,D12) -> 61094.25 | H12: =G12*0.05 -> 3054.7125 | I12: =G12-H12 -> 58039.537
B13: 애니툰 | C13: =VLOOKUP(B13,raw_a,2,0) -> 11월분 | D13: 내 자기님이 로그인 하셨습니다 | E13: =SUMIFS(전체리스트!D:D,전체리스트!A:A,B13,전체리스트!C:C,D13) -> 11560.5 | F13: =E13-G13 -> 0 | G13: =SUMIFS(전체리스트!E:E,전체리스트!A:A,B13,전체리스트!C:C,D13) -> 11560.5 | H13: =G13*0.05 -> 578.025 | I13: =G13-H13 -> 10982.475
B14: 애니툰 | C14: =VLOOKUP(B14,raw_a,2,0) -> 11월분 | D14: 너에게만 음성인식 | E14: =SUMIFS(전체리스트!D:D,전체리스트!A:A,B14,전체리스트!C:C,D14) -> 16185.75 | F14: =E14-G14 -> 0 | G14: =SUMIFS(전체리스트!E:E,전체리스트!A:A,B14,전체리스트!C:C,D14) -> 16185.75 | H14: =G14*0.05 -> 809.2875 | I14: =G14-H14 -> 15376.462
B15: 애니툰 | C15: =VLOOKUP(B15,raw_a,2,0) -> 11월분 | D15: 네게 취한 날들 | E15: =SUMIFS(전체리스트!D:D,전체리스트!A:A,B15,전체리스트!C:C,D15) -> 85548.75 | F15: =E15-G15 -> 0 | G15: =SUMIFS(전체리스트!E:E,전체리스트!A:A,B15,전체리스트!C:C,D15) -> 85548.75 | H15: =G15*0.05 -> 4277.4375 | I15: =G15-H15 -> 81271.312
B16: 애니툰 | C16: =VLOOKUP(B16,raw_a,2,0) -> 11월분 | D16: 대표님, 사모님이 도망가요 | E16: =SUMIFS(전체리스트!D:D,전체리스트!A:A,B16,전체리스트!C:C,D16) -> 334768.88 | F16: =E16-G16 -> 0 | G16: =SUMIFS(전체리스트!E:E,전체리스트!A:A,B16,전체리스트!C:C,D16) -> 334768.88 | H16: =G16*0.05 -> 16738.444 | I16: =G16-H16 -> 318030.43
B17: 애니툰 | C17: =VLOOKUP(B17,raw_a,2,0) -> 11월분 | D17: 대표님, 오늘은 아니에요 | E17: =SUMIFS(전체리스트!D:D,전체리스트!A:A,B17,전체리스트!C:C,D17) -> 81459 | F17: =E17-G17 -> 0 | G17: =SUMIFS(전체리스트!E:E,전체리스트!A:A,B17,전체리스트!C:C,D17) -> 81459 | H17: =G17*0.05 -> 4072.95 | I17: =G17-H17 -> 77386.05
... B91: 애니툰 | C91: =VLOOKUP(B91,raw_a,2,0) -> 11월분 | D91: ASP한번 해볼래? | E91: =SUMIFS(전체리스트!D:D,전체리스트!A:A,B91,전체리스트!C:C,D91) -> 1058 | F91: =E91-G91 -> 0 | G91: =SUMIFS(전체리스트!E:E,전체리스트!A:A,B91,전체리스트!C:C,D91) -> 1058 | H91: =G91*0.05 -> 52.9 | I91: =G91-H91 -> 1005.1
B92: 합계 | E92: =SUM(E6:E91) -> 4468128.6 | F92: =SUM(F6:F91) -> 0 | G92: =SUM(G6:G91) -> 4468128.6 | H92: =SUM(H6:H91) -> 223406.43 | I92: =SUM(I6:I91) -> 4244722.2 | J92: =SUM(J6:J91) -> 0

Sheet 코미코_한국
B4: [RS 정산 기준]
B5: 사이트명 | C5: 매출월 | D5: 작품명 | E5: 소비자매출액 | F5: 유통사수수료 | G5: 스토리위즈매출액 | H5: 스토리위즈수익 | I5: 스토리숲 수익 | J5: 비고
B6: 코미코_위즈덤 | C6: =VLOOKUP(B6,raw_a,2,0) -> 11월분 | D6: 내 자기님이 로그인 하셨습니다 | E6: =SUMIFS(전체리스트!D:D,전체리스트!A:A,B6,전체리스트!C:C,D6) -> 258318 | F6: =E6-G6 -> 0 | G6: =SUMIFS(전체리스트!E:E,전체리스트!A:A,B6,전체리스트!C:C,D6) -> 258318 | H6: =G6*0.05 -> 12915.9 | I6: =G6-H6 -> 245402.1
B7: 코미코코리아 | C7: =VLOOKUP(B7,raw_a,2,0) -> 12월분 | D7: 거짓말, 뱀파이어가 어디 있어? [완] | E7: =SUMIFS(전체리스트!D:D,전체리스트!A:A,B7,전체리스트!C:C,D7) -> 105100 | F7: =E7-G7 -> 51223 | G7: =SUMIFS(전체리스트!E:E,전체리스트!A:A,B7,전체리스트!C:C,D7) -> 53877 | H7: =G7*0.05 -> 2693.85 | I7: =G7-H7 -> 51183.15
B8: 코미코코리아 | C8: =VLOOKUP(B8,raw_a,2,0) -> 12월분 | D8: 광속으로 레벨업 | E8: =SUMIFS(전체리스트!D:D,전체리스트!A:A,B8,전체리스트!C:C,D8) -> 41800 | F8: =E8-G8 -> 17370 | G8: =SUMIFS(전체리스트!E:E,전체리스트!A:A,B8,전체리스트!C:C,D8) -> 24430 | H8: =G8*0.05 -> 1221.5 | I8: =G8-H8 -> 23208.5
B9: 코미코코리아 | C9: =VLOOKUP(B9,raw_a,2,0) -> 12월분 | D9: 귀신 보는 급식은 퇴마 중입니다 | E9: =SUMIFS(전체리스트!D:D,전체리스트!A:A,B9,전체리스트!C:C,D9) -> 600 | F9: =E9-G9 -> 306 | G9: =SUMIFS(전체리스트!E:E,전체리스트!A:A,B9,전체리스트!C:C,D9) -> 294 | H9: =G9*0.05 -> 14.7 | I9: =G9-H9 -> 279.3
B10: 코미코코리아 | C10: =VLOOKUP(B10,raw_a,2,0) -> 12월분 | D10: 꿈꾸는 먹잇감 | E10: =SUMIFS(전체리스트!D:D,전체리스트!A:A,B10,전체리스트!C:C,D10) -> 102400 | F10: =E10-G10 -> 46344 | G10: =SUMIFS(전체리스트!E:E,전체리스트!A:A,B10,전체리스트!C:C,D10) -> 56056 | H10: =G10*0.05 -> 2802.8 | I10: =G10-H10 -> 53253.2
B11: 코미코코리아 | C11: =VLOOKUP(B11,raw_a,2,0) -> 12월분 | D11: 꿰인 사이 | E11: =SUMIFS(전체리스트!D:D,전체리스트!A:A,B11,전체리스트!C:C,D11) -> 65100 | F11: =E11-G11 -> 37515 | G11: =SUMIFS(전체리스트!E:E,전체리스트!A:A,B11,전체리스트!C:C,D11) -> 27585 | H11: =G11*0.05 -> 1379.25 | I11: =G11-H11 -> 26205.75
B12: 코미코코리아 | C12: =VLOOKUP(B12,raw_a,2,0) -> 12월분 | D12: 너에게만 음성인식 | E12: =SUMIFS(전체리스트!D:D,전체리스트!A:A,B12,전체리스트!C:C,D12) -> 24200 | F12: =E12-G12 -> 13784 | G12: =SUMIFS(전체리스트!E:E,전체리스트!A:A,B12,전체리스트!C:C,D12) -> 10416 | H12: =G12*0.05 -> 520.8 | I12: =G12-H12 -> 9895.2
B13: 코미코코리아 | C13: =VLOOKUP(B13,raw_a,2,0) -> 12월분 | D13: 네게 취한 날들 | E13: =SUMIFS(전체리스트!D:D,전체리스트!A:A,B13,전체리스트!C:C,D13) -> 49400 | F13: =E13-G13 -> 17130 | G13: =SUMIFS(전체리스트!E:E,전체리스트!A:A,B13,전체리스트!C:C,D13) -> 32270 | H13: =G13*0.05 -> 1613.5 | I13: =G13-H13 -> 30656.5
B14: 코미코코리아 | C14: =VLOOKUP(B14,raw_a,2,0) -> 12월분 | D14: 대표님, 사모님이 도망가요 | E14: =SUMIFS(전체리스트!D:D,전체리스트!A:A,B14,전체리스트!C:C,D14) -> 88400 | F14: =E14-G14 -> 51185 | G14: =SUMIFS(전체리스트!E:E,전체리스트!A:A,B14,전체리스트!C:C,D14) -> 37215 | H14: =G14*0.05 -> 1860.75 | I14: =G14-H14 -> 35354.25
B15: 코미코코리아 | C15: =VLOOKUP(B15,raw_a,2,0) -> 12월분 | D15: 대표님, 오늘은 아니에요 | E15: =SUMIFS(전체리스트!D:D,전체리스트!A:A,B15,전체리스트!C:C,D15) -> 485200 | F15: =E15-G15 -> 209148 | G15: =SUMIFS(전체리스트!E:E,전체리스트!A:A,B15,전체리스트!C:C,D15) -> 276052 | H15: =G15*0.05 -> 13802.6 | I15: =G15-H15 -> 262249.4
B16: 코미코코리아 | C16: =VLOOKUP(B16,raw_a,2,0) -> 12월분 | D16: 대표님의 삐뚤어진 사랑 | E16: =SUMIFS(전체리스트!D:D,전체리스트!A:A,B16,전체리스트!C:C,D16) -> 367300 | F16: =E16-G16 -> 198526 | G16: =SUMIFS(전체리스트!E:E,전체리스트!A:A,B16,전체리스트!C:C,D16) -> 168774 | H16: =G16*0.05 -> 8438.7 | I16: =G16-H16 -> 160335.3
B17: 코미코코리아 | C17: =VLOOKUP(B17,raw_a,2,0) -> 12월분 | D17: 레벨업에 미친 의사 | E17: =SUMIFS(전체리스트!D:D,전체리스트!A:A,B17,전체리스트!C:C,D17) -> 10800 | F17: =E17-G17 -> 4962 | G17: =SUMIFS(전체리스트!E:E,전체리스트!A:A,B17,전체리스트!C:C,D17) -> 5838 | H17: =G17*0.05 -> 291.9 | I17: =G17-H17 -> 5546.1
... B42: 코미코코리아 | C42: =VLOOKUP(B42,raw_a,2,0) -> 12월분 | D42: 호랑이 장가드는 날 [개정판] | E42: =SUMIFS(전체리스트!D:D,전체리스트!A:A,B42,전체리스트!C:C,D42) -> 1200 | F42: =E42-G42 -> 660 | G42: =SUMIFS(전체리스트!E:E,전체리스트!A:A,B42,전체리스트!C:C,D42) -> 540 | H42: =G42*0.05 -> 27 | I42: =G42-H42 -> 513
B43: 합계 | E43: =SUM(E6:E42) -> 3928418 | F43: =SUM(F6:F42) -> 1809202 | G43: =SUM(G6:G42) -> 2119216 | H43: =SUM(H6:H42) -> 105960.8 | I43: =SUM(I6:I42) -> 2013255.2 | J43: =SUM(J6:J42) -> 0

Sheet 조아라
B4: [RS 정산 기준]
B5: 사이트명 | C5: 매출월 | D5: 작품명 | E5: 소비자매출액 | F5: 유통사수수료 | G5: 스토리위즈매출액 | H5: 스토리위즈수익 | I5: 스토리숲 수익 | J5: 비고
B6: 조아라 | C6: =VLOOKUP(B6,raw_a,2,0) -> 12월분 | D6: 꿈꾸는 먹잇감 | E6: =SUMIFS(전체리스트!D:D,전체리스트!A:A,B6,전체리스트!C:C,D6) -> 800 | F6: =E6-G6 -> 272 | G6: =SUMIFS(전체리스트!E:E,전체리스트!A:A,B6,전체리스트!C:C,D6) -> 528 | H6: =G6*0.05 -> 26.4 | I6: =G6-H6 -> 501.6
B7: 조아라 | C7: =VLOOKUP(B7,raw_a,2,0) -> 12월분 | D7: 꿰인 사이 | E7: =SUMIFS(전체리스트!D:D,전체리스트!A:A,B7,전체리스트!C:C,D7) -> 9300 | F7: =E7-G7 -> 3162 | G7: =SUMIFS(전체리스트!E:E,전체리스트!A:A,B7,전체리스트!C:C,D7) -> 6138 | H7: =G7*0.05 -> 306.9 | I7: =G7-H7 -> 5831.1
B8: 조아라 | C8: =VLOOKUP(B8,raw_a,2,0) -> 12월분 | D8: 네게 취한 날들 | E8: =SUMIFS(전체리스트!D:D,전체리스트!A:A,B8,전체리스트!C:C,D8) -> 32000 | F8: =E8-G8 -> 10880 | G8: =SUMIFS(전체리스트!E:E,전체리스트!A:A,B8,전체리스트!C:C,D8) -> 21120 | H8: =G8*0.05 -> 1056 | I8: =G8-H8 -> 20064
B9: 조아라 | C9: =VLOOKUP(B9,raw_a,2,0) -> 12월분 | D9: 대표님, 오늘은 아니에요 | E9: =SUMIFS(전체리스트!D:D,전체리스트!A:A,B9,전체리스트!C:C,D9) -> 5200 | F9: =E9-G9 -> 1768 | G9: =SUMIFS(전체리스트!E:E,전체리스트!A:A,B9,전체리스트!C:C,D9) -> 3432 | H9: =G9*0.05 -> 171.6 | I9: =G9-H9 -> 3260.4
B10: 조아라 | C10: =VLOOKUP(B10,raw_a,2,0) -> 12월분 | D10: 레벨업에 미친 의사 | E10: =SUMIFS(전체리스트!D:D,전체리스트!A:A,B10,전체리스트!C:C,D10) -> 209200 | F10: =E10-G10 -> 71128 | G10: =SUMIFS(전체리스트!E:E,전체리스트!A:A,B10,전체리스트!C:C,D10) -> 138072 | H10: =G10*0.05 -> 6903.6 | I10: =G10-H10 -> 131168.4
B11: 조아라 | C11: =VLOOKUP(B11,raw_a,2,0) -> 12월분 | D11: 마녀 따위 안 할래요 | E11: =SUMIFS(전체리스트!D:D,전체리스트!A:A,B11,전체리스트!C:C,D11) -> 600 | F11: =E11-G11 -> 204 | G11: =SUMIFS(전체리스트!E:E,전체리스트!A:A,B11,전체리스트!C:C,D11) -> 396 | H11: =G11*0.05 -> 19.8 | I11: =G11-H11 -> 376.2
B12: 조아라 | C12: =VLOOKUP(B12,raw_a,2,0) -> 12월분 | D12: 속도위반 대표님과 계약 아내 | E12: =SUMIFS(전체리스트!D:D,전체리스트!A:A,B12,전체리스트!C:C,D12) -> 3200 | F12: =E12-G12 -> 1088 | G12: =SUMIFS(전체리스트!E:E,전체리스트!A:A,B12,전체리스트!C:C,D12) -> 2112 | H12: =G12*0.05 -> 105.6 | I12: =G12-H12 -> 2006.4
B13: 조아라 | C13: =VLOOKUP(B13,raw_a,2,0) -> 12월분 | D13: 아랫집 웬수 | E13: =SUMIFS(전체리스트!D:D,전체리스트!A:A,B13,전체리스트!C:C,D13) -> 600 | F13: =E13-G13 -> 204 | G13: =SUMIFS(전체리스트!E:E,전체리스트!A:A,B13,전체리스트!C:C,D13) -> 396 | H13: =G13*0.05 -> 19.8 | I13: =G13-H13 -> 376.2
B14: 조아라 | C14: =VLOOKUP(B14,raw_a,2,0) -> 12월분 | D14: 이혼신청 | E14: =SUMIFS(전체리스트!D:D,전체리스트!A:A,B14,전체리스트!C:C,D14) -> 264400 | F14: =E14-G14 -> 89896 | G14: =SUMIFS(전체리스트!E:E,전체리스트!A:A,B14,전체리스트!C:C,D14) -> 174504 | H14: =G14*0.05 -> 8725.2 | I14: =G14-H14 -> 165778.8
B15: 조아라 | C15: =VLOOKUP(B15,raw_a,2,0) -> 12월분 | D15: 전설 헌터로 키워지는 중입니다 | E15: =SUMIFS(전체리스트!D:D,전체리스트!A:A,B15,전체리스트!C:C,D15) -> 4400 | F15: =E15-G15 -> 1496 | G15: =SUMIFS(전체리스트!E:E,전체리스트!A:A,B15,전체리스트!C:C,D15) -> 2904 | H15: =G15*0.05 -> 145.2 | I15: =G15-H15 -> 2758.8
B16: 조아라 | C16: =VLOOKUP(B16,raw_a,2,0) -> 12월분 | D16: 한집 두 살림 | E16: =SUMIFS(전체리스트!D:D,전체리스트!A:A,B16,전체리스트!C:C,D16) -> 600 | F16: =E16-G16 -> 204 | G16: =SUMIFS(전체리스트!E:E,전체리스트!A:A,B16,전체리스트!C:C,D16) -> 396 | H16: =G16*0.05 -> 19.8 | I16: =G16-H16 -> 376.2
B17: 합계 | E17: =SUM(E6:E16) -> 530300 | F17: =SUM(F6:F16) -> 180302 | G17: =SUM(G6:G16) -> 349998 | H17: =SUM(H6:H16) -> 17499.9 | I17: =SUM(I6:I16) -> 332498.1 | J17: =SUM(J6:J16) -> 0

Sheet 포켓코믹스
B4: [RS 정산 기준]
B5: 사이트명 | C5: 매출월 | D5: 작품명 | E5: 소비자매출액 | F5: 유통사수수료 | G5: 스토리위즈매출액 | H5: 스토리위즈수익 | I5: 스토리숲 수익 | J5: 비고
B6: 포켓코믹스 | C6: =VLOOKUP(B6,raw_a,2,0) -> 11월분 | D6: 내 자기님이 로그인 하셨습니다 | E6: =SUMIFS(전체리스트!D:D,전체리스트!A:A,B6,전체리스트!C:C,D6) -> 398304 | F6: =E6-G6 -> 0 | G6: =SUMIFS(전체리스트!E:E,전체리스트!A:A,B6,전체리스트!C:C,D6) -> 398304 | H6: =G6*0.05 -> 19915.2 | I6: =G6-H6 -> 378388.8
B7: 포켓코믹스 | C7: =VLOOKUP(B7,raw_a,2,0) -> 11월분 | D7: 사랑과 우정 사이에서 | E7: =SUMIFS(전체리스트!D:D,전체리스트!A:A,B7,전체리스트!C:C,D7) -> 37717 | F7: =E7-G7 -> 0 | G7: =SUMIFS(전체리스트!E:E,전체리스트!A:A,B7,전체리스트!C:C,D7) -> 37717 | H7: =G7*0.05 -> 1885.85 | I7: =G7-H7 -> 35831.15
B8: 포켓코믹스 | C8: =VLOOKUP(B8,raw_a,2,0) -> 11월분 | D8: 사랑과 우정사이에서 | E8: =SUMIFS(전체리스트!D:D,전체리스트!A:A,B8,전체리스트!C:C,D8) -> 132020 | F8: =E8-G8 -> 0 | G8: =SUMIFS(전체리스트!E:E,전체리스트!A:A,B8,전체리스트!C:C,D8) -> 132020 | H8: =G8*0.05 -> 6601 | I8: =G8-H8 -> 125419
B9: 포켓코믹스 | C9: =VLOOKUP(B9,raw_a,2,0) -> 11월분 | D9: 아랫집 웬수 | E9: =SUMIFS(전체리스트!D:D,전체리스트!A:A,B9,전체리스트!C:C,D9) -> 41555 | F9: =E9-G9 -> 0 | G9: =SUMIFS(전체리스트!E:E,전체리스트!A:A,B9,전체리스트!C:C,D9) -> 41555 | H9: =G9*0.05 -> 2077.75 | I9: =G9-H9 -> 39477.25
B10: 포켓코믹스 | C10: =VLOOKUP(B10,raw_a,2,0) -> 11월분 | D10: 옆집 최애 | E10: =SUMIFS(전체리스트!D:D,전체리스트!A:A,B10,전체리스트!C:C,D10) -> 134591 | F10: =E10-G10 -> 0 | G10: =SUMIFS(전체리스트!E:E,전체리스트!A:A,B10,전체리스트!C:C,D10) -> 134591 | H10: =G10*0.05 -> 6729.55 | I10: =G10-H10 -> 127861.45
B11: 포켓코믹스 | C11: =VLOOKUP(B11,raw_a,2,0) -> 11월분 | D11: 한 번만 부탁해 | E11: =SUMIFS(전체리스트!D:D,전체리스트!A:A,B11,전체리스트!C:C,D11) -> 75869 | F11: =E11-G11 -> 0 | G11: =SUMIFS(전체리스트!E:E,전체리스트!A:A,B11,전체리스트!C:C,D11) -> 75869 | H11: =G11*0.05 -> 3793.45 | I11: =G11-H11 -> 72075.55
B12: 합계 | E12: =SUM(E6:E11) -> 820056 | F12: =SUM(F6:F11) -> 0 | G12: =SUM(G6:G11) -> 820056 | H12: =SUM(H6:H11) -> 41002.8 | I12: =SUM(I6:I11) -> 779053.2 | J12: =SUM(J6:J9) -> 0

Sheet 리디북스
B4: [RS 정산 기준]
B5: 사이트명 | C5: 매출월 | D5: 작품명 | E5: 소비자매출액 | F5: 유통사수수료 | G5: 스토리위즈매출액 | H5: 스토리위즈수익 | I5: 스토리숲 수익 | J5: 비고
B6: 리디북스 | C6: =VLOOKUP(B6,raw_a,2,0) -> 11월분 | D6: [e북]사랑과 우정 사이에서 | E6: =SUMIFS(전체리스트!D:D,전체리스트!A:A,B6,전체리스트!C:C,D6) -> 36902.46 | F6: =E6-G6 -> 0 | G6: =SUMIFS(전체리스트!E:E,전체리스트!A:A,B6,전체리스트!C:C,D6) -> 36902.46 | H6: =G6*0.05 -> 1845.123 | I6: =G6-H6 -> 35057.337
B7: 리디북스 | C7: =VLOOKUP(B7,raw_a,2,0) -> 11월분 | D7: 거짓말, 뱀파이어가 어디 있어? | E7: =SUMIFS(전체리스트!D:D,전체리스트!A:A,B7,전체리스트!C:C,D7) -> 10134.88 | F7: =E7-G7 -> 0 | G7: =SUMIFS(전체리스트!E:E,전체리스트!A:A,B7,전체리스트!C:C,D7) -> 10134.88 | H7: =G7*0.05 -> 506.744 | I7: =G7-H7 -> 9628.136
B8: 리디북스 | C8: =VLOOKUP(B8,raw_a,2,0) -> 11월분 | D8: 광속으로 레벨업 | E8: =SUMIFS(전체리스트!D:D,전체리스트!A:A,B8,전체리스트!C:C,D8) -> 5432 | F8: =E8-G8 -> 0 | G8: =SUMIFS(전체리스트!E:E,전체리스트!A:A,B8,전체리스트!C:C,D8) -> 5432 | H8: =G8*0.05 -> 271.6 | I8: =G8-H8 -> 5160.4
B9: 리디북스 | C9: =VLOOKUP(B9,raw_a,2,0) -> 11월분 | D9: 귀신 보는 급식은 퇴마중입니다 | E9: =SUMIFS(전체리스트!D:D,전체리스트!A:A,B9,전체리스트!C:C,D9) -> 2380 | F9: =E9-G9 -> 0 | G9: =SUMIFS(전체리스트!E:E,전체리스트!A:A,B9,전체리스트!C:C,D9) -> 2380 | H9: =G9*0.05 -> 119 | I9: =G9-H9 -> 2261
B10: 리디북스 | C10: =VLOOKUP(B10,raw_a,2,0) -> 11월분 | D10: 꿈꾸는 먹잇감 | E10: =SUMIFS(전체리스트!D:D,전체리스트!A:A,B10,전체리스트!C:C,D10) -> 249729.77 | F10: =E10-G10 -> 0 | G10: =SUMIFS(전체리스트!E:E,전체리스트!A:A,B10,전체리스트!C:C,D10) -> 249729.77 | H10: =G10*0.05 -> 12486.488 | I10: =G10-H10 -> 237243.28
B11: 리디북스 | C11: =VLOOKUP(B11,raw_a,2,0) -> 11월분 | D11: 꿰인 사이 | E11: =SUMIFS(전체리스트!D:D,전체리스트!A:A,B11,전체리스트!C:C,D11) -> 39793.6 | F11: =E11-G11 -> 0 | G11: =SUMIFS(전체리스트!E:E,전체리스트!A:A,B11,전체리스트!C:C,D11) -> 39793.6 | H11: =G11*0.05 -> 1989.68 | I11: =G11-H11 -> 37803.92
B12: 리디북스 | C12: =VLOOKUP(B12,raw_a,2,0) -> 11월분 | D12: 너에게만 음성인식 | E12: =SUMIFS(전체리스트!D:D,전체리스트!A:A,B12,전체리스트!C:C,D12) -> 15820 | F12: =E12-G12 -> 0 | G12: =SUMIFS(전체리스트!E:E,전체리스트!A:A,B12,전체리스트!C:C,D12) -> 15820 | H12: =G12*0.05 -> 791 | I12: =G12-H12 -> 15029
B13: 리디북스 | C13: =VLOOKUP(B13,raw_a,2,0) -> 11월분 | D13: 네게 취한 날들 | E13: =SUMIFS(전체리스트!D:D,전체리스트!A:A,B13,전체리스트!C:C,D13) -> 338640.68 | F13: =E13-G13 -> 0 | G13: =SUMIFS(전체리스트!E:E,전체리스트!A:A,B13,전체리스트!C:C,D13) -> 338640.68 | H13: =G13*0.05 -> 16932.034 | I13: =G13-H13 -> 321708.65
B14: 리디북스 | C14: =VLOOKUP(B14,raw_a,2,0) -> 11월분 | D14: 대표님, 사모님이 도망가요 | E14: =SUMIFS(전체리스트!D:D,전체리스트!A:A,B14,전체리스트!C:C,D14) -> 108210.48 | F14: =E14-G14 -> 0 | G14: =SUMIFS(전체리스트!E:E,전체리스트!A:A,B14,전체리스트!C:C,D14) -> 108210.48 | H14: =G14*0.05 -> 5410.524 | I14: =G14-H14 -> 102799.96
B15: 리디북스 | C15: =VLOOKUP(B15,raw_a,2,0) -> 11월분 | D15: 대표님, 오늘은 아니에요 | E15: =SUMIFS(전체리스트!D:D,전체리스트!A:A,B15,전체리스트!C:C,D15) -> 168669.2 | F15: =E15-G15 -> 0 | G15: =SUMIFS(전체리스트!E:E,전체리스트!A:A,B15,전체리스트!C:C,D15) -> 168669.2 | H15: =G15*0.05 -> 8433.46 | I15: =G15-H15 -> 160235.74
B16: 리디북스 | C16: =VLOOKUP(B16,raw_a,2,0) -> 11월분 | D16: 대표님의 삐뚤어진 사랑 | E16: =SUMIFS(전체리스트!D:D,전체리스트!A:A,B16,전체리스트!C:C,D16) -> 1928081.4 | F16: =E16-G16 -> 0 | G16: =SUMIFS(전체리스트!E:E,전체리스트!A:A,B16,전체리스트!C:C,D16) -> 1928081.4 | H16: =G16*0.05 -> 96404.068 | I16: =G16-H16 -> 1831677.3
B17: 리디북스 | C17: =VLOOKUP(B17,raw_a,2,0) -> 11월분 | D17: 레벨업에 미친 의사 | E17: =SUMIFS(전체리스트!D:D,전체리스트!A:A,B17,전체리스트!C:C,D17) -> 12180 | F17: =E17-G17 -> 0 | G17: =SUMIFS(전체리스트!E:E,전체리스트!A:A,B17,전체리스트!C:C,D17) -> 12180 | H17: =G17*0.05 -> 609 | I17: =G17-H17 -> 11571
... B45: 리디북스 | C45: =VLOOKUP(B45,raw_a,2,0) -> 11월분 | D45: 집착공의 인형놀이 | E45: =SUMIFS(전체리스트!D:D,전체리스트!A:A,B45,전체리스트!C:C,D45) -> 1182681.3 | F45: =E45-G45 -> 0 | G45: =SUMIFS(전체리스트!E:E,전체리스트!A:A,B45,전체리스트!C:C,D45) -> 1182681.3 | H45: =G45*0.05 -> 59134.066 | I45: =G45-H45 -> 1123547.2
B46: 리디북스 | C46: =VLOOKUP(B46,raw_a,2,0) -> 11월분 | D46: 초월진화 | E46: =SUMIFS(전체리스트!D:D,전체리스트!A:A,B46,전체리스트!C:C,D46) -> 140 | F46: =E46-G46 -> 0 | G46: =SUMIFS(전체리스트!E:E,전체리스트!A:A,B46,전체리스트!C:C,D46) -> 140 | H46: =G46*0.05 -> 7 | I46: =G46-H46 -> 133 | P46: ㅅ
B47: 리디북스 | C47: =VLOOKUP(B47,raw_a,2,0) -> 11월분 | D47: 츤데레 흥신소 | E47: =SUMIFS(전체리스트!D:D,전체리스트!A:A,B47,전체리스트!C:C,D47) -> 560 | F47: =E47-G47 -> 0 | G47: =SUMIFS(전체리스트!E:E,전체리스트!A:A,B47,전체리스트!C:C,D47) -> 560 | H47: =G47*0.05 -> 28 | I47: =G47-H47 -> 532
B48: 리디북스 | C48: =VLOOKUP(B48,raw_a,2,0) -> 11월분 | D48: 탑배우의 이중생활 | E48: =SUMIFS(전체리스트!D:D,전체리스트!A:A,B48,전체리스트!C:C,D48) -> 4670.4 | F48: =E48-G48 -> 0 | G48: =SUMIFS(전체리스트!E:E,전체리스트!A:A,B48,전체리스트!C:C,D48) -> 4670.4 | H48: =G48*0.05 -> 233.52 | I48: =G48-H48 -> 4436.88
B49: 리디북스 | C49: =VLOOKUP(B49,raw_a,2,0) -> 11월분 | D49: 학사신공 | E49: =SUMIFS(전체리스트!D:D,전체리스트!A:A,B49,전체리스트!C:C,D49) -> 140 | F49: =E49-G49 -> 0 | G49: =SUMIFS(전체리스트!E:E,전체리스트!A:A,B49,전체리스트!C:C,D49) -> 140 | H49: =G49*0.05 -> 7 | I49: =G49-H49 -> 133
B50: 리디북스 | C50: =VLOOKUP(B50,raw_a,2,0) -> 11월분 | D50: 한 번만 부탁해! | E50: =SUMIFS(전체리스트!D:D,전체리스트!A:A,B50,전체리스트!C:C,D50) -> 2116.8 | F50: =E50-G50 -> 0 | G50: =SUMIFS(전체리스트!E:E,전체리스트!A:A,B50,전체리스트!C:C,D50) -> 2116.8 | H50: =G50*0.05 -> 105.84 | I50: =G50-H50 -> 2010.96
B51: 리디북스 | C51: =VLOOKUP(B51,raw_a,2,0) -> 11월분 | D51: 한번 해볼래? | E51: =SUMIFS(전체리스트!D:D,전체리스트!A:A,B51,전체리스트!C:C,D51) -> 118598.94 | F51: =E51-G51 -> 0 | G51: =SUMIFS(전체리스트!E:E,전체리스트!A:A,B51,전체리스트!C:C,D51) -> 118598.94 | H51: =G51*0.05 -> 5929.947 | I51: =G51-H51 -> 112668.99
B52: 리디북스 | C52: =VLOOKUP(B52,raw_a,2,0) -> 11월분 | D52: 한집 두 살림 | E52: =SUMIFS(전체리스트!D:D,전체리스트!A:A,B52,전체리스트!C:C,D52) -> 9794.4 | F52: =E52-G52 -> 0 | G52: =SUMIFS(전체리스트!E:E,전체리스트!A:A,B52,전체리스트!C:C,D52) -> 9794.4 | H52: =G52*0.05 -> 489.72 | I52: =G52-H52 -> 9304.68
B53: 리디북스 | C53: =VLOOKUP(B53,raw_a,2,0) -> 11월분 | D53: 한집 두 살림(개정판) | E53: =SUMIFS(전체리스트!D:D,전체리스트!A:A,B53,전체리스트!C:C,D53) -> 210 | F53: =E53-G53 -> 0 | G53: =SUMIFS(전체리스트!E:E,전체리스트!A:A,B53,전체리스트!C:C,D53) -> 210 | H53: =G53*0.05 -> 10.5 | I53: =G53-H53 -> 199.5
B54: 리디북스 | C54: =VLOOKUP(B54,raw_a,2,0) -> 11월분 | D54: 호감도가 오르면 | E54: =SUMIFS(전체리스트!D:D,전체리스트!A:A,B54,전체리스트!C:C,D54) -> 140 | F54: =E54-G54 -> 0 | G54: =SUMIFS(전체리스트!E:E,전체리스트!A:A,B54,전체리스트!C:C,D54) -> 140 | H54: =G54*0.05 -> 7 | I54: =G54-H54 -> 133
B55: 리디북스 | C55: =VLOOKUP(B55,raw_a,2,0) -> 11월분 | D55: 호랑이 장가드는 날 | E55: =SUMIFS(전체리스트!D:D,전체리스트!A:A,B55,전체리스트!C:C,D55) -> 8419.33 | F55: =E55-G55 -> 0 | G55: =SUMIFS(전체리스트!E:E,전체리스트!A:A,B55,전체리스트!C:C,D55) -> 8419.33 | H55: =G55*0.05 -> 420.9665 | I55: =G55-H55 -> 7998.3635
B56: 리디북스 | C56: =VLOOKUP(B56,raw_a,2,0) -> 11월분 | D56: 호랑이 장가드는 날 [개정판] | E56: =SUMIFS(전체리스트!D:D,전체리스트!A:A,B56,전체리스트!C:C,D56) -> 27804 | F56: =E56-G56 -> 0 | G56: =SUMIFS(전체리스트!E:E,전체리스트!A:A,B56,전체리스트!C:C,D56) -> 27804 | H56: =G56*0.05 -> 1390.2 | I56: =G56-H56 -> 26413.8
B57: 합계 | E57: =SUM(E6:E56) -> 6568466 | F57: =SUM(F6:F56) -> 0 | G57: =SUM(G6:G56) -> 6568466 | H57: =SUM(H6:H56) -> 328423.3 | I57: =SUM(I6:I56) -> 6240042.7 | J57: =SUM(J6:J56) -> 0

Sheet 위코믹스_태국
G3: 3개월 평균
B4: [RS 정산 기준] | F4: 환율(USD) | G4: =VLOOKUP(B6,raw_a,6,0) -> 1368.3
B5: 사이트명 | C5: 매출월 | D5: 작품명 | E5: 소비자매출액 | F5: 유통사수수료 | G5: 스토리위즈매출액 | H5: 스토리위즈수익 | I5: 스토리숲 수익 | J5: 비고
B6: 위코믹스 | C6: =VLOOKUP(B6,raw_a,2,0) -> 11월분 | D6: 츤데레 흥신소 | E6: =SUMIFS(전체리스트!D:D,전체리스트!A:A,B6,전체리스트!C:C,D6) -> 3.16 | G6: =SUMIFS(전체리스트!E:E,전체리스트!A:A,B6,전체리스트!C:C,D6) -> 4323.828 | H6: =G6*0.05 -> 216.1914 | I6: =G6-H6 -> 4107.6366
B7: 위코믹스 | C7: =VLOOKUP(B7,raw_a,2,0) -> 11월분 | D7: 탑배우의 이중생활 | E7: =SUMIFS(전체리스트!D:D,전체리스트!A:A,B7,전체리스트!C:C,D7) -> 2.5 | G7: =SUMIFS(전체리스트!E:E,전체리스트!A:A,B7,전체리스트!C:C,D7) -> 3420.75 | H7: =G7*0.05 -> 171.0375 | I7: =G7-H7 -> 3249.7125
B8: 위코믹스 | C8: =VLOOKUP(B8,raw_a,2,0) -> 11월분 | D8: 한 집 두 살림 | E8: =SUMIFS(전체리스트!D:D,전체리스트!A:A,B8,전체리스트!C:C,D8) -> 10.86 | G8: =SUMIFS(전체리스트!E:E,전체리스트!A:A,B8,전체리스트!C:C,D8) -> 14859.738 | H8: =G8*0.05 -> 742.9869 | I8: =G8-H8 -> 14116.751
B9: 위코믹스 | C9: =VLOOKUP(B9,raw_a,2,0) -> 11월분 | D9: 슬기로운 생활 | E9: =SUMIFS(전체리스트!D:D,전체리스트!A:A,B9,전체리스트!C:C,D9) -> 6.52 | G9: =SUMIFS(전체리스트!E:E,전체리스트!A:A,B9,전체리스트!C:C,D9) -> 8921.316 | H9: =G9*0.05 -> 446.0658 | I9: =G9-H9 -> 8475.2502
B10: 위코믹스 | C10: =VLOOKUP(B10,raw_a,2,0) -> 11월분 | D10: 원고를 주세요! | E10: =SUMIFS(전체리스트!D:D,전체리스트!A:A,B10,전체리스트!C:C,D10) -> 1.92 | G10: =SUMIFS(전체리스트!E:E,전체리스트!A:A,B10,전체리스트!C:C,D10) -> 2627.136 | H10: =G10*0.05 -> 131.3568 | I10: =G10-H10 -> 2495.7792
B11: 위코믹스 | C11: =VLOOKUP(B11,raw_a,2,0) -> 11월분 | D11: 아랫집 웬수 | E11: =SUMIFS(전체리스트!D:D,전체리스트!A:A,B11,전체리스트!C:C,D11) -> 12.32 | G11: =SUMIFS(전체리스트!E:E,전체리스트!A:A,B11,전체리스트!C:C,D11) -> 16857.456 | H11: =G11*0.05 -> 842.8728 | I11: =G11-H11 -> 16014.583
B12: 위코믹스 | C12: =VLOOKUP(B12,raw_a,2,0) -> 11월분 | D12: 말도 안되는 관계 | E12: =SUMIFS(전체리스트!D:D,전체리스트!A:A,B12,전체리스트!C:C,D12) -> 2.29 | G12: =SUMIFS(전체리스트!E:E,전체리스트!A:A,B12,전체리스트!C:C,D12) -> 3133.407 | H12: =G12*0.05 -> 156.67035 | I12: =G12-H12 -> 2976.7367
B13: 위코믹스 | C13: =VLOOKUP(B13,raw_a,2,0) -> 11월분 | D13: BL 패티쉬 단편선 모음 | E13: =SUMIFS(전체리스트!D:D,전체리스트!A:A,B13,전체리스트!C:C,D13) -> 2.14 | G13: =SUMIFS(전체리스트!E:E,전체리스트!A:A,B13,전체리스트!C:C,D13) -> 2928.162 | H13: =G13*0.05 -> 146.4081 | I13: =G13-H13 -> 2781.7539
B14: 위코믹스 | C14: =VLOOKUP(B14,raw_a,2,0) -> 11월분 | D14: 파쿠리인 내가 어시를! | E14: =SUMIFS(전체리스트!D:D,전체리스트!A:A,B14,전체리스트!C:C,D14) -> 0.08 | G14: =SUMIFS(전체리스트!E:E,전체리스트!A:A,B14,전체리스트!C:C,D14) -> 109.464 | H14: =G14*0.05 -> 5.4732 | I14: =G14-H14 -> 103.9908
B15: 합계 | E15: =SUM(E6:E14) -> 41.79 | F15: =SUM(F6:F14) -> 0 | G15: =SUM(G6:G14) -> 57181.257 | H15: =SUM(H6:H14) -> 2859.0628 | I15: =SUM(I6:I14) -> 54322.194 | J15: =SUM(J6:J14) -> 0

Sheet 태피툰_영어
B4: [RS 정산 기준]
B5: 사이트명 | C5: 매출월 | D5: 작품명 | E5: 소비자매출액 | F5: 유통사수수료 | G5: 스토리위즈매출액 | H5: 스토리위즈수익 | I5: 스토리숲 수익 | J5: 비고
B6: 태피툰 | C6: =VLOOKUP(B6,raw_a,2,0) -> 10월분 | D6: 인유어드림 | E6: =SUMIFS(전체리스트!D:D,전체리스트!A:A,B6,전체리스트!C:C,D6) -> 7380 | F6: =E6-G6 -> 0 | G6: =SUMIFS(전체리스트!E:E,전체리스트!A:A,B6,전체리스트!C:C,D6) -> 7380 | H6: =G6*0.05 -> 369 | I6: =G6-H6 -> 7011
B7: 태피툰 | C7: =VLOOKUP(B7,raw_a,2,0) -> 10월분 | D7: 옆집최애 | E7: =SUMIFS(전체리스트!D:D,전체리스트!A:A,B7,전체리스트!C:C,D7) -> 95760 | F7: =E7-G7 -> 0 | G7: =SUMIFS(전체리스트!E:E,전체리스트!A:A,B7,전체리스트!C:C,D7) -> 95760 | H7: =G7*0.05 -> 4788 | I7: =G7-H7 -> 90972
B8: 태피툰 | C8: =VLOOKUP(B8,raw_a,2,0) -> 10월분 | D8: 사랑과우정사이에서 | E8: =SUMIFS(전체리스트!D:D,전체리스트!A:A,B8,전체리스트!C:C,D8) -> 42840 | F8: =E8-G8 -> 0 | G8: =SUMIFS(전체리스트!E:E,전체리스트!A:A,B8,전체리스트!C:C,D8) -> 42840 | H8: =G8*0.05 -> 2142 | I8: =G8-H8 -> 40698
B9: 태피툰 | C9: =VLOOKUP(B9,raw_a,2,0) -> 10월분 | D9: 내자기님이로그인하셨습니다 | E9: =SUMIFS(전체리스트!D:D,전체리스트!A:A,B9,전체리스트!C:C,D9) -> 1880820 | F9: =E9-G9 -> 0 | G9: =SUMIFS(전체리스트!E:E,전체리스트!A:A,B9,전체리스트!C:C,D9) -> 1880820 | H9: =G9*0.05 -> 94041 | I9: =G9-H9 -> 1786779
B10: 태피툰 | C10: =VLOOKUP(B10,raw_a,2,0) -> 10월분 | D10: 아랫집웬수 | E10: =SUMIFS(전체리스트!D:D,전체리스트!A:A,B10,전체리스트!C:C,D10) -> 54900 | F10: =E10-G10 -> 0 | G10: =SUMIFS(전체리스트!E:E,전체리스트!A:A,B10,전체리스트!C:C,D10) -> 54900 | H10: =G10*0.05 -> 2745 | I10: =G10-H10 -> 52155
B11: 태피툰 | C11: =VLOOKUP(B11,raw_a,2,0) -> 10월분 | D11: 황비님황비님 | E11: =SUMIFS(전체리스트!D:D,전체리스트!A:A,B11,전체리스트!C:C,D11) -> 3644460 | F11: =E11-G11 -> 0 | G11: =SUMIFS(전체리스트!E:E,전체리스트!A:A,B11,전체리스트!C:C,D11) -> 3644460 | H11: =G11*0.05 -> 182223 | I11: =G11-H11 -> 3462237
B12: 태피툰 | C12: =VLOOKUP(B12,raw_a,2,0) -> 10월분 | D12: 거짓말 뱀파이어가 어디있어 | E12: =SUMIFS(전체리스트!D:D,전체리스트!A:A,B12,전체리스트!C:C,D12) -> 845820 | F12: =E12-G12 -> 0 | G12: =SUMIFS(전체리스트!E:E,전체리스트!A:A,B12,전체리스트!C:C,D12) -> 845820 | H12: =G12*0.05 -> 42291 | I12: =G12-H12 -> 803529
B13: 태피툰 | C13: =VLOOKUP(B13,raw_a,2,0) -> 10월분 | D13: 극한공녀 | E13: =SUMIFS(전체리스트!D:D,전체리스트!A:A,B13,전체리스트!C:C,D13) -> 406260 | F13: =E13-G13 -> 0 | G13: =SUMIFS(전체리스트!E:E,전체리스트!A:A,B13,전체리스트!C:C,D13) -> 406260 | H13: =G13*0.05 -> 20313 | I13: =G13-H13 -> 385947
B14: 태피툰 | C14: =VLOOKUP(B14,raw_a,2,0) -> 10월분 | D14: 프렌시아의꽃 | E14: =SUMIFS(전체리스트!D:D,전체리스트!A:A,B14,전체리스트!C:C,D14) -> 284400 | F14: =E14-G14 -> 0 | G14: =SUMIFS(전체리스트!E:E,전체리스트!A:A,B14,전체리스트!C:C,D14) -> 284400 | H14: =G14*0.05 -> 14220 | I14: =G14-H14 -> 270180
B15: 태피툰 | C15: =VLOOKUP(B15,raw_a,2,0) -> 10월분 | D15: 내자기님이로그인하셨습니다[독일] | E15: =SUMIFS(전체리스트!D:D,전체리스트!A:A,B15,전체리스트!C:C,D15) -> 372060 | F15: =E15-G15 -> 0 | G15: =SUMIFS(전체리스트!E:E,전체리스트!A:A,B15,전체리스트!C:C,D15) -> 372060 | H15: =G15*0.05 -> 18603 | I15: =G15-H15 -> 353457
B16: 태피툰 | C16: =VLOOKUP(B16,raw_a,2,0) -> 10월분 | D16: 황비님황비님[독일] | E16: =SUMIFS(전체리스트!D:D,전체리스트!A:A,B16,전체리스트!C:C,D16) -> 243180 | F16: =E16-G16 -> 0 | G16: =SUMIFS(전체리스트!E:E,전체리스트!A:A,B16,전체리스트!C:C,D16) -> 243180 | H16: =G16*0.05 -> 12159 | I16: =G16-H16 -> 231021
B17: 태피툰 | C17: =VLOOKUP(B17,raw_a,2,0) -> 10월분 | D17: 프렌시아의꽃[독일] | E17: =SUMIFS(전체리스트!D:D,전체리스트!A:A,B17,전체리스트!C:C,D17) -> 198720 | F17: =E17-G17 -> 0 | G17: =SUMIFS(전체리스트!E:E,전체리스트!A:A,B17,전체리스트!C:C,D17) -> 198720 | H17: =G17*0.05 -> 9936 | I17: =G17-H17 -> 188784
... B22: 태피툰 | C22: =VLOOKUP(B22,raw_a,2,0) -> 10월분 | D22: 망나니 도련님 조교일지MG | E22: =SUMIFS(전체리스트!D:D,전체리스트!A:A,B22,전체리스트!C:C,D22) -> 902880 | F22: =E22-G22 -> 0 | G22: =SUMIFS(전체리스트!E:E,전체리스트!A:A,B22,전체리스트!C:C,D22) -> 902880 | H22: =G22*0.05 -> 45144 | I22: =G22-H22 -> 857736
B23: 합계 | E23: =SUM(E6:E22) -> 10846800 | F23: =SUM(F6:F22) -> 0 | G23: =SUM(G6:G22) -> 10846800 | H23: =SUM(H6:H22) -> 542340 | I23: =SUM(I6:I22) -> 10304460 | J23: =SUM(J6:J22) -> 0

Sheet 델리툰
B4: [RS 정산 기준]
B5: 사이트명 | C5: 매출월 | D5: 작품명 | E5: 소비자매출액 | F5: 유통사수수료 | G5: 스토리위즈매출액 | H5: 스토리위즈수익 | I5: 스토리숲 수익 | J5: 비고
B6: 델리툰_프랑스 | C6: =VLOOKUP(B6,raw_a,2,0) -> 11월분 | D6: 황비님? 황비님! | E6: =SUMIFS(전체리스트!D:D,전체리스트!A:A,B6,전체리스트!C:C,D6) -> 647225 | F6: =E6-G6 -> 0 | G6: =SUMIFS(전체리스트!E:E,전체리스트!A:A,B6,전체리스트!C:C,D6) -> 647225 | H6: =G6*0.05 -> 32361.25 | I6: =G6-H6 -> 614863.75
B7: 델리툰_프랑스 | C7: =VLOOKUP(B7,raw_a,2,0) -> 11월분 | D7: 외나무다리에 꽃을 뿌려주세요 | E7: =SUMIFS(전체리스트!D:D,전체리스트!A:A,B7,전체리스트!C:C,D7) -> 159503 | F7: =E7-G7 -> 0 | G7: =SUMIFS(전체리스트!E:E,전체리스트!A:A,B7,전체리스트!C:C,D7) -> 159503 | H7: =G7*0.05 -> 7975.15 | I7: =G7-H7 -> 151527.85
B8: 델리툰_프랑스 | C8: =VLOOKUP(B8,raw_a,2,0) -> 11월분 | D8: 내 자기님이 로그인하셨습니다 | E8: =SUMIFS(전체리스트!D:D,전체리스트!A:A,B8,전체리스트!C:C,D8) -> 118465 | F8: =E8-G8 -> 0 | G8: =SUMIFS(전체리스트!E:E,전체리스트!A:A,B8,전체리스트!C:C,D8) -> 118465 | H8: =G8*0.05 -> 5923.25 | I8: =G8-H8 -> 112541.75
B9: 델리툰_프랑스 | C9: =VLOOKUP(B9,raw_a,2,0) -> 11월분 | D9: 한번만 부탁해 | E9: =SUMIFS(전체리스트!D:D,전체리스트!A:A,B9,전체리스트!C:C,D9) -> 115103 | F9: =E9-G9 -> 0 | G9: =SUMIFS(전체리스트!E:E,전체리스트!A:A,B9,전체리스트!C:C,D9) -> 115103 | H9: =G9*0.05 -> 5755.15 | I9: =G9-H9 -> 109347.85
B10: 델리툰_프랑스 | C10: =VLOOKUP(B10,raw_a,2,0) -> 11월분 | D10: 신들의 연애사정 | E10: =SUMIFS(전체리스트!D:D,전체리스트!A:A,B10,전체리스트!C:C,D10) -> 107244 | F10: =E10-G10 -> 0 | G10: =SUMIFS(전체리스트!E:E,전체리스트!A:A,B10,전체리스트!C:C,D10) -> 107244 | H10: =G10*0.05 -> 5362.2 | I10: =G10-H10 -> 101881.8
B11: 델리툰_프랑스 | C11: =VLOOKUP(B11,raw_a,2,0) -> 11월분 | D11: 호랑이 장가 드는 날 | E11: =SUMIFS(전체리스트!D:D,전체리스트!A:A,B11,전체리스트!C:C,D11) -> 105113 | F11: =E11-G11 -> 0 | G11: =SUMIFS(전체리스트!E:E,전체리스트!A:A,B11,전체리스트!C:C,D11) -> 105113 | H11: =G11*0.05 -> 5255.65 | I11: =G11-H11 -> 99857.35
B12: 델리툰_프랑스 | C12: =VLOOKUP(B12,raw_a,2,0) -> 11월분 | D12: 사랑과 우정 사이에서 | E12: =SUMIFS(전체리스트!D:D,전체리스트!A:A,B12,전체리스트!C:C,D12) -> 86669 | F12: =E12-G12 -> 0 | G12: =SUMIFS(전체리스트!E:E,전체리스트!A:A,B12,전체리스트!C:C,D12) -> 86669 | H12: =G12*0.05 -> 4333.45 | I12: =G12-H12 -> 82335.55
B13: 델리툰_프랑스 | C13: =VLOOKUP(B13,raw_a,2,0) -> 11월분 | D13: 옆집 최애 | E13: =SUMIFS(전체리스트!D:D,전체리스트!A:A,B13,전체리스트!C:C,D13) -> 77579 | F13: =E13-G13 -> 0 | G13: =SUMIFS(전체리스트!E:E,전체리스트!A:A,B13,전체리스트!C:C,D13) -> 77579 | H13: =G13*0.05 -> 3878.95 | I13: =G13-H13 -> 73700.05
B14: 델리툰_프랑스 | C14: =VLOOKUP(B14,raw_a,2,0) -> 11월분 | D14: 프렌시아의 꽃 | E14: =SUMIFS(전체리스트!D:D,전체리스트!A:A,B14,전체리스트!C:C,D14) -> 53366 | F14: =E14-G14 -> 0 | G14: =SUMIFS(전체리스트!E:E,전체리스트!A:A,B14,전체리스트!C:C,D14) -> 53366 | H14: =G14*0.05 -> 2668.3 | I14: =G14-H14 -> 50697.7
B15: 델리툰_프랑스 | C15: =VLOOKUP(B15,raw_a,2,0) -> 11월분 | D15: 극한공녀 | E15: =SUMIFS(전체리스트!D:D,전체리스트!A:A,B15,전체리스트!C:C,D15) -> 51124 | F15: =E15-G15 -> 0 | G15: =SUMIFS(전체리스트!E:E,전체리스트!A:A,B15,전체리스트!C:C,D15) -> 51124 | H15: =G15*0.05 -> 2556.2 | I15: =G15-H15 -> 48567.8
B16: 델리툰_프랑스 | C16: =VLOOKUP(B16,raw_a,2,0) -> 11월분 | D16: 거짓말, 뱀파이어가 어디있어 | E16: =SUMIFS(전체리스트!D:D,전체리스트!A:A,B16,전체리스트!C:C,D16) -> 46669 | F16: =E16-G16 -> 0 | G16: =SUMIFS(전체리스트!E:E,전체리스트!A:A,B16,전체리스트!C:C,D16) -> 46669 | H16: =G16*0.05 -> 2333.45 | I16: =G16-H16 -> 44335.55
B17: 델리툰_프랑스 | C17: =VLOOKUP(B17,raw_a,2,0) -> 11월분 | D17: 아랫집 웬수 | E17: =SUMIFS(전체리스트!D:D,전체리스트!A:A,B17,전체리스트!C:C,D17) -> 35932 | F17: =E17-G17 -> 0 | G17: =SUMIFS(전체리스트!E:E,전체리스트!A:A,B17,전체리스트!C:C,D17) -> 35932 | H17: =G17*0.05 -> 1796.6 | I17: =G17-H17 -> 34135.4
... B24: 델리툰_독일 | C24: =VLOOKUP(B24,raw_a,2,0) -> 11월분 | D24: 아랫집 웬수(성인) | E24: =SUMIFS(전체리스트!D:D,전체리스트!A:A,B24,전체리스트!C:C,D24) -> 105473 | F24: =E24-G24 -> 0 | G24: =SUMIFS(전체리스트!E:E,전체리스트!A:A,B24,전체리스트!C:C,D24) -> 105473 | H24: =G24*0.05 -> 5273.65 | I24: =G24-H24 -> 100199.35
B25: 합계 | E25: =SUM(E6:E24) -> 1951265 | F25: =SUM(F6:F24) -> 0 | G25: =SUM(G6:G24) -> 1951265 | H25: =SUM(H6:H24) -> 97563.25 | I25: =SUM(I6:I24) -> 1853701.8 | J25: =SUM(J6:J24) -> 0

Sheet 픽코마_일본
B4: [RS 정산 기준]
B5: 사이트명 | C5: 매출월 | D5: 작품명 | E5: 소비자매출액 | F5: 유통사수수료 | G5: 스토리위즈매출액 | H5: 스토리위즈수익 | I5: 스토리숲 수익 | J5: 비고
B6: 픽코마_일본 | C6: =VLOOKUP(B6,raw_a,2,0) -> 11월분 | D6: 옆집 최애 | E6: =SUMIFS(전체리스트!D:D,전체리스트!A:A,B6,전체리스트!C:C,D6) -> 71333 | F6: =E6-G6 -> 0 | G6: =SUMIFS(전체리스트!E:E,전체리스트!A:A,B6,전체리스트!C:C,D6) -> 71333 | H6: =G6*0.05 -> 3566.65 | I6: =G6-H6 -> 67766.35
B7: 픽코마_일본 | C7: =VLOOKUP(B7,raw_a,2,0) -> 11월분 | D7: 내자기님이 로그인하셨습니다 | E7: =SUMIFS(전체리스트!D:D,전체리스트!A:A,B7,전체리스트!C:C,D7) -> 715297 | F7: =E7-G7 -> 0 | G7: =SUMIFS(전체리스트!E:E,전체리스트!A:A,B7,전체리스트!C:C,D7) -> 715297 | H7: =G7*0.05 -> 35764.85 | I7: =G7-H7 -> 679532.15
B8: 픽코마_일본 | C8: =VLOOKUP(B8,raw_a,2,0) -> 11월분 | D8: 츤데레 흥신소 | E8: =SUMIFS(전체리스트!D:D,전체리스트!A:A,B8,전체리스트!C:C,D8) -> 3115 | F8: =E8-G8 -> 0 | G8: =SUMIFS(전체리스트!E:E,전체리스트!A:A,B8,전체리스트!C:C,D8) -> 3115 | H8: =G8*0.05 -> 155.75 | I8: =G8-H8 -> 2959.25
B9: 픽코마_일본 | C9: =VLOOKUP(B9,raw_a,2,0) -> 11월분 | D9: 츤데레 흥신소 -WEB한정버전- | E9: =SUMIFS(전체리스트!D:D,전체리스트!A:A,B9,전체리스트!C:C,D9) -> 863 | F9: =E9-G9 -> 0 | G9: =SUMIFS(전체리스트!E:E,전체리스트!A:A,B9,전체리스트!C:C,D9) -> 863 | H9: =G9*0.05 -> 43.15 | I9: =G9-H9 -> 819.85
B10: 픽코마_일본 | C10: =VLOOKUP(B10,raw_a,2,0) -> 11월분 | D10: 사랑과 우정사이에서 | E10: =SUMIFS(전체리스트!D:D,전체리스트!A:A,B10,전체리스트!C:C,D10) -> 115954 | F10: =E10-G10 -> 0 | G10: =SUMIFS(전체리스트!E:E,전체리스트!A:A,B10,전체리스트!C:C,D10) -> 115954 | H10: =G10*0.05 -> 5797.7 | I10: =G10-H10 -> 110156.3
B11: 픽코마_일본 | C11: =VLOOKUP(B11,raw_a,2,0) -> 11월분 | D11: 말도 안되는 관계 | E11: =SUMIFS(전체리스트!D:D,전체리스트!A:A,B11,전체리스트!C:C,D11) -> 104338 | F11: =E11-G11 -> 0 | G11: =SUMIFS(전체리스트!E:E,전체리스트!A:A,B11,전체리스트!C:C,D11) -> 104338 | H11: =G11*0.05 -> 5216.9 | I11: =G11-H11 -> 99121.1
B12: 픽코마_일본 | C12: =VLOOKUP(B12,raw_a,2,0) -> 11월분 | D12: 파쿠리인 내가 어시를?! | E12: =SUMIFS(전체리스트!D:D,전체리스트!A:A,B12,전체리스트!C:C,D12) -> 34096 | F12: =E12-G12 -> 0 | G12: =SUMIFS(전체리스트!E:E,전체리스트!A:A,B12,전체리스트!C:C,D12) -> 34096 | H12: =G12*0.05 -> 1704.8 | I12: =G12-H12 -> 32391.2
B13: 픽코마_일본 | C13: =VLOOKUP(B13,raw_a,2,0) -> 11월분 | D13: 슬기로운 생활 | E13: =SUMIFS(전체리스트!D:D,전체리스트!A:A,B13,전체리스트!C:C,D13) -> 11858 | F13: =E13-G13 -> 0 | G13: =SUMIFS(전체리스트!E:E,전체리스트!A:A,B13,전체리스트!C:C,D13) -> 11858 | H13: =G13*0.05 -> 592.9 | I13: =G13-H13 -> 11265.1
B14: 픽코마_일본 | C14: =VLOOKUP(B14,raw_a,2,0) -> 11월분 | D14: 거짓말, 뱀파이어가 어디 있어? | E14: =SUMIFS(전체리스트!D:D,전체리스트!A:A,B14,전체리스트!C:C,D14) -> 97767 | F14: =E14-G14 -> 0 | G14: =SUMIFS(전체리스트!E:E,전체리스트!A:A,B14,전체리스트!C:C,D14) -> 97767 | H14: =G14*0.05 -> 4888.35 | I14: =G14-H14 -> 92878.65
B15: 픽코마_일본 | C15: =VLOOKUP(B15,raw_a,2,0) -> 11월분 | D15: 황비님!? 황비님! | E15: =SUMIFS(전체리스트!D:D,전체리스트!A:A,B15,전체리스트!C:C,D15) -> 9662839 | F15: =E15-G15 -> 0 | G15: =SUMIFS(전체리스트!E:E,전체리스트!A:A,B15,전체리스트!C:C,D15) -> 9662839 | H15: =G15*0.05 -> 483141.95 | I15: =G15-H15 -> 9179697.1
B16: 픽코마_일본 | C16: =VLOOKUP(B16,raw_a,2,0) -> 11월분 | D16: 프렌시아의 꽃 | E16: =SUMIFS(전체리스트!D:D,전체리스트!A:A,B16,전체리스트!C:C,D16) -> 75444 | F16: =E16-G16 -> 0 | G16: =SUMIFS(전체리스트!E:E,전체리스트!A:A,B16,전체리스트!C:C,D16) -> 75444 | H16: =G16*0.05 -> 3772.2 | I16: =G16-H16 -> 71671.8
B17: 픽코마_일본 | C17: =VLOOKUP(B17,raw_a,2,0) -> 11월분 | D17: 극한 공녀 | E17: =SUMIFS(전체리스트!D:D,전체리스트!A:A,B17,전체리스트!C:C,D17) -> 299693 | F17: =E17-G17 -> 0 | G17: =SUMIFS(전체리스트!E:E,전체리스트!A:A,B17,전체리스트!C:C,D17) -> 299693 | H17: =G17*0.05 -> 14984.65 | I17: =G17-H17 -> 284708.35
... B23: 픽코마_일본 | C23: =VLOOKUP(B23,raw_a,2,0) -> 11월분 | D23: 외나무 다리에 꽃을 뿌려주세요 | E23: =SUMIFS(전체리스트!D:D,전체리스트!A:A,B23,전체리스트!C:C,D23) -> 192839 | F23: =E23-G23 -> 0 | G23: =SUMIFS(전체리스트!E:E,전체리스트!A:A,B23,전체리스트!C:C,D23) -> 192839 | H23: =G23*0.05 -> 9641.95 | I23: =G23-H23 -> 183197.05
B24: 합계 | E24: =SUM(E6:E23) -> 12060379 | F24: =SUM(F6:F23) -> 0 | G24: =SUM(G6:G23) -> 12060379 | H24: =SUM(H6:H23) -> 603018.95 | I24: =SUM(I6:I23) -> 11457360 | J24: =SUM(J6:J23) -> 0

Sheet 픽코마_동영상
B4: [RS 정산 기준]
B5: 사이트명 | C5: 매출월 | D5: 작품명 | E5: 소비자매출액 | F5: 유통사수수료 | G5: 스토리위즈매출액 | H5: 스토리위즈수익 | I5: 스토리숲 수익 | J5: 비고
B6: 픽코마_동영상 | C6: =VLOOKUP(B6,raw_a,2,0) -> 8월분 | D6: In Your Dream | E6: =SUMIFS(전체리스트!D:D,전체리스트!A:A,B6,전체리스트!C:C,D6) -> 212 | F6: =E6-G6 -> 0 | G6: =SUMIFS(전체리스트!E:E,전체리스트!A:A,B6,전체리스트!C:C,D6) -> 212 | H6: =G6*0.05 -> 10.6 | I6: =G6-H6 -> 201.4
B7: 픽코마_동영상 | C7: =VLOOKUP(B7,raw_a,2,0) -> 8월분 | D7: 말도 안되는 관계 | E7: =SUMIFS(전체리스트!D:D,전체리스트!A:A,B7,전체리스트!C:C,D7) -> 9315 | F7: =E7-G7 -> 0 | G7: =SUMIFS(전체리스트!E:E,전체리스트!A:A,B7,전체리스트!C:C,D7) -> 9315 | H7: =G7*0.05 -> 465.75 | I7: =G7-H7 -> 8849.25
B8: 픽코마_동영상 | C8: =VLOOKUP(B8,raw_a,2,0) -> 8월분 | D8: 츤데레 흥신소 | E8: =SUMIFS(전체리스트!D:D,전체리스트!A:A,B8,전체리스트!C:C,D8) -> 661 | F8: =E8-G8 -> 0 | G8: =SUMIFS(전체리스트!E:E,전체리스트!A:A,B8,전체리스트!C:C,D8) -> 661 | H8: =G8*0.05 -> 33.05 | I8: =G8-H8 -> 627.95
B9: 픽코마_동영상 | C9: =VLOOKUP(B9,raw_a,2,0) -> 8월분 | D9: 내자기님이 로그인하셨습니다 | E9: =SUMIFS(전체리스트!D:D,전체리스트!A:A,B9,전체리스트!C:C,D9) -> 40585 | F9: =E9-G9 -> 0 | G9: =SUMIFS(전체리스트!E:E,전체리스트!A:A,B9,전체리스트!C:C,D9) -> 40585 | H9: =G9*0.05 -> 2029.25 | I9: =G9-H9 -> 38555.75
B10: 픽코마_동영상 | C10: =VLOOKUP(B10,raw_a,2,0) -> 8월분 | D10: 파쿠리인 내가 어시를? | E10: =SUMIFS(전체리스트!D:D,전체리스트!A:A,B10,전체리스트!C:C,D10) -> 12476 | F10: =E10-G10 -> 0 | G10: =SUMIFS(전체리스트!E:E,전체리스트!A:A,B10,전체리스트!C:C,D10) -> 12476 | H10: =G10*0.05 -> 623.8 | I10: =G10-H10 -> 11852.2
B11: 픽코마_동영상 | C11: =VLOOKUP(B11,raw_a,2,0) -> 8월분 | D11: 거짓말 뱀파이어가 어디있어? | E11: =SUMIFS(전체리스트!D:D,전체리스트!A:A,B11,전체리스트!C:C,D11) -> 27259 | F11: =E11-G11 -> 0 | G11: =SUMIFS(전체리스트!E:E,전체리스트!A:A,B11,전체리스트!C:C,D11) -> 27259 | H11: =G11*0.05 -> 1362.95 | I11: =G11-H11 -> 25896.05
B12: 픽코마_동영상 | C12: =VLOOKUP(B12,raw_a,2,0) -> 8월분 | D12: 사랑과 우정사이에서 | E12: =SUMIFS(전체리스트!D:D,전체리스트!A:A,B12,전체리스트!C:C,D12) -> 26282 | F12: =E12-G12 -> 0 | G12: =SUMIFS(전체리스트!E:E,전체리스트!A:A,B12,전체리스트!C:C,D12) -> 26282 | H12: =G12*0.05 -> 1314.1 | I12: =G12-H12 -> 24967.9
B13: 픽코마_동영상 | C13: =VLOOKUP(B13,raw_a,2,0) -> 8월분 | D13: 슬기로운 생활 | E13: =SUMIFS(전체리스트!D:D,전체리스트!A:A,B13,전체리스트!C:C,D13) -> 2266 | F13: =E13-G13 -> 0 | G13: =SUMIFS(전체리스트!E:E,전체리스트!A:A,B13,전체리스트!C:C,D13) -> 2266 | H13: =G13*0.05 -> 113.3 | I13: =G13-H13 -> 2152.7
B14: 픽코마_동영상 | C14: =VLOOKUP(B14,raw_a,2,0) -> 8월분 | D14: 옆집 최애 | E14: =SUMIFS(전체리스트!D:D,전체리스트!A:A,B14,전체리스트!C:C,D14) -> 5999 | F14: =E14-G14 -> 0 | G14: =SUMIFS(전체리스트!E:E,전체리스트!A:A,B14,전체리스트!C:C,D14) -> 5999 | H14: =G14*0.05 -> 299.95 | I14: =G14-H14 -> 5699.05
B15: 픽코마_동영상 | C15: =VLOOKUP(B15,raw_a,2,0) -> 8월분 | D15: 악마와 나 사이에는 | E15: =SUMIFS(전체리스트!D:D,전체리스트!A:A,B15,전체리스트!C:C,D15) -> 10224 | F15: =E15-G15 -> 0 | G15: =SUMIFS(전체리스트!E:E,전체리스트!A:A,B15,전체리스트!C:C,D15) -> 10224 | H15: =G15*0.05 -> 511.2 | I15: =G15-H15 -> 9712.8
B16: 합계 | E16: =SUM(E6:E15) -> 135279 | F16: =SUM(F6:F15) -> 0 | G16: =SUM(G6:G15) -> 135279 | H16: =SUM(H6:H15) -> 6763.95 | I16: =SUM(I6:I15) -> 128515.05 | J16: =SUM(J6:J14) -> 0

Sheet 코미코_태국
G3: 3개월 평균
B4: [RS 정산 기준] | F4: 환율(THB) | G4: =VLOOKUP(B6,raw_a,6,0) -> 37.63
B5: 사이트명 | C5: 매출월 | D5: 작품명 | E5: 소비자매출액 | F5: 유통사수수료 | G5: 스토리위즈매출액 | H5: 스토리위즈수익 | I5: 스토리숲 수익 | J5: 비고
B6: 코미코_태국 | C6: =VLOOKUP(B6,raw_a,2,0) -> 11월분 | D6: 옆집 최애 개정판 | E6: =SUMIFS(전체리스트!D:D,전체리스트!A:A,B6,전체리스트!C:C,D6) -> 268.2705 | G6: =SUMIFS(전체리스트!E:E,전체리스트!A:A,B6,전체리스트!C:C,D6) -> 10095.019 | H6: =G6*0.05 -> 504.75095 | I6: =G6-H6 -> 9590.268
B7: 코미코_태국 | C7: =VLOOKUP(B7,raw_a,2,0) -> 11월분 | D7: 내 자기님이 로그인 하셨습니다 | E7: =SUMIFS(전체리스트!D:D,전체리스트!A:A,B7,전체리스트!C:C,D7) -> 1550.0865 | G7: =SUMIFS(전체리스트!E:E,전체리스트!A:A,B7,전체리스트!C:C,D7) -> 58329.755 | H7: =G7*0.05 -> 2916.4877 | I7: =G7-H7 -> 55413.267
B8: 코미코_태국 | C8: =VLOOKUP(B8,raw_a,2,0) -> 11월분 | D8: 사랑과 우정 사이에서 개정판 | E8: =SUMIFS(전체리스트!D:D,전체리스트!A:A,B8,전체리스트!C:C,D8) -> 108.7275 | G8: =SUMIFS(전체리스트!E:E,전체리스트!A:A,B8,전체리스트!C:C,D8) -> 4091.4158 | H8: =G8*0.05 -> 204.57079 | I8: =G8-H8 -> 3886.845
B9: 코미코_태국 | C9: =VLOOKUP(B9,raw_a,2,0) -> 11월분 | D9: 거짓말, 뱀파이어가 어디있어? | E9: =SUMIFS(전체리스트!D:D,전체리스트!A:A,B9,전체리스트!C:C,D9) -> 1371.3345 | G9: =SUMIFS(전체리스트!E:E,전체리스트!A:A,B9,전체리스트!C:C,D9) -> 51603.317 | H9: =G9*0.05 -> 2580.1659 | I9: =G9-H9 -> 49023.151
B10: 코미코_태국 | C10: =VLOOKUP(B10,raw_a,2,0) -> 11월분 | D10: 황비님? 황비님! | E10: =SUMIFS(전체리스트!D:D,전체리스트!A:A,B10,전체리스트!C:C,D10) -> 7635.4635 | G10: =SUMIFS(전체리스트!E:E,전체리스트!A:A,B10,전체리스트!C:C,D10) -> 287322.49 | H10: =G10*0.05 -> 14366.125 | I10: =G10-H10 -> 272956.37
B11: 코미코_태국 | C11: =VLOOKUP(B11,raw_a,2,0) -> 11월분 | D11: 극한공녀 | E11: =SUMIFS(전체리스트!D:D,전체리스트!A:A,B11,전체리스트!C:C,D11) -> 710.258 | G11: =SUMIFS(전체리스트!E:E,전체리스트!A:A,B11,전체리스트!C:C,D11) -> 26727.009 | H11: =G11*0.05 -> 1336.3504 | I11: =G11-H11 -> 25390.658
B12: 코미코_태국 | C12: =VLOOKUP(B12,raw_a,2,0) -> 11월분 | D12: 프렌시아의 꽃! | E12: =SUMIFS(전체리스트!D:D,전체리스트!A:A,B12,전체리스트!C:C,D12) -> 192.7835 | G12: =SUMIFS(전체리스트!E:E,전체리스트!A:A,B12,전체리스트!C:C,D12) -> 7254.4431 | H12: =G12*0.05 -> 362.72216 | I12: =G12-H12 -> 6891.7209
B13: 코미코_태국 | C13: =VLOOKUP(B13,raw_a,2,0) -> 11월분 | D13: 한번만 부탁해 | E13: =SUMIFS(전체리스트!D:D,전체리스트!A:A,B13,전체리스트!C:C,D13) -> 914.907 | G13: =SUMIFS(전체리스트!E:E,전체리스트!A:A,B13,전체리스트!C:C,D13) -> 34427.95 | H13: =G13*0.05 -> 1721.3975 | I13: =G13-H13 -> 32706.553
B14: 코미코_태국 | C14: =VLOOKUP(B14,raw_a,2,0) -> 11월분 | D14: 호랑이 장가 드는 날 | E14: =SUMIFS(전체리스트!D:D,전체리스트!A:A,B14,전체리스트!C:C,D14) -> 625.898 | G14: =SUMIFS(전체리스트!E:E,전체리스트!A:A,B14,전체리스트!C:C,D14) -> 23552.542 | H14: =G14*0.05 -> 1177.6271 | I14: =G14-H14 -> 22374.915
B15: 코미코_태국 | C15: =VLOOKUP(B15,raw_a,2,0) -> 11월분 | D15: 귀신 보는 공작부인 | E15: =SUMIFS(전체리스트!D:D,전체리스트!A:A,B15,전체리스트!C:C,D15) -> 716.357 | G15: =SUMIFS(전체리스트!E:E,전체리스트!A:A,B15,전체리스트!C:C,D15) -> 26956.514 | H15: =G15*0.05 -> 1347.8257 | I15: =G15-H15 -> 25608.688
B16: 합계 | E16: =SUM(E6:E15) -> 14094.086 | F16: =SUM(F6:F15) -> 0 | G16: =SUM(G6:G15) -> 530360.46 | H16: =SUM(H6:H15) -> 26518.023 | I16: =SUM(I6:I15) -> 503842.43 | J16: =SUM(J6:J15) -> 0

Sheet 코미코_일본_대만
G3: 3개월 평균
B4: [RS 정산 기준] | F4: 환율(JPY) | G4: =VLOOKUP(B6,raw_a,6,0) -> 9.56
B5: 사이트명 | C5: 매출월 | D5: 작품명 | E5: 소비자매출액 | F5: 유통사수수료 | G5: 스토리위즈매출액 | H5: 스토리위즈수익 | I5: 스토리숲 수익 | J5: 비고
B6: 코미코_일본 | C6: =VLOOKUP(B6,raw_a,2,0) -> 11월분 | D6: 내 자기님이 로그인 하셨습니다 | E6: =SUMIFS(전체리스트!D:D,전체리스트!A:A,B6,전체리스트!C:C,D6) -> 2051.1 | G6: =SUMIFS(전체리스트!E:E,전체리스트!A:A,B6,전체리스트!C:C,D6) -> 19608.516 | H6: =G6*0.05 -> 980.4258 | I6: =G6-H6 -> 18628.09
B7: 합계 | E7: =SUM(E6:E6) -> 2051.1 | F7: =SUM(F6:F6) -> 0 | G7: =SUM(G6:G6) -> 19608.516 | H7: =SUM(H6:H6) -> 980.4258 | I7: =SUM(I6:I6) -> 18628.09

Sheet 미스터블루
B4: [RS 정산 기준]
B5: 사이트명 | C5: 매출월 | D5: 작품명 | E5: 소비자매출액 | F5: 유통사수수료 | G5: 스토리위즈매출액 | H5: 스토리위즈수익 | I5: 스토리숲 수익 | J5: 비고
B6: 미스터블루 | C6: =VLOOKUP(B6,raw_a,2,0) -> 12월분 | D6: 광속으로 레벨업 [스크롤] | E6: =SUMIFS(전체리스트!D:D,전체리스트!A:A,B6,전체리스트!C:C,D6) -> 676540 | F6: =E6-G6 -> 266998 | G6: =SUMIFS(전체리스트!E:E,전체리스트!A:A,B6,전체리스트!C:C,D6) -> 409542 | H6: =G6*0.05 -> 20477.1 | I6: =G6-H6 -> 389064.9
B7: 미스터블루 | C7: =VLOOKUP(B7,raw_a,2,0) -> 12월분 | D7: 귀신 보는 급식은 퇴마중입니다 [스크롤] | E7: =SUMIFS(전체리스트!D:D,전체리스트!A:A,B7,전체리스트!C:C,D7) -> 28360 | F7: =E7-G7 -> 11315.2 | G7: =SUMIFS(전체리스트!E:E,전체리스트!A:A,B7,전체리스트!C:C,D7) -> 17044.8 | H7: =G7*0.05 -> 852.24 | I7: =G7-H7 -> 16192.56
B8: 미스터블루 | C8: =VLOOKUP(B8,raw_a,2,0) -> 12월분 | D8: 꿈꾸는 먹잇감 [스크롤] | E8: =SUMIFS(전체리스트!D:D,전체리스트!A:A,B8,전체리스트!C:C,D8) -> 303060 | F8: =E8-G8 -> 127704 | G8: =SUMIFS(전체리스트!E:E,전체리스트!A:A,B8,전체리스트!C:C,D8) -> 175356 | H8: =G8*0.05 -> 8767.8 | I8: =G8-H8 -> 166588.2
B9: 미스터블루 | C9: =VLOOKUP(B9,raw_a,2,0) -> 12월분 | D9: 내 자기님이 로그인 하셨습니다 [스크롤] | E9: =SUMIFS(전체리스트!D:D,전체리스트!A:A,B9,전체리스트!C:C,D9) -> 240 | F9: =E9-G9 -> 88.8 | G9: =SUMIFS(전체리스트!E:E,전체리스트!A:A,B9,전체리스트!C:C,D9) -> 151.2 | H9: =G9*0.05 -> 7.56 | I9: =G9-H9 -> 143.64
B10: 미스터블루 | C10: =VLOOKUP(B10,raw_a,2,0) -> 12월분 | D10: 너에게만 음성인식 [스크롤] | E10: =SUMIFS(전체리스트!D:D,전체리스트!A:A,B10,전체리스트!C:C,D10) -> 70040 | F10: =E10-G10 -> 27656 | G10: =SUMIFS(전체리스트!E:E,전체리스트!A:A,B10,전체리스트!C:C,D10) -> 42384 | H10: =G10*0.05 -> 2119.2 | I10: =G10-H10 -> 40264.8
B11: 미스터블루 | C11: =VLOOKUP(B11,raw_a,2,0) -> 12월분 | D11: 대표님, 오늘은 아니에요 [스크롤] | E11: =SUMIFS(전체리스트!D:D,전체리스트!A:A,B11,전체리스트!C:C,D11) -> 119780 | F11: =E11-G11 -> 46738.4 | G11: =SUMIFS(전체리스트!E:E,전체리스트!A:A,B11,전체리스트!C:C,D11) -> 73041.6 | H11: =G11*0.05 -> 3652.08 | I11: =G11-H11 -> 69389.52
B12: 미스터블루 | C12: =VLOOKUP(B12,raw_a,2,0) -> 12월분 | D12: 도군 [스크롤] | E12: =SUMIFS(전체리스트!D:D,전체리스트!A:A,B12,전체리스트!C:C,D12) -> 376752 | F12: =E12-G12 -> 148670.04 | G12: =SUMIFS(전체리스트!E:E,전체리스트!A:A,B12,전체리스트!C:C,D12) -> 228081.96 | H12: =G12*0.05 -> 11404.098 | I12: =G12-H12 -> 216677.86
B13: 미스터블루 | C13: =VLOOKUP(B13,raw_a,2,0) -> 12월분 | D13: 레벨업에 미친 의사 [스크롤] | E13: =SUMIFS(전체리스트!D:D,전체리스트!A:A,B13,전체리스트!C:C,D13) -> 664340 | F13: =E13-G13 -> 267312.8 | G13: =SUMIFS(전체리스트!E:E,전체리스트!A:A,B13,전체리스트!C:C,D13) -> 397027.2 | H13: =G13*0.05 -> 19851.36 | I13: =G13-H13 -> 377175.84
B14: 미스터블루 | C14: =VLOOKUP(B14,raw_a,2,0) -> 12월분 | D14: 마녀 따위 안 할래요 [스크롤] | E14: =SUMIFS(전체리스트!D:D,전체리스트!A:A,B14,전체리스트!C:C,D14) -> 43660 | F14: =E14-G14 -> 17464 | G14: =SUMIFS(전체리스트!E:E,전체리스트!A:A,B14,전체리스트!C:C,D14) -> 26196 | H14: =G14*0.05 -> 1309.8 | I14: =G14-H14 -> 24886.2
B15: 미스터블루 | C15: =VLOOKUP(B15,raw_a,2,0) -> 12월분 | D15: 마녀와 성녀를 XX하는 법 [스크롤] | E15: =SUMIFS(전체리스트!D:D,전체리스트!A:A,B15,전체리스트!C:C,D15) -> 1200 | F15: =E15-G15 -> 444 | G15: =SUMIFS(전체리스트!E:E,전체리스트!A:A,B15,전체리스트!C:C,D15) -> 756 | H15: =G15*0.05 -> 37.8 | I15: =G15-H15 -> 718.2
B16: 미스터블루 | C16: =VLOOKUP(B16,raw_a,2,0) -> 12월분 | D16: 사랑의 형태 : 마음이 향하는 곳 [스크롤] | E16: =SUMIFS(전체리스트!D:D,전체리스트!A:A,B16,전체리스트!C:C,D16) -> 2400 | F16: =E16-G16 -> 960 | G16: =SUMIFS(전체리스트!E:E,전체리스트!A:A,B16,전체리스트!C:C,D16) -> 1440 | H16: =G16*0.05 -> 72 | I16: =G16-H16 -> 1368
B17: 미스터블루 | C17: =VLOOKUP(B17,raw_a,2,0) -> 12월분 | D17: 삼장법사 리턴즈 [스크롤] | E17: =SUMIFS(전체리스트!D:D,전체리스트!A:A,B17,전체리스트!C:C,D17) -> 5000 | F17: =E17-G17 -> 2000 | G17: =SUMIFS(전체리스트!E:E,전체리스트!A:A,B17,전체리스트!C:C,D17) -> 3000 | H17: =G17*0.05 -> 150 | I17: =G17-H17 -> 2850
... B57: 미스터블루 | C57: =VLOOKUP(B57,raw_a,2,0) -> 12월분 | D57: 호랑이 장가드는 날 [개정판] | E57: =SUMIFS(전체리스트!D:D,전체리스트!A:A,B57,전체리스트!C:C,D57) -> 360 | F57: =E57-G57 -> 133.2 | G57: =SUMIFS(전체리스트!E:E,전체리스트!A:A,B57,전체리스트!C:C,D57) -> 226.8 | H57: =G57*0.05 -> 11.34 | I57: =G57-H57 -> 215.46
B58: 합계 | E58: =SUM(E6:E57) -> 15320968 | F58: =SUM(F6:F57) -> 6114605 | G58: =SUM(G6:G57) -> 9206363 | H58: =SUM(H6:H57) -> 460318.15 | I58: =SUM(I6:I57) -> 8746044.9 | J58: =SUM(J6:J57) -> 0

Sheet 원스토어
B4: [RS 정산 기준]
B5: 사이트명 | C5: 매출월 | D5: 작품명 | E5: 소비자매출액 | F5: 유통사수수료 | G5: 스토리위즈매출액 | H5: 스토리위즈수익 | I5: 스토리숲 수익 | J5: 비고
B6: 원스토어 | C6: =VLOOKUP(B6,raw_a,2,0) -> 11월분 | D6: 거짓말, 뱀파이어가 어디 있어? | E6: =SUMIFS(전체리스트!D:D,전체리스트!A:A,B6,전체리스트!C:C,D6) -> 7350 | F6: =E6-G6 -> 0 | G6: =SUMIFS(전체리스트!E:E,전체리스트!A:A,B6,전체리스트!C:C,D6) -> 7350 | H6: =G6*0.05 -> 367.5 | I6: =G6-H6 -> 6982.5
B7: 원스토어 | C7: =VLOOKUP(B7,raw_a,2,0) -> 11월분 | D7: 광속으로 레벨업 | E7: =SUMIFS(전체리스트!D:D,전체리스트!A:A,B7,전체리스트!C:C,D7) -> 50010.8 | F7: =E7-G7 -> 0 | G7: =SUMIFS(전체리스트!E:E,전체리스트!A:A,B7,전체리스트!C:C,D7) -> 50010.8 | H7: =G7*0.05 -> 2500.54 | I7: =G7-H7 -> 47510.26
B8: 원스토어 | C8: =VLOOKUP(B8,raw_a,2,0) -> 11월분 | D8: 귀신 보는 급식은 퇴마 중입니다 | E8: =SUMIFS(전체리스트!D:D,전체리스트!A:A,B8,전체리스트!C:C,D8) -> 5740 | F8: =E8-G8 -> 0 | G8: =SUMIFS(전체리스트!E:E,전체리스트!A:A,B8,전체리스트!C:C,D8) -> 5740 | H8: =G8*0.05 -> 287 | I8: =G8-H8 -> 5453
B9: 원스토어 | C9: =VLOOKUP(B9,raw_a,2,0) -> 11월분 | D9: 꿈꾸는 먹잇감 | E9: =SUMIFS(전체리스트!D:D,전체리스트!A:A,B9,전체리스트!C:C,D9) -> 5448.8 | F9: =E9-G9 -> 0 | G9: =SUMIFS(전체리스트!E:E,전체리스트!A:A,B9,전체리스트!C:C,D9) -> 5448.8 | H9: =G9*0.05 -> 272.44 | I9: =G9-H9 -> 5176.36
B10: 원스토어 | C10: =VLOOKUP(B10,raw_a,2,0) -> 11월분 | D10: 꿰인 사이 | E10: =SUMIFS(전체리스트!D:D,전체리스트!A:A,B10,전체리스트!C:C,D10) -> 15215.2 | F10: =E10-G10 -> 0 | G10: =SUMIFS(전체리스트!E:E,전체리스트!A:A,B10,전체리스트!C:C,D10) -> 15215.2 | H10: =G10*0.05 -> 760.76 | I10: =G10-H10 -> 14454.44
B11: 원스토어 | C11: =VLOOKUP(B11,raw_a,2,0) -> 11월분 | D11: 너에게만 음성인식 | E11: =SUMIFS(전체리스트!D:D,전체리스트!A:A,B11,전체리스트!C:C,D11) -> 12674.9 | F11: =E11-G11 -> 0 | G11: =SUMIFS(전체리스트!E:E,전체리스트!A:A,B11,전체리스트!C:C,D11) -> 12674.9 | H11: =G11*0.05 -> 633.745 | I11: =G11-H11 -> 12041.155
B12: 원스토어 | C12: =VLOOKUP(B12,raw_a,2,0) -> 11월분 | D12: 네게 취한 날들 | E12: =SUMIFS(전체리스트!D:D,전체리스트!A:A,B12,전체리스트!C:C,D12) -> 117954.9 | F12: =E12-G12 -> 0 | G12: =SUMIFS(전체리스트!E:E,전체리스트!A:A,B12,전체리스트!C:C,D12) -> 117954.9 | H12: =G12*0.05 -> 5897.745 | I12: =G12-H12 -> 112057.15
B13: 원스토어 | C13: =VLOOKUP(B13,raw_a,2,0) -> 11월분 | D13: 대표님, 사모님이 도망가요 | E13: =SUMIFS(전체리스트!D:D,전체리스트!A:A,B13,전체리스트!C:C,D13) -> 11970 | F13: =E13-G13 -> 0 | G13: =SUMIFS(전체리스트!E:E,전체리스트!A:A,B13,전체리스트!C:C,D13) -> 11970 | H13: =G13*0.05 -> 598.5 | I13: =G13-H13 -> 11371.5
B14: 원스토어 | C14: =VLOOKUP(B14,raw_a,2,0) -> 11월분 | D14: 대표님, 오늘은 아니에요 | E14: =SUMIFS(전체리스트!D:D,전체리스트!A:A,B14,전체리스트!C:C,D14) -> 107198 | F14: =E14-G14 -> 0 | G14: =SUMIFS(전체리스트!E:E,전체리스트!A:A,B14,전체리스트!C:C,D14) -> 107198 | H14: =G14*0.05 -> 5359.9 | I14: =G14-H14 -> 101838.1
B15: 원스토어 | C15: =VLOOKUP(B15,raw_a,2,0) -> 11월분 | D15: 대표님의 삐뚤어진 사랑 | E15: =SUMIFS(전체리스트!D:D,전체리스트!A:A,B15,전체리스트!C:C,D15) -> 355512.49 | F15: =E15-G15 -> 0 | G15: =SUMIFS(전체리스트!E:E,전체리스트!A:A,B15,전체리스트!C:C,D15) -> 355512.49 | H15: =G15*0.05 -> 17775.625 | I15: =G15-H15 -> 337736.87
B16: 원스토어 | C16: =VLOOKUP(B16,raw_a,2,0) -> 11월분 | D16: 도군 | E16: =SUMIFS(전체리스트!D:D,전체리스트!A:A,B16,전체리스트!C:C,D16) -> 4474.4 | F16: =E16-G16 -> 0 | G16: =SUMIFS(전체리스트!E:E,전체리스트!A:A,B16,전체리스트!C:C,D16) -> 4474.4 | H16: =G16*0.05 -> 223.72 | I16: =G16-H16 -> 4250.68
B17: 원스토어 | C17: =VLOOKUP(B17,raw_a,2,0) -> 11월분 | D17: 레벨업에 미친 의사 | E17: =SUMIFS(전체리스트!D:D,전체리스트!A:A,B17,전체리스트!C:C,D17) -> 93926.002 | F17: =E17-G17 -> 0 | G17: =SUMIFS(전체리스트!E:E,전체리스트!A:A,B17,전체리스트!C:C,D17) -> 93926.002 | H17: =G17*0.05 -> 4696.3001 | I17: =G17-H17 -> 89229.702
... B48: 원스토어 | C48: =VLOOKUP(B48,raw_a,2,0) -> 11월분 | D48: 호랑이 장가드는 날 [개정판] | E48: =SUMIFS(전체리스트!D:D,전체리스트!A:A,B48,전체리스트!C:C,D48) -> 634.2 | F48: =E48-G48 -> 0 | G48: =SUMIFS(전체리스트!E:E,전체리스트!A:A,B48,전체리스트!C:C,D48) -> 634.2 | H48: =G48*0.05 -> 31.71 | I48: =G48-H48 -> 602.49
B49: 합계 | E49: =SUM(E6:E48) -> 2636663.4 | F49: =SUM(F6:F48) -> 0 | G49: =SUM(G6:G48) -> 2636663.4 | H49: =SUM(H6:H48) -> 131833.17 | I49: =SUM(I6:I48) -> 2504830.2 | J49: =SUM(J6:J48) -> 0

Sheet 피너툰
B4: [RS 정산 기준]
B5: 사이트명 | C5: 매출월 | D5: 작품명 | E5: 소비자매출액 | F5: 유통사수수료 | G5: 스토리위즈매출액 | H5: 스토리위즈수익 | I5: 스토리숲 수익 | J5: 비고
B6: 피너툰 | C6: =VLOOKUP(B6,raw_a,2,0) -> 11월분 | D6: 집착공의 인형놀이 | E6: =SUMIFS(전체리스트!D:D,전체리스트!A:A,B6,전체리스트!C:C,D6) -> 15204840 | F6: =E6-G6 -> 6081936 | G6: =SUMIFS(전체리스트!E:E,전체리스트!A:A,B6,전체리스트!C:C,D6) -> 9122904 | H6: =G6*0.05 -> 456145.2 | I6: =G6-H6 -> 8666758.8
B7: 피너툰 | C7: =VLOOKUP(B7,raw_a,2,0) -> 11월분 | D7: 네게 취한 날들 | E7: =SUMIFS(전체리스트!D:D,전체리스트!A:A,B7,전체리스트!C:C,D7) -> 8092980 | F7: =E7-G7 -> 3237192 | G7: =SUMIFS(전체리스트!E:E,전체리스트!A:A,B7,전체리스트!C:C,D7) -> 4855788 | H7: =G7*0.05 -> 242789.4 | I7: =G7-H7 -> 4612998.6
B8: 피너툰 | C8: =VLOOKUP(B8,raw_a,2,0) -> 11월분 | D8: 이혼신청 | E8: =SUMIFS(전체리스트!D:D,전체리스트!A:A,B8,전체리스트!C:C,D8) -> 6698160 | F8: =E8-G8 -> 2679264 | G8: =SUMIFS(전체리스트!E:E,전체리스트!A:A,B8,전체리스트!C:C,D8) -> 4018896 | H8: =G8*0.05 -> 200944.8 | I8: =G8-H8 -> 3817951.2
B9: 피너툰 | C9: =VLOOKUP(B9,raw_a,2,0) -> 11월분 | D9: 대표님의 삐뚤어진 사랑 | E9: =SUMIFS(전체리스트!D:D,전체리스트!A:A,B9,전체리스트!C:C,D9) -> 2786280 | F9: =E9-G9 -> 1114512 | G9: =SUMIFS(전체리스트!E:E,전체리스트!A:A,B9,전체리스트!C:C,D9) -> 1671768 | H9: =G9*0.05 -> 83588.4 | I9: =G9-H9 -> 1588179.6
B10: 피너툰 | C10: =VLOOKUP(B10,raw_a,2,0) -> 11월분 | D10: 속도위반 대표님과 계약 아내 | E10: =SUMIFS(전체리스트!D:D,전체리스트!A:A,B10,전체리스트!C:C,D10) -> 2530080 | F10: =E10-G10 -> 1012032 | G10: =SUMIFS(전체리스트!E:E,전체리스트!A:A,B10,전체리스트!C:C,D10) -> 1518048 | H10: =G10*0.05 -> 75902.4 | I10: =G10-H10 -> 1442145.6
B11: 피너툰 | C11: =VLOOKUP(B11,raw_a,2,0) -> 11월분 | D11: 꿈꾸는 먹잇감 | E11: =SUMIFS(전체리스트!D:D,전체리스트!A:A,B11,전체리스트!C:C,D11) -> 2461900 | F11: =E11-G11 -> 984760 | G11: =SUMIFS(전체리스트!E:E,전체리스트!A:A,B11,전체리스트!C:C,D11) -> 1477140 | H11: =G11*0.05 -> 73857 | I11: =G11-H11 -> 1403283
B12: 피너툰 | C12: =VLOOKUP(B12,raw_a,2,0) -> 11월분 | D12: 대표님, 오늘은 아니에요 | E12: =SUMIFS(전체리스트!D:D,전체리스트!A:A,B12,전체리스트!C:C,D12) -> 1486380 | F12: =E12-G12 -> 594552 | G12: =SUMIFS(전체리스트!E:E,전체리스트!A:A,B12,전체리스트!C:C,D12) -> 891828 | H12: =G12*0.05 -> 44591.4 | I12: =G12-H12 -> 847236.6
B13: 피너툰 | C13: =VLOOKUP(B13,raw_a,2,0) -> 11월분 | D13: 꿰인 사이 | E13: =SUMIFS(전체리스트!D:D,전체리스트!A:A,B13,전체리스트!C:C,D13) -> 780360 | F13: =E13-G13 -> 312144 | G13: =SUMIFS(전체리스트!E:E,전체리스트!A:A,B13,전체리스트!C:C,D13) -> 468216 | H13: =G13*0.05 -> 23410.8 | I13: =G13-H13 -> 444805.2
B14: 피너툰 | C14: =VLOOKUP(B14,raw_a,2,0) -> 11월분 | D14: 어디에서든 널 원해! | E14: =SUMIFS(전체리스트!D:D,전체리스트!A:A,B14,전체리스트!C:C,D14) -> 700980 | F14: =E14-G14 -> 280392 | G14: =SUMIFS(전체리스트!E:E,전체리스트!A:A,B14,전체리스트!C:C,D14) -> 420588 | H14: =G14*0.05 -> 21029.4 | I14: =G14-H14 -> 399558.6
B15: 피너툰 | C15: =VLOOKUP(B15,raw_a,2,0) -> 11월분 | D15: 거짓말, 뱀파이어가 어디 있어? | E15: =SUMIFS(전체리스트!D:D,전체리스트!A:A,B15,전체리스트!C:C,D15) -> 422520 | F15: =E15-G15 -> 169008 | G15: =SUMIFS(전체리스트!E:E,전체리스트!A:A,B15,전체리스트!C:C,D15) -> 253512 | H15: =G15*0.05 -> 12675.6 | I15: =G15-H15 -> 240836.4
B16: 피너툰 | C16: =VLOOKUP(B16,raw_a,2,0) -> 11월분 | D16: 사랑할 수 없는 그녀 | E16: =SUMIFS(전체리스트!D:D,전체리스트!A:A,B16,전체리스트!C:C,D16) -> 390880 | F16: =E16-G16 -> 156352 | G16: =SUMIFS(전체리스트!E:E,전체리스트!A:A,B16,전체리스트!C:C,D16) -> 234528 | H16: =G16*0.05 -> 11726.4 | I16: =G16-H16 -> 222801.6
B17: 피너툰 | C17: =VLOOKUP(B17,raw_a,2,0) -> 11월분 | D17: 망나니 도련님 조교일지 | E17: =SUMIFS(전체리스트!D:D,전체리스트!A:A,B17,전체리스트!C:C,D17) -> 296380 | F17: =E17-G17 -> 118552 | G17: =SUMIFS(전체리스트!E:E,전체리스트!A:A,B17,전체리스트!C:C,D17) -> 177828 | H17: =G17*0.05 -> 8891.4 | I17: =G17-H17 -> 168936.6
... B42: 피너툰 | C42: =VLOOKUP(B42,raw_a,2,0) -> 11월분 | D42: 악마와 나 사이에는 | E42: =SUMIFS(전체리스트!D:D,전체리스트!A:A,B42,전체리스트!C:C,D42) -> 420 | F42: =E42-G42 -> 168 | G42: =SUMIFS(전체리스트!E:E,전체리스트!A:A,B42,전체리스트!C:C,D42) -> 252 | H42: =G42*0.05 -> 12.6 | I42: =G42-H42 -> 239.4
B43: 합계 | E43: =SUM(E6:E42) -> 43467060 | F43: =SUM(F6:F42) -> 17386824 | G43: =SUM(G6:G42) -> 26080236 | H43: =SUM(H6:H42) -> 1304011.8 | I43: =SUM(I6:I42) -> 24776224 | J43: =SUM(J6:J42) -> 0

Sheet 빌리빌리
G3: 3개월 평균
B4: [RS 정산 기준] | F4: 환율(CNY) | G4: =VLOOKUP(B6,raw_a,6,0) -> 183.2
B5: 사이트명 | C5: 매출월 | D5: 작품명 | E5: 소비자매출액 | F5: 유통사수수료 | G5: 스토리위즈매출액 | H5: 스토리위즈수익 | I5: 스토리숲 수익 | J5: 비고
B6: 빌리빌리 | C6: =VLOOKUP(B6,raw_a,2,0) -> 11월분 | D6: 模仿者的我竟成为了作家助理 파쿠리인 내가 어시를 | E6: =SUMIFS(전체리스트!D:D,전체리스트!A:A,B6,전체리스트!C:C,D6) -> 41.415 | G6: =SUMIFS(전체리스트!E:E,전체리스트!A:A,B6,전체리스트!C:C,D6) -> 7587.228 | H6: =G6*0.05 -> 379.3614 | I6: =G6-H6 -> 7207.8666
B7: 빌리빌리 | C7: =VLOOKUP(B7,raw_a,2,0) -> 11월분 | D7: 我与恶魔之间（恶魔和我之间） 악마와 나 사이에는 | E7: =SUMIFS(전체리스트!D:D,전체리스트!A:A,B7,전체리스트!C:C,D7) -> 21.60375 | G7: =SUMIFS(전체리스트!E:E,전체리스트!A:A,B7,전체리스트!C:C,D7) -> 3957.807 | H7: =G7*0.05 -> 197.89035 | I7: =G7-H7 -> 3759.9166
B8: 빌리빌리 | C8: =VLOOKUP(B8,raw_a,2,0) -> 11월분 | D8: 和她们同居了（一家两个人） 한 집 두 살림 | E8: =SUMIFS(전체리스트!D:D,전체리스트!A:A,B8,전체리스트!C:C,D8) -> 261.26288 | G8: =SUMIFS(전체리스트!E:E,전체리스트!A:A,B8,전체리스트!C:C,D8) -> 47863.359 | H8: =G8*0.05 -> 2393.1679 | I8: =G8-H8 -> 45470.191
B9: 빌리빌리 | C9: =VLOOKUP(B9,raw_a,2,0) -> 11월분 | D9: 我加热了魔王的冷血（普伦西娅之花） 프렌시아의 꽃 | E9: =SUMIFS(전체리스트!D:D,전체리스트!A:A,B9,전체리스트!C:C,D9) -> 154.9245 | G9: =SUMIFS(전체리스트!E:E,전체리스트!A:A,B9,전체리스트!C:C,D9) -> 28382.168 | H9: =G9*0.05 -> 1419.1084 | I9: =G9-H9 -> 26963.06
B10: 빌리빌리 | C10: =VLOOKUP(B10,raw_a,2,0) -> 11월분 | D10: 求你让我做个人吧（和我做一次有那么难吗？） 한번만 부탁해 | E10: =SUMIFS(전체리스트!D:D,전체리스트!A:A,B10,전체리스트!C:C,D10) -> 376.06838 | G10: =SUMIFS(전체리스트!E:E,전체리스트!A:A,B10,전체리스트!C:C,D10) -> 68895.726 | H10: =G10*0.05 -> 3444.7863 | I10: =G10-H10 -> 65450.94
B11: 빌리빌리 | C11: =VLOOKUP(B11,raw_a,2,0) -> 11월분 | D11: 老虎出嫁的那一天 호랑이 장가드는 날 | E11: =SUMIFS(전체리스트!D:D,전체리스트!A:A,B11,전체리스트!C:C,D11) -> 74.614125 | G11: =SUMIFS(전체리스트!E:E,전체리스트!A:A,B11,전체리스트!C:C,D11) -> 13669.308 | H11: =G11*0.05 -> 683.46538 | I11: =G11-H11 -> 12985.842
B12: 빌리빌리 | C12: =VLOOKUP(B12,raw_a,2,0) -> 11월분 | D12: 看见鬼怪的公爵夫人 귀신 보는 공작 부인 | E12: =SUMIFS(전체리스트!D:D,전체리스트!A:A,B12,전체리스트!C:C,D12) -> 151.47938 | G12: =SUMIFS(전체리스트!E:E,전체리스트!A:A,B12,전체리스트!C:C,D12) -> 27751.021 | H12: =G12*0.05 -> 1387.5511 | I12: =G12-H12 -> 26363.47
B13: 빌리빌리 | C13: =VLOOKUP(B13,raw_a,2,0) -> 11월분 | D13: 神仙也会谈恋爱？！ 신들의 연애사정 | E13: =SUMIFS(전체리스트!D:D,전체리스트!A:A,B13,전체리스트!C:C,D13) -> 21.156375 | G13: =SUMIFS(전체리스트!E:E,전체리스트!A:A,B13,전체리스트!C:C,D13) -> 3875.8479 | H13: =G13*0.05 -> 193.79239 | I13: =G13-H13 -> 3682.0555
B14: 합계 | E14: =SUM(E6:E13) -> 1102.5244 | F14: =SUM(F6:F13) -> 0 | G14: =SUM(G6:G13) -> 201982.47 | H14: =SUM(H6:H13) -> 10099.123 | I14: =SUM(I6:I13) -> 191883.34 | J14: =SUM(J6:J13) -> 0

Sheet INKR
G3: 3개월 평균
B4: [RS 정산 기준] | F4: 환율(USD) | G4: =VLOOKUP(B6,raw_a,6,0) -> 1282.2
B5: 사이트명 | C5: 매출월 | D5: 작품명 | E5: 소비자매출액 | F5: 유통사수수료 | G5: 스토리위즈매출액 | H5: 스토리위즈수익 | I5: 스토리숲 수익 | J5: 비고
B6: INKR | C6: =VLOOKUP(B6,raw_a,2,0) -> 10월분 | D6: 말도 안되는 관계 | E6: =SUMIFS(전체리스트!D:D,전체리스트!A:A,B6,전체리스트!C:C,D6) -> 0.014529152 | G6: =SUMIFS(전체리스트!E:E,전체리스트!A:A,B6,전체리스트!C:C,D6) -> 18.629279 | H6: =G6*0.05 -> 0.93146395 | I6: =G6-H6 -> 17.697815
B7: INKR | C7: =VLOOKUP(B7,raw_a,2,0) -> 10월분 | D7: 아랫집 웬수 | E7: =SUMIFS(전체리스트!D:D,전체리스트!A:A,B7,전체리스트!C:C,D7) -> 5.8556188 | G7: =SUMIFS(전체리스트!E:E,전체리스트!A:A,B7,전체리스트!C:C,D7) -> 7508.0745 | H7: =G7*0.05 -> 375.40372 | I7: =G7-H7 -> 7132.6707
B8: INKR | C8: =VLOOKUP(B8,raw_a,2,0) -> 10월분 | D8: 망나니 도련님 조교일지 | E8: =SUMIFS(전체리스트!D:D,전체리스트!A:A,B8,전체리스트!C:C,D8) -> 8.4747502 | G8: =SUMIFS(전체리스트!E:E,전체리스트!A:A,B8,전체리스트!C:C,D8) -> 10866.325 | H8: =G8*0.05 -> 543.31624 | I8: =G8-H8 -> 10323.009
B9: INKR | C9: =VLOOKUP(B9,raw_a,2,0) -> 10월분 | D9: 망나니 도련님 조교일지(개정판) | E9: =SUMIFS(전체리스트!D:D,전체리스트!A:A,B9,전체리스트!C:C,D9) -> 55.004111 | G9: =SUMIFS(전체리스트!E:E,전체리스트!A:A,B9,전체리스트!C:C,D9) -> 70526.271 | H9: =G9*0.05 -> 3526.3136 | I9: =G9-H9 -> 66999.958
B10: INKR | C10: =VLOOKUP(B10,raw_a,2,0) -> 10월분 | D10: 인유어드림 | E10: =SUMIFS(전체리스트!D:D,전체리스트!A:A,B10,전체리스트!C:C,D10) -> 0.0040090055 | G10: =SUMIFS(전체리스트!E:E,전체리스트!A:A,B10,전체리스트!C:C,D10) -> 5.1403469 | H10: =G10*0.05 -> 0.25701734 | I10: =G10-H10 -> 4.8833295
B11: INKR | C11: =VLOOKUP(B11,raw_a,2,0) -> 10월분 | D11: 연애포차 | E11: =SUMIFS(전체리스트!D:D,전체리스트!A:A,B11,전체리스트!C:C,D11) -> 2.4039889 | G11: =SUMIFS(전체리스트!E:E,전체리스트!A:A,B11,전체리스트!C:C,D11) -> 3082.3946 | H11: =G11*0.05 -> 154.11973 | I11: =G11-H11 -> 2928.2748
B12: INKR | C12: =VLOOKUP(B12,raw_a,2,0) -> 10월분 | D12: 수컷하우스 맨심 | E12: =SUMIFS(전체리스트!D:D,전체리스트!A:A,B12,전체리스트!C:C,D12) -> 1.7425068 | G12: =SUMIFS(전체리스트!E:E,전체리스트!A:A,B12,전체리스트!C:C,D12) -> 2234.2422 | H12: =G12*0.05 -> 111.71211 | I12: =G12-H12 -> 2122.5301
B13: INKR | C13: =VLOOKUP(B13,raw_a,2,0) -> 10월분 | D13: BL 패티쉬 단편선 | E13: =SUMIFS(전체리스트!D:D,전체리스트!A:A,B13,전체리스트!C:C,D13) -> 2.1403974 | G13: =SUMIFS(전체리스트!E:E,전체리스트!A:A,B13,전체리스트!C:C,D13) -> 2744.4175 | H13: =G13*0.05 -> 137.22088 | I13: =G13-H13 -> 2607.1967
B14: INKR | C14: =VLOOKUP(B14,raw_a,2,0) -> 10월분 | D14: 내 자기님이 로그인하셨습니다 | E14: =SUMIFS(전체리스트!D:D,전체리스트!A:A,B14,전체리스트!C:C,D14) -> 19.31548 | G14: =SUMIFS(전체리스트!E:E,전체리스트!A:A,B14,전체리스트!C:C,D14) -> 24766.309 | H14: =G14*0.05 -> 1238.3155 | I14: =G14-H14 -> 23527.994
B15: INKR | C15: =VLOOKUP(B15,raw_a,2,0) -> 10월분 | D15: 거짓말 ! 뱀파이어가 어디있어? | E15: =SUMIFS(전체리스트!D:D,전체리스트!A:A,B15,전체리스트!C:C,D15) -> 15.81174 | G15: =SUMIFS(전체리스트!E:E,전체리스트!A:A,B15,전체리스트!C:C,D15) -> 20273.813 | H15: =G15*0.05 -> 1013.6907 | I15: =G15-H15 -> 19260.123
B16: INKR | C16: =VLOOKUP(B16,raw_a,2,0) -> 10월분 | D16: 수렁 | E16: =SUMIFS(전체리스트!D:D,전체리스트!A:A,B16,전체리스트!C:C,D16) -> 13.049505 | G16: =SUMIFS(전체리스트!E:E,전체리스트!A:A,B16,전체리스트!C:C,D16) -> 16732.075 | H16: =G16*0.05 -> 836.60374 | I16: =G16-H16 -> 15895.471
B17: INKR | C17: =VLOOKUP(B17,raw_a,2,0) -> 10월분 | D17: 프렌시아의 꽃 | E17: =SUMIFS(전체리스트!D:D,전체리스트!A:A,B17,전체리스트!C:C,D17) -> 3.4559913 | G17: =SUMIFS(전체리스트!E:E,전체리스트!A:A,B17,전체리스트!C:C,D17) -> 4431.2721 | H17: =G17*0.05 -> 221.5636 | I17: =G17-H17 -> 4209.7085
... B23: INKR | C23: =VLOOKUP(B23,raw_a,2,0) -> 10월분 | D23: 츤데레 흥신소(개정판) | E23: =SUMIFS(전체리스트!D:D,전체리스트!A:A,B23,전체리스트!C:C,D23) -> 10.617645 | G23: =SUMIFS(전체리스트!E:E,전체리스트!A:A,B23,전체리스트!C:C,D23) -> 13613.944 | H23: =G23*0.05 -> 680.6972 | I23: =G23-H23 -> 12933.247
B24: 합계 | E24: =SUM(E6:E23) -> 242.56521 | F24: =SUM(F6:F23) -> 0 | G24: =SUM(G6:G23) -> 311017.11 | H24: =SUM(H6:H23) -> 15550.856 | I24: =SUM(I6:I23) -> 295466.26 | J24: =SUM(J6:J23) -> 0

Sheet 투믹스
B4: [RS 정산 기준]
B5: 사이트명 | C5: 매출월 | D5: 작품명 | E5: 소비자매출액 | F5: 유통사수수료 | G5: 스토리위즈매출액 | H5: 스토리위즈수익 | I5: 스토리숲 수익 | J5: 비고
B6: 투믹스 | C6: =VLOOKUP(B6,raw_a,2,0) -> 11월분 | D6: 속도위반 대표님과 계약 아내 | E6: =SUMIFS(전체리스트!D:D,전체리스트!A:A,B6,전체리스트!C:C,D6) -> 395892 | F6: =E6-G6 -> 0 | G6: =SUMIFS(전체리스트!E:E,전체리스트!A:A,B6,전체리스트!C:C,D6) -> 395892 | H6: =G6*0.05 -> 19794.6 | I6: =G6-H6 -> 376097.4
B7: 투믹스 | C7: =VLOOKUP(B7,raw_a,2,0) -> 11월분 | D7: 사랑할 수 없는 그녀 | E7: =SUMIFS(전체리스트!D:D,전체리스트!A:A,B7,전체리스트!C:C,D7) -> 50022 | F7: =E7-G7 -> 0 | G7: =SUMIFS(전체리스트!E:E,전체리스트!A:A,B7,전체리스트!C:C,D7) -> 50022 | H7: =G7*0.05 -> 2501.1 | I7: =G7-H7 -> 47520.9
B8: 투믹스 | C8: =VLOOKUP(B8,raw_a,2,0) -> 11월분 | D8: 호랑이 장가 드는 날 | E8: =SUMIFS(전체리스트!D:D,전체리스트!A:A,B8,전체리스트!C:C,D8) -> 3150 | F8: =E8-G8 -> 0 | G8: =SUMIFS(전체리스트!E:E,전체리스트!A:A,B8,전체리스트!C:C,D8) -> 3150 | H8: =G8*0.05 -> 157.5 | I8: =G8-H8 -> 2992.5
B9: 투믹스 | C9: =VLOOKUP(B9,raw_a,2,0) -> 11월분 | D9: 호랑이 장가 드는 날 (개정판) | E9: =SUMIFS(전체리스트!D:D,전체리스트!A:A,B9,전체리스트!C:C,D9) -> 33390 | F9: =E9-G9 -> 0 | G9: =SUMIFS(전체리스트!E:E,전체리스트!A:A,B9,전체리스트!C:C,D9) -> 33390 | H9: =G9*0.05 -> 1669.5 | I9: =G9-H9 -> 31720.5
B10: 투믹스 | C10: =VLOOKUP(B10,raw_a,2,0) -> 11월분 | D10: 파쿠리인 내가 어시를?! | E10: =SUMIFS(전체리스트!D:D,전체리스트!A:A,B10,전체리스트!C:C,D10) -> 756 | F10: =E10-G10 -> 0 | G10: =SUMIFS(전체리스트!E:E,전체리스트!A:A,B10,전체리스트!C:C,D10) -> 756 | H10: =G10*0.05 -> 37.8 | I10: =G10-H10 -> 718.2
B11: 투믹스 | C11: =VLOOKUP(B11,raw_a,2,0) -> 11월분 | D11: 옆집 최애 | E11: =SUMIFS(전체리스트!D:D,전체리스트!A:A,B11,전체리스트!C:C,D11) -> 8820 | F11: =E11-G11 -> 0 | G11: =SUMIFS(전체리스트!E:E,전체리스트!A:A,B11,전체리스트!C:C,D11) -> 8820 | H11: =G11*0.05 -> 441 | I11: =G11-H11 -> 8379
B12: 투믹스 | C12: =VLOOKUP(B12,raw_a,2,0) -> 11월분 | D12: 옆집 최애 (개정판) | E12: =SUMIFS(전체리스트!D:D,전체리스트!A:A,B12,전체리스트!C:C,D12) -> 2263 | F12: =E12-G12 -> 0 | G12: =SUMIFS(전체리스트!E:E,전체리스트!A:A,B12,전체리스트!C:C,D12) -> 2263 | H12: =G12*0.05 -> 113.15 | I12: =G12-H12 -> 2149.85
B13: 투믹스 | C13: =VLOOKUP(B13,raw_a,2,0) -> 11월분 | D13: 사랑과 우정 사이에서 | E13: =SUMIFS(전체리스트!D:D,전체리스트!A:A,B13,전체리스트!C:C,D13) -> 27846 | F13: =E13-G13 -> 0 | G13: =SUMIFS(전체리스트!E:E,전체리스트!A:A,B13,전체리스트!C:C,D13) -> 27846 | H13: =G13*0.05 -> 1392.3 | I13: =G13-H13 -> 26453.7
B14: 투믹스 | C14: =VLOOKUP(B14,raw_a,2,0) -> 11월분 | D14: 연애포차 | E14: =SUMIFS(전체리스트!D:D,전체리스트!A:A,B14,전체리스트!C:C,D14) -> 1764 | F14: =E14-G14 -> 0 | G14: =SUMIFS(전체리스트!E:E,전체리스트!A:A,B14,전체리스트!C:C,D14) -> 1764 | H14: =G14*0.05 -> 88.2 | I14: =G14-H14 -> 1675.8
B15: 투믹스 | C15: =VLOOKUP(B15,raw_a,2,0) -> 11월분 | D15: 탑배우의 이중생활 | E15: =SUMIFS(전체리스트!D:D,전체리스트!A:A,B15,전체리스트!C:C,D15) -> 2268 | F15: =E15-G15 -> 0 | G15: =SUMIFS(전체리스트!E:E,전체리스트!A:A,B15,전체리스트!C:C,D15) -> 2268 | H15: =G15*0.05 -> 113.4 | I15: =G15-H15 -> 2154.6
B16: 투믹스 | C16: =VLOOKUP(B16,raw_a,2,0) -> 11월분 | D16: 수렁 | E16: =SUMIFS(전체리스트!D:D,전체리스트!A:A,B16,전체리스트!C:C,D16) -> 6300 | F16: =E16-G16 -> 0 | G16: =SUMIFS(전체리스트!E:E,전체리스트!A:A,B16,전체리스트!C:C,D16) -> 6300 | H16: =G16*0.05 -> 315 | I16: =G16-H16 -> 5985
B17: 투믹스 | C17: =VLOOKUP(B17,raw_a,2,0) -> 11월분 | D17: 극한공녀 [라라툰] | E17: =SUMIFS(전체리스트!D:D,전체리스트!A:A,B17,전체리스트!C:C,D17) -> 252 | F17: =E17-G17 -> 0 | G17: =SUMIFS(전체리스트!E:E,전체리스트!A:A,B17,전체리스트!C:C,D17) -> 252 | H17: =G17*0.05 -> 12.6 | I17: =G17-H17 -> 239.4
... B53: 투믹스 | C53: =VLOOKUP(B53,raw_a,2,0) -> 11월분 | D53: 광속으로 레벨업 | E53: =SUMIFS(전체리스트!D:D,전체리스트!A:A,B53,전체리스트!C:C,D53) -> 428526 | F53: =E53-G53 -> 0 | G53: =SUMIFS(전체리스트!E:E,전체리스트!A:A,B53,전체리스트!C:C,D53) -> 428526 | H53: =G53*0.05 -> 21426.3 | I53: =G53-H53 -> 407099.7
B54: 합계 | E54: =SUM(E6:E53) -> 3137517 | F54: =SUM(F6:F53) -> 0 | G54: =SUM(G6:G53) -> 3137517 | H54: =SUM(H6:H53) -> 156875.85 | I54: =SUM(I6:I53) -> 2980641.2 | J54: =SUM(J6:J53) -> 0

Sheet 코믹툰
B4: [RS 정산 기준]
B5: 사이트명 | C5: 매출월 | D5: 작품명 | E5: 소비자매출액 | F5: 유통사수수료 | G5: 스토리위즈매출액 | H5: 스토리위즈수익 | I5: 스토리숲 수익 | J5: 비고
B6: 코믹툰 | C6: =VLOOKUP(B6,raw_a,2,0) -> 11월분 | D6: 거짓말! 뱀파이어가 어디있어 | E6: =SUMIFS(전체리스트!D:D,전체리스트!A:A,B6,전체리스트!C:C,D6) -> 3662.0545 | F6: =E6-G6 -> 0 | G6: =SUMIFS(전체리스트!E:E,전체리스트!A:A,B6,전체리스트!C:C,D6) -> 3662.0545 | H6: =G6*0.05 -> 183.10273 | I6: =G6-H6 -> 3478.9518
B7: 코믹툰 | C7: =VLOOKUP(B7,raw_a,2,0) -> 11월분 | D7: 극한공녀 | E7: =SUMIFS(전체리스트!D:D,전체리스트!A:A,B7,전체리스트!C:C,D7) -> 168 | F7: =E7-G7 -> 0 | G7: =SUMIFS(전체리스트!E:E,전체리스트!A:A,B7,전체리스트!C:C,D7) -> 168 | H7: =G7*0.05 -> 8.4 | I7: =G7-H7 -> 159.6
B8: 코믹툰 | C8: =VLOOKUP(B8,raw_a,2,0) -> 11월분 | D8: 내 자기님이 로그인 하셨습니다. | E8: =SUMIFS(전체리스트!D:D,전체리스트!A:A,B8,전체리스트!C:C,D8) -> 1683.7032 | F8: =E8-G8 -> 0 | G8: =SUMIFS(전체리스트!E:E,전체리스트!A:A,B8,전체리스트!C:C,D8) -> 1683.7032 | H8: =G8*0.05 -> 84.185161 | I8: =G8-H8 -> 1599.5181
B9: 코믹툰 | C9: =VLOOKUP(B9,raw_a,2,0) -> 11월분 | D9: 말도 안되는 관계 | E9: =SUMIFS(전체리스트!D:D,전체리스트!A:A,B9,전체리스트!C:C,D9) -> 168.37032 | F9: =E9-G9 -> 0 | G9: =SUMIFS(전체리스트!E:E,전체리스트!A:A,B9,전체리스트!C:C,D9) -> 168.37032 | H9: =G9*0.05 -> 8.4185161 | I9: =G9-H9 -> 159.95181
B10: 코믹툰 | C10: =VLOOKUP(B10,raw_a,2,0) -> 11월분 | D10: 사랑과 우정 사이에서 | E10: =SUMIFS(전체리스트!D:D,전체리스트!A:A,B10,전체리스트!C:C,D10) -> 1768 | F10: =E10-G10 -> 0 | G10: =SUMIFS(전체리스트!E:E,전체리스트!A:A,B10,전체리스트!C:C,D10) -> 1768 | H10: =G10*0.05 -> 88.4 | I10: =G10-H10 -> 1679.6
B11: 코믹툰 | C11: =VLOOKUP(B11,raw_a,2,0) -> 11월분 | D11: 아랫집 웬수 | E11: =SUMIFS(전체리스트!D:D,전체리스트!A:A,B11,전체리스트!C:C,D11) -> 126.27774 | F11: =E11-G11 -> 0 | G11: =SUMIFS(전체리스트!E:E,전체리스트!A:A,B11,전체리스트!C:C,D11) -> 126.27774 | H11: =G11*0.05 -> 6.3138871 | I11: =G11-H11 -> 119.96385
B12: 코믹툰 | C12: =VLOOKUP(B12,raw_a,2,0) -> 11월분 | D12: 악마와 나 사이에는 | E12: =SUMIFS(전체리스트!D:D,전체리스트!A:A,B12,전체리스트!C:C,D12) -> 926.03677 | F12: =E12-G12 -> 0 | G12: =SUMIFS(전체리스트!E:E,전체리스트!A:A,B12,전체리스트!C:C,D12) -> 926.03677 | H12: =G12*0.05 -> 46.301839 | I12: =G12-H12 -> 879.73494
B13: 코믹툰 | C13: =VLOOKUP(B13,raw_a,2,0) -> 11월분 | D13: 옆집 최애 | E13: =SUMIFS(전체리스트!D:D,전체리스트!A:A,B13,전체리스트!C:C,D13) -> 1178.5923 | F13: =E13-G13 -> 0 | G13: =SUMIFS(전체리스트!E:E,전체리스트!A:A,B13,전체리스트!C:C,D13) -> 1178.5923 | H13: =G13*0.05 -> 58.929613 | I13: =G13-H13 -> 1119.6626
B14: 코믹툰 | C14: =VLOOKUP(B14,raw_a,2,0) -> 11월분 | D14: 한번만 해주는게 그렇게 어려워? (한 번만 부탁해!) | E14: =SUMIFS(전체리스트!D:D,전체리스트!A:A,B14,전체리스트!C:C,D14) -> 2525.5548 | F14: =E14-G14 -> 0 | G14: =SUMIFS(전체리스트!E:E,전체리스트!A:A,B14,전체리스트!C:C,D14) -> 2525.5548 | H14: =G14*0.05 -> 126.27774 | I14: =G14-H14 -> 2399.2771
B15: 코믹툰 | C15: =VLOOKUP(B15,raw_a,2,0) -> 11월분 | D15: 호랑이 장가드는 날 | E15: =SUMIFS(전체리스트!D:D,전체리스트!A:A,B15,전체리스트!C:C,D15) -> 42.092581 | F15: =E15-G15 -> 0 | G15: =SUMIFS(전체리스트!E:E,전체리스트!A:A,B15,전체리스트!C:C,D15) -> 42.092581 | H15: =G15*0.05 -> 2.104629 | I15: =G15-H15 -> 39.987952
B16: 코믹툰 | C16: =VLOOKUP(B16,raw_a,2,0) -> 11월분 | D16: 황비님? 황비님! | E16: =SUMIFS(전체리스트!D:D,전체리스트!A:A,B16,전체리스트!C:C,D16) -> 3367.4065 | F16: =E16-G16 -> 0 | G16: =SUMIFS(전체리스트!E:E,전체리스트!A:A,B16,전체리스트!C:C,D16) -> 3367.4065 | H16: =G16*0.05 -> 168.37032 | I16: =G16-H16 -> 3199.0361
B17: 합계 | E17: =SUM(E6:E16) -> 15616.089 | F17: =SUM(F6:F16) -> 0 | G17: =SUM(G6:G16) -> 15616.089 | H17: =SUM(H6:H16) -> 780.80444 | I17: =SUM(I6:I16) -> 14835.284 | J17: =SUM(J6:J16) -> 0

Sheet 타파스
G3: 3개월 평균
B4: [RS 정산 기준] | D4: 분기정산 | F4: 환율(USD) | G4: =VLOOKUP(B6,raw_a,6,0) -> 1230.1
B5: 사이트명 | C5: 매출월 | D5: 작품명 | E5: 소비자매출액 | F5: 유통사수수료 | G5: 스토리위즈매출액 | H5: 스토리위즈수익 | I5: 스토리숲 수익 | J5: 비고
B6: 타파스 | C6: =VLOOKUP(B6,raw_a,2,0) -> 4~9월분 | D6: Tied Up in Twins(사랑과 우정사이에서) | E6: =SUMIFS(전체리스트!D:D,전체리스트!A:A,B6,전체리스트!C:C,D6) -> 0 | G6: =SUMIFS(전체리스트!E:E,전체리스트!A:A,B6,전체리스트!C:C,D6) -> 0 | H6: =G6*0.05 -> 0 | I6: =G6-H6 -> 0
B7: 타파스 | C7: =VLOOKUP(B7,raw_a,2,0) -> 4~9월분 | D7: The Voice Next Door(옆집최애) | E7: =SUMIFS(전체리스트!D:D,전체리스트!A:A,B7,전체리스트!C:C,D7) -> 0 | G7: =SUMIFS(전체리스트!E:E,전체리스트!A:A,B7,전체리스트!C:C,D7) -> 0 | H7: =G7*0.05 -> 0 | I7: =G7-H7 -> 0
B8: 타파스 | C8: =VLOOKUP(B8,raw_a,2,0) -> 4~9월분 | D8: In Your Dream(인유어 드림) | E8: =SUMIFS(전체리스트!D:D,전체리스트!A:A,B8,전체리스트!C:C,D8) -> 0 | G8: =SUMIFS(전체리스트!E:E,전체리스트!A:A,B8,전체리스트!C:C,D8) -> 0 | H8: =G8*0.05 -> 0 | I8: =G8-H8 -> 0
B9: 합계 | E9: =SUM(E6:E8) -> 0 | F9: =SUM(F6:F8) -> 0 | G9: =SUM(G6:G8) -> 0 | H9: =SUM(H6:H8) -> 0 | I9: =SUM(I6:I8) -> 0 | J9: =SUM(J6:J8) -> 0

Sheet 코핀코믹스
B4: [RS 정산 기준]
B5: 사이트명 | C5: 매출월 | D5: 작품명 | E5: 소비자매출액 | F5: 유통사수수료 | G5: 스토리위즈매출액 | H5: 스토리위즈수익 | I5: 스토리숲 수익 | J5: 비고
B6: 코핀코믹스 | C6: =VLOOKUP(B6,raw_a,2,0) -> 11월분 | D6: 파쿠리인 내가 어시를 | E6: =SUMIFS(전체리스트!D:D,전체리스트!A:A,B6,전체리스트!C:C,D6) -> 601689 | F6: =E6-G6 -> 300844 | G6: =SUMIFS(전체리스트!E:E,전체리스트!A:A,B6,전체리스트!C:C,D6) -> 300845 | H6: =G6*0.05 -> 15042.25 | I6: =G6-H6 -> 285802.75
B7: 코핀코믹스 | C7: =VLOOKUP(B7,raw_a,2,0) -> 11월분 | D7: 어이상실의 시대 | E7: =SUMIFS(전체리스트!D:D,전체리스트!A:A,B7,전체리스트!C:C,D7) -> 16207 | F7: =E7-G7 -> 8103 | G7: =SUMIFS(전체리스트!E:E,전체리스트!A:A,B7,전체리스트!C:C,D7) -> 8104 | H7: =G7*0.05 -> 405.2 | I7: =G7-H7 -> 7698.8
B8: 코핀코믹스 | C8: =VLOOKUP(B8,raw_a,2,0) -> 11월분 | D8: 어디서든 널 원해 | E8: =SUMIFS(전체리스트!D:D,전체리스트!A:A,B8,전체리스트!C:C,D8) -> 716455 | F8: =E8-G8 -> 358227 | G8: =SUMIFS(전체리스트!E:E,전체리스트!A:A,B8,전체리스트!C:C,D8) -> 358228 | H8: =G8*0.05 -> 17911.4 | I8: =G8-H8 -> 340316.6
B9: 코핀코믹스 | C9: =VLOOKUP(B9,raw_a,2,0) -> 11월분 | D9: 원고를 주세요 | E9: =SUMIFS(전체리스트!D:D,전체리스트!A:A,B9,전체리스트!C:C,D9) -> 34649 | F9: =E9-G9 -> 17324 | G9: =SUMIFS(전체리스트!E:E,전체리스트!A:A,B9,전체리스트!C:C,D9) -> 17325 | H9: =G9*0.05 -> 866.25 | I9: =G9-H9 -> 16458.75
B10: 코핀코믹스 | C10: =VLOOKUP(B10,raw_a,2,0) -> 11월분 | D10: 한 집 두 살림 | E10: =SUMIFS(전체리스트!D:D,전체리스트!A:A,B10,전체리스트!C:C,D10) -> 20487 | F10: =E10-G10 -> 10243 | G10: =SUMIFS(전체리스트!E:E,전체리스트!A:A,B10,전체리스트!C:C,D10) -> 10244 | H10: =G10*0.05 -> 512.2 | I10: =G10-H10 -> 9731.8
B11: 코핀코믹스 | C11: =VLOOKUP(B11,raw_a,2,0) -> 11월분 | D11: 페티쉬 BL 단편선 | E11: =SUMIFS(전체리스트!D:D,전체리스트!A:A,B11,전체리스트!C:C,D11) -> 1309 | F11: =E11-G11 -> 654 | G11: =SUMIFS(전체리스트!E:E,전체리스트!A:A,B11,전체리스트!C:C,D11) -> 655 | H11: =G11*0.05 -> 32.75 | I11: =G11-H11 -> 622.25
B12: 코핀코믹스 | C12: =VLOOKUP(B12,raw_a,2,0) -> 11월분 | D12: 호랑이 장가드는 날 | E12: =SUMIFS(전체리스트!D:D,전체리스트!A:A,B12,전체리스트!C:C,D12) -> 38206 | F12: =E12-G12 -> 19103 | G12: =SUMIFS(전체리스트!E:E,전체리스트!A:A,B12,전체리스트!C:C,D12) -> 19103 | H12: =G12*0.05 -> 955.15 | I12: =G12-H12 -> 18147.85
B13: 코핀코믹스 | C13: =VLOOKUP(B13,raw_a,2,0) -> 11월분 | D13: 탑배우의 이중생활 | E13: =SUMIFS(전체리스트!D:D,전체리스트!A:A,B13,전체리스트!C:C,D13) -> 30253 | F13: =E13-G13 -> 15126 | G13: =SUMIFS(전체리스트!E:E,전체리스트!A:A,B13,전체리스트!C:C,D13) -> 15127 | H13: =G13*0.05 -> 756.35 | I13: =G13-H13 -> 14370.65
B14: 코핀코믹스 | C14: =VLOOKUP(B14,raw_a,2,0) -> 11월분 | D14: 악마와 나 사이에는 | E14: =SUMIFS(전체리스트!D:D,전체리스트!A:A,B14,전체리스트!C:C,D14) -> 137963 | F14: =E14-G14 -> 68981 | G14: =SUMIFS(전체리스트!E:E,전체리스트!A:A,B14,전체리스트!C:C,D14) -> 68982 | H14: =G14*0.05 -> 3449.1 | I14: =G14-H14 -> 65532.9
B15: 코핀코믹스 | C15: =VLOOKUP(B15,raw_a,2,0) -> 11월분 | D15: 옆집 최애 | E15: =SUMIFS(전체리스트!D:D,전체리스트!A:A,B15,전체리스트!C:C,D15) -> 19816 | F15: =E15-G15 -> 7926 | G15: =SUMIFS(전체리스트!E:E,전체리스트!A:A,B15,전체리스트!C:C,D15) -> 11890 | H15: =G15*0.05 -> 594.5 | I15: =G15-H15 -> 11295.5
B16: 코핀코믹스 | C16: =VLOOKUP(B16,raw_a,2,0) -> 11월분 | D16: 내 자기님이 로그인 하셨습니다 | E16: =SUMIFS(전체리스트!D:D,전체리스트!A:A,B16,전체리스트!C:C,D16) -> 1957 | F16: =E16-G16 -> 783 | G16: =SUMIFS(전체리스트!E:E,전체리스트!A:A,B16,전체리스트!C:C,D16) -> 1174 | H16: =G16*0.05 -> 58.7 | I16: =G16-H16 -> 1115.3
B17: 코핀코믹스 | C17: =VLOOKUP(B17,raw_a,2,0) -> 11월분 | D17: 아랫집 웬수 | E17: =SUMIFS(전체리스트!D:D,전체리스트!A:A,B17,전체리스트!C:C,D17) -> 7724 | F17: =E17-G17 -> 3090 | G17: =SUMIFS(전체리스트!E:E,전체리스트!A:A,B17,전체리스트!C:C,D17) -> 4634 | H17: =G17*0.05 -> 231.7 | I17: =G17-H17 -> 4402.3
B18: 합계 | E18: =SUM(E6:E17) -> 1626715 | F18: =SUM(F6:F17) -> 810404 | G18: =SUM(G6:G17) -> 816311 | H18: =SUM(H6:H17) -> 40815.55 | I18: =SUM(I6:I17) -> 775495.45 | J18: =SUM(J6:J17) -> 0

Sheet 예스24
B4: [RS 정산 기준]
B5: 사이트명 | C5: 매출월 | D5: 작품명 | E5: 소비자매출액 | F5: 유통사수수료 | G5: 스토리위즈매출액 | H5: 스토리위즈수익 | I5: 스토리숲 수익 | J5: 비고
B6: 예스24 | C6: =VLOOKUP(B6,raw_a,2,0) -> 11월분 | D6: 속도위반 대표님과 계약 아내 | E6: =SUMIFS(전체리스트!D:D,전체리스트!A:A,B6,전체리스트!C:C,D6) -> 10200 | F6: =E6-G6 -> 3060 | G6: =SUMIFS(전체리스트!E:E,전체리스트!A:A,B6,전체리스트!C:C,D6) -> 7140 | H6: =G6*0.05 -> 357 | I6: =G6-H6 -> 6783
B7: 예스24 | C7: =VLOOKUP(B7,raw_a,2,0) -> 11월분 | D7: 파쿠리인 내가 어시를 | E7: =SUMIFS(전체리스트!D:D,전체리스트!A:A,B7,전체리스트!C:C,D7) -> 1000 | F7: =E7-G7 -> 300 | G7: =SUMIFS(전체리스트!E:E,전체리스트!A:A,B7,전체리스트!C:C,D7) -> 700 | H7: =G7*0.05 -> 35 | I7: =G7-H7 -> 665
B8: 예스24 | C8: =VLOOKUP(B8,raw_a,2,0) -> 11월분 | D8: 대표님, 사모님이 도망가요 | E8: =SUMIFS(전체리스트!D:D,전체리스트!A:A,B8,전체리스트!C:C,D8) -> 1600 | F8: =E8-G8 -> 480 | G8: =SUMIFS(전체리스트!E:E,전체리스트!A:A,B8,전체리스트!C:C,D8) -> 1120 | H8: =G8*0.05 -> 56 | I8: =G8-H8 -> 1064
B9: 예스24 | C9: =VLOOKUP(B9,raw_a,2,0) -> 11월분 | D9: 대표님의 삐뚤어진 사랑 | E9: =SUMIFS(전체리스트!D:D,전체리스트!A:A,B9,전체리스트!C:C,D9) -> 45600 | F9: =E9-G9 -> 13680 | G9: =SUMIFS(전체리스트!E:E,전체리스트!A:A,B9,전체리스트!C:C,D9) -> 31920 | H9: =G9*0.05 -> 1596 | I9: =G9-H9 -> 30324
B10: 예스24 | C10: =VLOOKUP(B10,raw_a,2,0) -> 11월분 | D10: 호랑이 장가드는 날 | E10: =SUMIFS(전체리스트!D:D,전체리스트!A:A,B10,전체리스트!C:C,D10) -> 2400 | F10: =E10-G10 -> 720 | G10: =SUMIFS(전체리스트!E:E,전체리스트!A:A,B10,전체리스트!C:C,D10) -> 1680 | H10: =G10*0.05 -> 84 | I10: =G10-H10 -> 1596
B11: 예스24 | C11: =VLOOKUP(B11,raw_a,2,0) -> 11월분 | D11: 명판관 장평 | E11: =SUMIFS(전체리스트!D:D,전체리스트!A:A,B11,전체리스트!C:C,D11) -> 1500 | F11: =E11-G11 -> 450 | G11: =SUMIFS(전체리스트!E:E,전체리스트!A:A,B11,전체리스트!C:C,D11) -> 1050 | H11: =G11*0.05 -> 52.5 | I11: =G11-H11 -> 997.5
B12: 예스24 | C12: =VLOOKUP(B12,raw_a,2,0) -> 11월분 | D12: 만지고 싶어! | E12: =SUMIFS(전체리스트!D:D,전체리스트!A:A,B12,전체리스트!C:C,D12) -> 400 | F12: =E12-G12 -> 120 | G12: =SUMIFS(전체리스트!E:E,전체리스트!A:A,B12,전체리스트!C:C,D12) -> 280 | H12: =G12*0.05 -> 14 | I12: =G12-H12 -> 266
B13: 예스24 | C13: =VLOOKUP(B13,raw_a,2,0) -> 11월분 | D13: 꿰인 사이 | E13: =SUMIFS(전체리스트!D:D,전체리스트!A:A,B13,전체리스트!C:C,D13) -> 600 | F13: =E13-G13 -> 180 | G13: =SUMIFS(전체리스트!E:E,전체리스트!A:A,B13,전체리스트!C:C,D13) -> 420 | H13: =G13*0.05 -> 21 | I13: =G13-H13 -> 399
B14: 예스24 | C14: =VLOOKUP(B14,raw_a,2,0) -> 11월분 | D14: 너에게만 음성인식 | E14: =SUMIFS(전체리스트!D:D,전체리스트!A:A,B14,전체리스트!C:C,D14) -> 400 | F14: =E14-G14 -> 120 | G14: =SUMIFS(전체리스트!E:E,전체리스트!A:A,B14,전체리스트!C:C,D14) -> 280 | H14: =G14*0.05 -> 14 | I14: =G14-H14 -> 266
B15: 예스24 | C15: =VLOOKUP(B15,raw_a,2,0) -> 11월분 | D15: 레벨업에 미친 의사 | E15: =SUMIFS(전체리스트!D:D,전체리스트!A:A,B15,전체리스트!C:C,D15) -> 1000 | F15: =E15-G15 -> 300 | G15: =SUMIFS(전체리스트!E:E,전체리스트!A:A,B15,전체리스트!C:C,D15) -> 700 | H15: =G15*0.05 -> 35 | I15: =G15-H15 -> 665
B16: 예스24 | C16: =VLOOKUP(B16,raw_a,2,0) -> 11월분 | D16: 꿈꾸는 먹잇감 | E16: =SUMIFS(전체리스트!D:D,전체리스트!A:A,B16,전체리스트!C:C,D16) -> 400 | F16: =E16-G16 -> 120 | G16: =SUMIFS(전체리스트!E:E,전체리스트!A:A,B16,전체리스트!C:C,D16) -> 280 | H16: =G16*0.05 -> 14 | I16: =G16-H16 -> 266
B17: 예스24 | C17: =VLOOKUP(B17,raw_a,2,0) -> 11월분 | D17: 프렌시아의 꽃 | E17: =SUMIFS(전체리스트!D:D,전체리스트!A:A,B17,전체리스트!C:C,D17) -> 200 | F17: =E17-G17 -> 60 | G17: =SUMIFS(전체리스트!E:E,전체리스트!A:A,B17,전체리스트!C:C,D17) -> 140 | H17: =G17*0.05 -> 7 | I17: =G17-H17 -> 133
B18: 합계 | E18: =SUM(E6:E17) -> 65300 | F18: =SUM(F6:F17) -> 19590 | G18: =SUM(G6:G17) -> 45710 | H18: =SUM(H6:H17) -> 2285.5 | I18: =SUM(I6:I17) -> 43424.5 | J18: =SUM(J6:J17) -> 0

Sheet 핑거스토리_큐툰
B4: [RS 정산 기준]
B5: 사이트명 | C5: 매출월 | D5: 작품명 | E5: 소비자매출액 | F5: 유통사수수료 | G5: 스토리위즈매출액 | H5: 스토리위즈수익 | I5: 스토리숲 수익 | J5: 비고
B6: 핑거스토리_큐툰 | C6: =VLOOKUP(B6,raw_a,2,0) -> 12월분 | D6: 츤데레 흥신소 | E6: =SUMIFS(전체리스트!D:D,전체리스트!A:A,B6,전체리스트!C:C,D6) -> 9540 | F6: =E6-G6 -> 3816 | G6: =SUMIFS(전체리스트!E:E,전체리스트!A:A,B6,전체리스트!C:C,D6) -> 5724 | H6: =G6*0.05 -> 286.2 | I6: =G6-H6 -> 5437.8
B7: 핑거스토리_큐툰 | C7: =VLOOKUP(B7,raw_a,2,0) -> 12월분 | D7: 옆집 최애 [성인판] | E7: =SUMIFS(전체리스트!D:D,전체리스트!A:A,B7,전체리스트!C:C,D7) -> 14040 | F7: =E7-G7 -> 5616 | G7: =SUMIFS(전체리스트!E:E,전체리스트!A:A,B7,전체리스트!C:C,D7) -> 8424 | H7: =G7*0.05 -> 421.2 | I7: =G7-H7 -> 8002.8
B8: 핑거스토리_큐툰 | C8: =VLOOKUP(B8,raw_a,2,0) -> 12월분 | D8: 사랑과 우정 사이에서 [일반판] | E8: =SUMIFS(전체리스트!D:D,전체리스트!A:A,B8,전체리스트!C:C,D8) -> 3510 | F8: =E8-G8 -> 1404 | G8: =SUMIFS(전체리스트!E:E,전체리스트!A:A,B8,전체리스트!C:C,D8) -> 2106 | H8: =G8*0.05 -> 105.3 | I8: =G8-H8 -> 2000.7
B9: 핑거스토리_큐툰 | C9: =VLOOKUP(B9,raw_a,2,0) -> 12월분 | D9: 사랑과 우정 사이에서 [성인판] | E9: =SUMIFS(전체리스트!D:D,전체리스트!A:A,B9,전체리스트!C:C,D9) -> 9720 | F9: =E9-G9 -> 3888 | G9: =SUMIFS(전체리스트!E:E,전체리스트!A:A,B9,전체리스트!C:C,D9) -> 5832 | H9: =G9*0.05 -> 291.6 | I9: =G9-H9 -> 5540.4
B10: 핑거스토리_큐툰 | C10: =VLOOKUP(B10,raw_a,2,0) -> 12월분 | D10: 파쿠리인 내가 어시를 | E10: =SUMIFS(전체리스트!D:D,전체리스트!A:A,B10,전체리스트!C:C,D10) -> 19620 | F10: =E10-G10 -> 7848 | G10: =SUMIFS(전체리스트!E:E,전체리스트!A:A,B10,전체리스트!C:C,D10) -> 11772 | H10: =G10*0.05 -> 588.6 | I10: =G10-H10 -> 11183.4
B11: 핑거스토리_큐툰 | C11: =VLOOKUP(B11,raw_a,2,0) -> 12월분 | D11: 호랑이 장가드는 날 [일반판] | E11: =SUMIFS(전체리스트!D:D,전체리스트!A:A,B11,전체리스트!C:C,D11) -> 22140 | F11: =E11-G11 -> 8856 | G11: =SUMIFS(전체리스트!E:E,전체리스트!A:A,B11,전체리스트!C:C,D11) -> 13284 | H11: =G11*0.05 -> 664.2 | I11: =G11-H11 -> 12619.8
B12: 핑거스토리_큐툰 | C12: =VLOOKUP(B12,raw_a,2,0) -> 12월분 | D12: 호랑이 장가드는 날 [성인판] | E12: =SUMIFS(전체리스트!D:D,전체리스트!A:A,B12,전체리스트!C:C,D12) -> 540 | F12: =E12-G12 -> 216 | G12: =SUMIFS(전체리스트!E:E,전체리스트!A:A,B12,전체리스트!C:C,D12) -> 324 | H12: =G12*0.05 -> 16.2 | I12: =G12-H12 -> 307.8
B13: 핑거스토리_큐툰 | C13: =VLOOKUP(B13,raw_a,2,0) -> 12월분 | D13: 사랑할 수 없는 그녀 | E13: =SUMIFS(전체리스트!D:D,전체리스트!A:A,B13,전체리스트!C:C,D13) -> 16380 | F13: =E13-G13 -> 6552 | G13: =SUMIFS(전체리스트!E:E,전체리스트!A:A,B13,전체리스트!C:C,D13) -> 9828 | H13: =G13*0.05 -> 491.4 | I13: =G13-H13 -> 9336.6
B14: 핑거스토리_큐툰 | C14: =VLOOKUP(B14,raw_a,2,0) -> 12월분 | D14: 속도위반 대표님과 계약 아내 | E14: =SUMIFS(전체리스트!D:D,전체리스트!A:A,B14,전체리스트!C:C,D14) -> 349020 | F14: =E14-G14 -> 139608 | G14: =SUMIFS(전체리스트!E:E,전체리스트!A:A,B14,전체리스트!C:C,D14) -> 209412 | H14: =G14*0.05 -> 10470.6 | I14: =G14-H14 -> 198941.4
B15: 핑거스토리_큐툰 | C15: =VLOOKUP(B15,raw_a,2,0) -> 12월분 | D15: 대표님, 사모님이 도망가요 | E15: =SUMIFS(전체리스트!D:D,전체리스트!A:A,B15,전체리스트!C:C,D15) -> 30240 | F15: =E15-G15 -> 12096 | G15: =SUMIFS(전체리스트!E:E,전체리스트!A:A,B15,전체리스트!C:C,D15) -> 18144 | H15: =G15*0.05 -> 907.2 | I15: =G15-H15 -> 17236.8
B16: 핑거스토리_큐툰 | C16: =VLOOKUP(B16,raw_a,2,0) -> 12월분 | D16: 대표님의 삐뚤어진 사랑 | E16: =SUMIFS(전체리스트!D:D,전체리스트!A:A,B16,전체리스트!C:C,D16) -> 194490 | F16: =E16-G16 -> 77796 | G16: =SUMIFS(전체리스트!E:E,전체리스트!A:A,B16,전체리스트!C:C,D16) -> 116694 | H16: =G16*0.05 -> 5834.7 | I16: =G16-H16 -> 110859.3
B17: 핑거스토리_큐툰 | C17: =VLOOKUP(B17,raw_a,2,0) -> 12월분 | D17: 용의주도 대표님의 연애 게임 | E17: =SUMIFS(전체리스트!D:D,전체리스트!A:A,B17,전체리스트!C:C,D17) -> 53280 | F17: =E17-G17 -> 21312 | G17: =SUMIFS(전체리스트!E:E,전체리스트!A:A,B17,전체리스트!C:C,D17) -> 31968 | H17: =G17*0.05 -> 1598.4 | I17: =G17-H17 -> 30369.6
... B38: 핑거스토리_큐툰 | C38: =VLOOKUP(B38,raw_a,2,0) -> 12월분 | D38: 극한 공녀 | E38: =SUMIFS(전체리스트!D:D,전체리스트!A:A,B38,전체리스트!C:C,D38) -> 1080 | F38: =E38-G38 -> 432 | G38: =SUMIFS(전체리스트!E:E,전체리스트!A:A,B38,전체리스트!C:C,D38) -> 648 | H38: =G38*0.05 -> 32.4 | I38: =G38-H38 -> 615.6
B39: 합계 | E39: =SUM(E6:E38) -> 1188990 | F39: =SUM(F6:F38) -> 475596 | G39: =SUM(G6:G38) -> 713394 | H39: =SUM(H6:H38) -> 35669.7 | I39: =SUM(I6:I38) -> 677724.3 | J39: =SUM(J6:J38) -> 0

Sheet 핑거스토리_무툰
B4: [RS 정산 기준]
B5: 사이트명 | C5: 매출월 | D5: 작품명 | E5: 소비자매출액 | F5: 유통사수수료 | G5: 스토리위즈매출액 | H5: 스토리위즈수익 | I5: 스토리숲 수익 | J5: 비고
B6: 핑거스토리_무툰 | C6: =VLOOKUP(B6,raw_a,2,0) -> 12월분 | D6: 속도위반 대표님과 계약 아내 | E6: =SUMIFS(전체리스트!D:D,전체리스트!A:A,B6,전체리스트!C:C,D6) -> 38340 | F6: =E6-G6 -> 15336 | G6: =SUMIFS(전체리스트!E:E,전체리스트!A:A,B6,전체리스트!C:C,D6) -> 23004 | H6: =G6*0.05 -> 1150.2 | I6: =G6-H6 -> 21853.8
B7: 핑거스토리_무툰 | C7: =VLOOKUP(B7,raw_a,2,0) -> 12월분 | D7: 연애포차 | E7: =SUMIFS(전체리스트!D:D,전체리스트!A:A,B7,전체리스트!C:C,D7) -> 2340 | F7: =E7-G7 -> 936 | G7: =SUMIFS(전체리스트!E:E,전체리스트!A:A,B7,전체리스트!C:C,D7) -> 1404 | H7: =G7*0.05 -> 70.2 | I7: =G7-H7 -> 1333.8
B8: 핑거스토리_무툰 | C8: =VLOOKUP(B8,raw_a,2,0) -> 12월분 | D8: 호랑이 장가드는 날 [성인판] | E8: =SUMIFS(전체리스트!D:D,전체리스트!A:A,B8,전체리스트!C:C,D8) -> 3780 | F8: =E8-G8 -> 1512 | G8: =SUMIFS(전체리스트!E:E,전체리스트!A:A,B8,전체리스트!C:C,D8) -> 2268 | H8: =G8*0.05 -> 113.4 | I8: =G8-H8 -> 2154.6
B9: 핑거스토리_무툰 | C9: =VLOOKUP(B9,raw_a,2,0) -> 12월분 | D9: 옆집 최애 [일반판] | E9: =SUMIFS(전체리스트!D:D,전체리스트!A:A,B9,전체리스트!C:C,D9) -> 270 | F9: =E9-G9 -> 108 | G9: =SUMIFS(전체리스트!E:E,전체리스트!A:A,B9,전체리스트!C:C,D9) -> 162 | H9: =G9*0.05 -> 8.1 | I9: =G9-H9 -> 153.9
B10: 핑거스토리_무툰 | C10: =VLOOKUP(B10,raw_a,2,0) -> 12월분 | D10: 한집 두 살림[성인판] | E10: =SUMIFS(전체리스트!D:D,전체리스트!A:A,B10,전체리스트!C:C,D10) -> 3780 | F10: =E10-G10 -> 1512 | G10: =SUMIFS(전체리스트!E:E,전체리스트!A:A,B10,전체리스트!C:C,D10) -> 2268 | H10: =G10*0.05 -> 113.4 | I10: =G10-H10 -> 2154.6
B11: 핑거스토리_무툰 | C11: =VLOOKUP(B11,raw_a,2,0) -> 12월분 | D11: 츤데레 흥신소 | E11: =SUMIFS(전체리스트!D:D,전체리스트!A:A,B11,전체리스트!C:C,D11) -> 900 | F11: =E11-G11 -> 360 | G11: =SUMIFS(전체리스트!E:E,전체리스트!A:A,B11,전체리스트!C:C,D11) -> 540 | H11: =G11*0.05 -> 27 | I11: =G11-H11 -> 513
B12: 핑거스토리_무툰 | C12: =VLOOKUP(B12,raw_a,2,0) -> 12월분 | D12: 수렁 | E12: =SUMIFS(전체리스트!D:D,전체리스트!A:A,B12,전체리스트!C:C,D12) -> 7920 | F12: =E12-G12 -> 3168 | G12: =SUMIFS(전체리스트!E:E,전체리스트!A:A,B12,전체리스트!C:C,D12) -> 4752 | H12: =G12*0.05 -> 237.6 | I12: =G12-H12 -> 4514.4
B13: 핑거스토리_무툰 | C13: =VLOOKUP(B13,raw_a,2,0) -> 12월분 | D13: 주작의 귀환 | E13: =SUMIFS(전체리스트!D:D,전체리스트!A:A,B13,전체리스트!C:C,D13) -> 2340 | F13: =E13-G13 -> 936 | G13: =SUMIFS(전체리스트!E:E,전체리스트!A:A,B13,전체리스트!C:C,D13) -> 1404 | H13: =G13*0.05 -> 70.2 | I13: =G13-H13 -> 1333.8
B14: 핑거스토리_무툰 | C14: =VLOOKUP(B14,raw_a,2,0) -> 12월분 | D14: 대표님의 삐뚤어진 사랑 | E14: =SUMIFS(전체리스트!D:D,전체리스트!A:A,B14,전체리스트!C:C,D14) -> 18810 | F14: =E14-G14 -> 7524 | G14: =SUMIFS(전체리스트!E:E,전체리스트!A:A,B14,전체리스트!C:C,D14) -> 11286 | H14: =G14*0.05 -> 564.3 | I14: =G14-H14 -> 10721.7
B15: 핑거스토리_무툰 | C15: =VLOOKUP(B15,raw_a,2,0) -> 12월분 | D15: 만지고 싶어! | E15: =SUMIFS(전체리스트!D:D,전체리스트!A:A,B15,전체리스트!C:C,D15) -> 21600 | F15: =E15-G15 -> 8640 | G15: =SUMIFS(전체리스트!E:E,전체리스트!A:A,B15,전체리스트!C:C,D15) -> 12960 | H15: =G15*0.05 -> 648 | I15: =G15-H15 -> 12312
B16: 핑거스토리_무툰 | C16: =VLOOKUP(B16,raw_a,2,0) -> 12월분 | D16: 너에게만 음성인식 | E16: =SUMIFS(전체리스트!D:D,전체리스트!A:A,B16,전체리스트!C:C,D16) -> 720 | F16: =E16-G16 -> 288 | G16: =SUMIFS(전체리스트!E:E,전체리스트!A:A,B16,전체리스트!C:C,D16) -> 432 | H16: =G16*0.05 -> 21.6 | I16: =G16-H16 -> 410.4
B17: 핑거스토리_무툰 | C17: =VLOOKUP(B17,raw_a,2,0) -> 12월분 | D17: 꿰인 사이 | E17: =SUMIFS(전체리스트!D:D,전체리스트!A:A,B17,전체리스트!C:C,D17) -> 90 | F17: =E17-G17 -> 36 | G17: =SUMIFS(전체리스트!E:E,전체리스트!A:A,B17,전체리스트!C:C,D17) -> 54 | H17: =G17*0.05 -> 2.7 | I17: =G17-H17 -> 51.3
... B41: 핑거스토리_무툰 | C41: =VLOOKUP(B41,raw_a,2,0) -> 12월분 | D41: 삼장법사 리턴즈 | E41: =SUMIFS(전체리스트!D:D,전체리스트!A:A,B41,전체리스트!C:C,D41) -> 7920 | F41: =E41-G41 -> 3168 | G41: =SUMIFS(전체리스트!E:E,전체리스트!A:A,B41,전체리스트!C:C,D41) -> 4752 | H41: =G41*0.05 -> 237.6 | I41: =G41-H41 -> 4514.4
B42: 합계 | E42: =SUM(E6:E41) -> 3740940 | F42: =SUM(F6:F41) -> 1496376 | G42: =SUM(G6:G41) -> 2244564 | H42: =SUM(H6:H41) -> 112228.2 | I42: =SUM(I6:I41) -> 2132335.8 | J42: =SUM(J6:J41) -> 0

Sheet 북팔
B4: [RS 정산 기준]
B5: 사이트명 | C5: 매출월 | D5: 작품명 | E5: 소비자매출액 | F5: 유통사수수료 | G5: 스토리위즈매출액 | H5: 스토리위즈수익 | I5: 스토리숲 수익 | J5: 비고
B6: 북팔 | C6: =VLOOKUP(B6,raw_a,2,0) -> 12월분 | D6: 속도위반 대표님과 계약 아내 | E6: =SUMIFS(전체리스트!D:D,전체리스트!A:A,B6,전체리스트!C:C,D6) -> 108600 | F6: =E6-G6 -> 32580 | G6: =SUMIFS(전체리스트!E:E,전체리스트!A:A,B6,전체리스트!C:C,D6) -> 76020 | H6: =G6*0.05 -> 3801 | I6: =G6-H6 -> 72219
B7: 북팔 | C7: =VLOOKUP(B7,raw_a,2,0) -> 12월분 | D7: 대표님의 삐뚤어진 사랑 | E7: =SUMIFS(전체리스트!D:D,전체리스트!A:A,B7,전체리스트!C:C,D7) -> 87900 | F7: =E7-G7 -> 26370 | G7: =SUMIFS(전체리스트!E:E,전체리스트!A:A,B7,전체리스트!C:C,D7) -> 61530 | H7: =G7*0.05 -> 3076.5 | I7: =G7-H7 -> 58453.5
B8: 북팔 | C8: =VLOOKUP(B8,raw_a,2,0) -> 12월분 | D8: 수렁 | E8: =SUMIFS(전체리스트!D:D,전체리스트!A:A,B8,전체리스트!C:C,D8) -> 60000 | F8: =E8-G8 -> 18000 | G8: =SUMIFS(전체리스트!E:E,전체리스트!A:A,B8,전체리스트!C:C,D8) -> 42000 | H8: =G8*0.05 -> 2100 | I8: =G8-H8 -> 39900
B9: 북팔 | C9: =VLOOKUP(B9,raw_a,2,0) -> 12월분 | D9: 호랑이 장가 드는 날 | E9: =SUMIFS(전체리스트!D:D,전체리스트!A:A,B9,전체리스트!C:C,D9) -> 24300 | F9: =E9-G9 -> 7290 | G9: =SUMIFS(전체리스트!E:E,전체리스트!A:A,B9,전체리스트!C:C,D9) -> 17010 | H9: =G9*0.05 -> 850.5 | I9: =G9-H9 -> 16159.5
B10: 북팔 | C10: =VLOOKUP(B10,raw_a,2,0) -> 12월분 | D10: 츤데레 흥신소 | E10: =SUMIFS(전체리스트!D:D,전체리스트!A:A,B10,전체리스트!C:C,D10) -> 18800 | F10: =E10-G10 -> 5640 | G10: =SUMIFS(전체리스트!E:E,전체리스트!A:A,B10,전체리스트!C:C,D10) -> 13160 | H10: =G10*0.05 -> 658 | I10: =G10-H10 -> 12502
B11: 북팔 | C11: =VLOOKUP(B11,raw_a,2,0) -> 12월분 | D11: 대표님, 사모님이 도망가요 | E11: =SUMIFS(전체리스트!D:D,전체리스트!A:A,B11,전체리스트!C:C,D11) -> 5900 | F11: =E11-G11 -> 1770 | G11: =SUMIFS(전체리스트!E:E,전체리스트!A:A,B11,전체리스트!C:C,D11) -> 4130 | H11: =G11*0.05 -> 206.5 | I11: =G11-H11 -> 3923.5
B12: 북팔 | C12: =VLOOKUP(B12,raw_a,2,0) -> 12월분 | D12: [GL] 한집 두 살림 | E12: =SUMIFS(전체리스트!D:D,전체리스트!A:A,B12,전체리스트!C:C,D12) -> 1500 | F12: =E12-G12 -> 450 | G12: =SUMIFS(전체리스트!E:E,전체리스트!A:A,B12,전체리스트!C:C,D12) -> 1050 | H12: =G12*0.05 -> 52.5 | I12: =G12-H12 -> 997.5
B13: 북팔 | C13: =VLOOKUP(B13,raw_a,2,0) -> 12월분 | D13: 연애포차 | E13: =SUMIFS(전체리스트!D:D,전체리스트!A:A,B13,전체리스트!C:C,D13) -> 1200 | F13: =E13-G13 -> 360 | G13: =SUMIFS(전체리스트!E:E,전체리스트!A:A,B13,전체리스트!C:C,D13) -> 840 | H13: =G13*0.05 -> 42 | I13: =G13-H13 -> 798
B14: 북팔 | C14: =VLOOKUP(B14,raw_a,2,0) -> 12월분 | D14: 사랑할 수 없는 그녀 | E14: =SUMIFS(전체리스트!D:D,전체리스트!A:A,B14,전체리스트!C:C,D14) -> 1200 | F14: =E14-G14 -> 360 | G14: =SUMIFS(전체리스트!E:E,전체리스트!A:A,B14,전체리스트!C:C,D14) -> 840 | H14: =G14*0.05 -> 42 | I14: =G14-H14 -> 798
B15: 북팔 | C15: =VLOOKUP(B15,raw_a,2,0) -> 12월분 | D15: 사랑과 우정 사이에서 | E15: =SUMIFS(전체리스트!D:D,전체리스트!A:A,B15,전체리스트!C:C,D15) -> 900 | F15: =E15-G15 -> 270 | G15: =SUMIFS(전체리스트!E:E,전체리스트!A:A,B15,전체리스트!C:C,D15) -> 630 | H15: =G15*0.05 -> 31.5 | I15: =G15-H15 -> 598.5
B16: 북팔 | C16: =VLOOKUP(B16,raw_a,2,0) -> 12월분 | D16: 탑배우의 이중생활 | E16: =SUMIFS(전체리스트!D:D,전체리스트!A:A,B16,전체리스트!C:C,D16) -> 900 | F16: =E16-G16 -> 270 | G16: =SUMIFS(전체리스트!E:E,전체리스트!A:A,B16,전체리스트!C:C,D16) -> 630 | H16: =G16*0.05 -> 31.5 | I16: =G16-H16 -> 598.5
B17: 북팔 | C17: =VLOOKUP(B17,raw_a,2,0) -> 12월분 | D17: 옆집 최애 | E17: =SUMIFS(전체리스트!D:D,전체리스트!A:A,B17,전체리스트!C:C,D17) -> 600 | F17: =E17-G17 -> 180 | G17: =SUMIFS(전체리스트!E:E,전체리스트!A:A,B17,전체리스트!C:C,D17) -> 420 | H17: =G17*0.05 -> 21 | I17: =G17-H17 -> 399
B18: 북팔 | C18: =VLOOKUP(B18,raw_a,2,0) -> 12월분 | D18: 호랑이 장가 드는 날 (개정판) | E18: =SUMIFS(전체리스트!D:D,전체리스트!A:A,B18,전체리스트!C:C,D18) -> 300 | F18: =E18-G18 -> 90 | G18: =SUMIFS(전체리스트!E:E,전체리스트!A:A,B18,전체리스트!C:C,D18) -> 210 | H18: =G18*0.05 -> 10.5 | I18: =G18-H18 -> 199.5
B19: 합계 | E19: =SUM(E6:E18) -> 312100 | F19: =SUM(F6:F18) -> 93630 | G19: =SUM(G6:G18) -> 218470 | H19: =SUM(H6:H18) -> 10923.5 | I19: =SUM(I6:I18) -> 207546.5 | J19: =SUM(J6:J18) -> 0

Sheet 엠유네트웍스
B4: [RS 정산 기준]
B5: 사이트명 | C5: 매출월 | D5: 작품명 | E5: 소비자매출액 | F5: 유통사수수료 | G5: 스토리위즈매출액 | H5: 스토리위즈수익 | I5: 스토리숲 수익 | J5: 비고
B6: 엠유네트웍스 | C6: =VLOOKUP(B6,raw_a,2,0) -> 11월분 | D6: 속도위반 대표님과 계약 아내 | E6: =SUMIFS(전체리스트!D:D,전체리스트!A:A,B6,전체리스트!C:C,D6) -> 166600 | F6: =E6-G6 -> 61642 | G6: =SUMIFS(전체리스트!E:E,전체리스트!A:A,B6,전체리스트!C:C,D6) -> 104958 | H6: =G6*0.05 -> 5247.9 | I6: =G6-H6 -> 99710.1
B7: 엠유네트웍스 | C7: =VLOOKUP(B7,raw_a,2,0) -> 11월분 | D7: 꿰인 사이 | E7: =SUMIFS(전체리스트!D:D,전체리스트!A:A,B7,전체리스트!C:C,D7) -> 3100 | F7: =E7-G7 -> 1147 | G7: =SUMIFS(전체리스트!E:E,전체리스트!A:A,B7,전체리스트!C:C,D7) -> 1953 | H7: =G7*0.05 -> 97.65 | I7: =G7-H7 -> 1855.35
B8: 엠유네트웍스 | C8: =VLOOKUP(B8,raw_a,2,0) -> 11월분 | D8: 대표님의 삐뚤어진 사랑 | E8: =SUMIFS(전체리스트!D:D,전체리스트!A:A,B8,전체리스트!C:C,D8) -> 143300 | F8: =E8-G8 -> 53021 | G8: =SUMIFS(전체리스트!E:E,전체리스트!A:A,B8,전체리스트!C:C,D8) -> 90279 | H8: =G8*0.05 -> 4513.95 | I8: =G8-H8 -> 85765.05
B9: 엠유네트웍스 | C9: =VLOOKUP(B9,raw_a,2,0) -> 11월분 | D9: 대표님, 사모님이 도망가요 | E9: =SUMIFS(전체리스트!D:D,전체리스트!A:A,B9,전체리스트!C:C,D9) -> 28300 | F9: =E9-G9 -> 10471 | G9: =SUMIFS(전체리스트!E:E,전체리스트!A:A,B9,전체리스트!C:C,D9) -> 17829 | H9: =G9*0.05 -> 891.45 | I9: =G9-H9 -> 16937.55
B10: 엠유네트웍스 | C10: =VLOOKUP(B10,raw_a,2,0) -> 11월분 | D10: 이혼신청 [BL] | E10: =SUMIFS(전체리스트!D:D,전체리스트!A:A,B10,전체리스트!C:C,D10) -> 102480 | F10: =E10-G10 -> 37917.6 | G10: =SUMIFS(전체리스트!E:E,전체리스트!A:A,B10,전체리스트!C:C,D10) -> 64562.4 | H10: =G10*0.05 -> 3228.12 | I10: =G10-H10 -> 61334.28
B11: 엠유네트웍스 | C11: =VLOOKUP(B11,raw_a,2,0) -> 11월분 | D11: 네게 취한 날들[BL] | E11: =SUMIFS(전체리스트!D:D,전체리스트!A:A,B11,전체리스트!C:C,D11) -> 20600 | F11: =E11-G11 -> 7622 | G11: =SUMIFS(전체리스트!E:E,전체리스트!A:A,B11,전체리스트!C:C,D11) -> 12978 | H11: =G11*0.05 -> 648.9 | I11: =G11-H11 -> 12329.1
B12: 엠유네트웍스 | C12: =VLOOKUP(B12,raw_a,2,0) -> 11월분 | D12: 꿈꾸는 먹잇감 [BL] | E12: =SUMIFS(전체리스트!D:D,전체리스트!A:A,B12,전체리스트!C:C,D12) -> 18600 | F12: =E12-G12 -> 6882 | G12: =SUMIFS(전체리스트!E:E,전체리스트!A:A,B12,전체리스트!C:C,D12) -> 11718 | H12: =G12*0.05 -> 585.9 | I12: =G12-H12 -> 11132.1
B13: 엠유네트웍스 | C13: =VLOOKUP(B13,raw_a,2,0) -> 11월분 | D13: 한번 해볼래?[BL] | E13: =SUMIFS(전체리스트!D:D,전체리스트!A:A,B13,전체리스트!C:C,D13) -> 3600 | F13: =E13-G13 -> 1332 | G13: =SUMIFS(전체리스트!E:E,전체리스트!A:A,B13,전체리스트!C:C,D13) -> 2268 | H13: =G13*0.05 -> 113.4 | I13: =G13-H13 -> 2154.6
B14: 엠유네트웍스 | C14: =VLOOKUP(B14,raw_a,2,0) -> 11월분 | D14: 대표님, 오늘은 아니에요 | E14: =SUMIFS(전체리스트!D:D,전체리스트!A:A,B14,전체리스트!C:C,D14) -> 56600 | F14: =E14-G14 -> 20942 | G14: =SUMIFS(전체리스트!E:E,전체리스트!A:A,B14,전체리스트!C:C,D14) -> 35658 | H14: =G14*0.05 -> 1782.9 | I14: =G14-H14 -> 33875.1
B15: 엠유네트웍스 | C15: =VLOOKUP(B15,raw_a,2,0) -> 11월분 | D15: 열화요수 [BL] | E15: =SUMIFS(전체리스트!D:D,전체리스트!A:A,B15,전체리스트!C:C,D15) -> 17680 | F15: =E15-G15 -> 6541.6 | G15: =SUMIFS(전체리스트!E:E,전체리스트!A:A,B15,전체리스트!C:C,D15) -> 11138.4 | H15: =G15*0.05 -> 556.92 | I15: =G15-H15 -> 10581.48
B16: 엠유네트웍스 | C16: =VLOOKUP(B16,raw_a,2,0) -> 11월분 | D16: 망나니 도련님 조교일지 [BL] | E16: =SUMIFS(전체리스트!D:D,전체리스트!A:A,B16,전체리스트!C:C,D16) -> 20580 | F16: =E16-G16 -> 7614.6 | G16: =SUMIFS(전체리스트!E:E,전체리스트!A:A,B16,전체리스트!C:C,D16) -> 12965.4 | H16: =G16*0.05 -> 648.27 | I16: =G16-H16 -> 12317.13
B17: 엠유네트웍스 | C17: =VLOOKUP(B17,raw_a,2,0) -> 11월분 | D17: 망나니 도련님 조교일지 (개정판) [BL] | E17: =SUMIFS(전체리스트!D:D,전체리스트!A:A,B17,전체리스트!C:C,D17) -> 1000 | F17: =E17-G17 -> 370 | G17: =SUMIFS(전체리스트!E:E,전체리스트!A:A,B17,전체리스트!C:C,D17) -> 630 | H17: =G17*0.05 -> 31.5 | I17: =G17-H17 -> 598.5
... B27: 엠유네트웍스 | C27: =VLOOKUP(B27,raw_a,2,0) -> 11월분 | D27: 집착공의 인형놀이 | E27: =SUMIFS(전체리스트!D:D,전체리스트!A:A,B27,전체리스트!C:C,D27) -> 68730 | F27: =E27-G27 -> 25430.1 | G27: =SUMIFS(전체리스트!E:E,전체리스트!A:A,B27,전체리스트!C:C,D27) -> 43299.9 | H27: =G27*0.05 -> 2164.995 | I27: =G27-H27 -> 41134.905
B28: 합계 | E28: =SUM(E6:E27) -> 769770 | F28: =SUM(F6:F27) -> 284814.9 | G28: =SUM(G6:G27) -> 484955.1 | H28: =SUM(H6:H27) -> 24247.755 | I28: =SUM(I6:I27) -> 460707.34 | J28: =SUM(J6:J15) -> 0

Sheet 엠피언
B4: [RS 정산 기준]
B5: 사이트명 | C5: 매출월 | D5: 작품명 | E5: 소비자매출액 | F5: 유통사수수료 | G5: 스토리위즈매출액 | H5: 스토리위즈수익 | I5: 스토리숲 수익 | J5: 비고
B6: 엠피언 | C6: =VLOOKUP(B6,raw_a,2,0) -> 11월분 | D6: 연애포차 | E6: =SUMIFS(전체리스트!D:D,전체리스트!A:A,B6,전체리스트!C:C,D6) -> 3400 | F6: =E6-G6 -> 1258 | G6: =SUMIFS(전체리스트!E:E,전체리스트!A:A,B6,전체리스트!C:C,D6) -> 2142 | H6: =G6*0.05 -> 107.1 | I6: =G6-H6 -> 2034.9
B7: 엠피언 | C7: =VLOOKUP(B7,raw_a,2,0) -> 11월분 | D7: 옆집 최애 | E7: =SUMIFS(전체리스트!D:D,전체리스트!A:A,B7,전체리스트!C:C,D7) -> 8640 | F7: =E7-G7 -> 3196.8 | G7: =SUMIFS(전체리스트!E:E,전체리스트!A:A,B7,전체리스트!C:C,D7) -> 5443.2 | H7: =G7*0.05 -> 272.16 | I7: =G7-H7 -> 5171.04
B8: 엠피언 | C8: =VLOOKUP(B8,raw_a,2,0) -> 11월분 | D8: 대표님의 삐뚤어진 사랑 | E8: =SUMIFS(전체리스트!D:D,전체리스트!A:A,B8,전체리스트!C:C,D8) -> 8900 | F8: =E8-G8 -> 3293 | G8: =SUMIFS(전체리스트!E:E,전체리스트!A:A,B8,전체리스트!C:C,D8) -> 5607 | H8: =G8*0.05 -> 280.35 | I8: =G8-H8 -> 5326.65
B9: 엠피언 | C9: =VLOOKUP(B9,raw_a,2,0) -> 11월분 | D9: 열화요수 [BL] | E9: =SUMIFS(전체리스트!D:D,전체리스트!A:A,B9,전체리스트!C:C,D9) -> 2600 | F9: =E9-G9 -> 962 | G9: =SUMIFS(전체리스트!E:E,전체리스트!A:A,B9,전체리스트!C:C,D9) -> 1638 | H9: =G9*0.05 -> 81.9 | I9: =G9-H9 -> 1556.1
B10: 엠피언 | C10: =VLOOKUP(B10,raw_a,2,0) -> 11월분 | D10: 망나니 도련님 조교일지 (개정판) [BL] | E10: =SUMIFS(전체리스트!D:D,전체리스트!A:A,B10,전체리스트!C:C,D10) -> 3200 | F10: =E10-G10 -> 1184 | G10: =SUMIFS(전체리스트!E:E,전체리스트!A:A,B10,전체리스트!C:C,D10) -> 2016 | H10: =G10*0.05 -> 100.8 | I10: =G10-H10 -> 1915.2
B11: 엠피언 | C11: =VLOOKUP(B11,raw_a,2,0) -> 11월분 | D11: 대표님, 오늘은 아니에요 | E11: =SUMIFS(전체리스트!D:D,전체리스트!A:A,B11,전체리스트!C:C,D11) -> 6400 | F11: =E11-G11 -> 2368 | G11: =SUMIFS(전체리스트!E:E,전체리스트!A:A,B11,전체리스트!C:C,D11) -> 4032 | H11: =G11*0.05 -> 201.6 | I11: =G11-H11 -> 3830.4
B12: 엠피언 | C12: =VLOOKUP(B12,raw_a,2,0) -> 11월분 | D12: 용의주도 대표님의 연애 게임 | E12: =SUMIFS(전체리스트!D:D,전체리스트!A:A,B12,전체리스트!C:C,D12) -> 800 | F12: =E12-G12 -> 296 | G12: =SUMIFS(전체리스트!E:E,전체리스트!A:A,B12,전체리스트!C:C,D12) -> 504 | H12: =G12*0.05 -> 25.2 | I12: =G12-H12 -> 478.8
B13: 엠피언 | C13: =VLOOKUP(B13,raw_a,2,0) -> 11월분 | D13: 속도위반 대표님과 계약 아내 | E13: =SUMIFS(전체리스트!D:D,전체리스트!A:A,B13,전체리스트!C:C,D13) -> 4400 | F13: =E13-G13 -> 1628 | G13: =SUMIFS(전체리스트!E:E,전체리스트!A:A,B13,전체리스트!C:C,D13) -> 2772 | H13: =G13*0.05 -> 138.6 | I13: =G13-H13 -> 2633.4
B14: 엠피언 | C14: =VLOOKUP(B14,raw_a,2,0) -> 11월분 | D14: 꿰인 사이 | E14: =SUMIFS(전체리스트!D:D,전체리스트!A:A,B14,전체리스트!C:C,D14) -> 1300 | F14: =E14-G14 -> 481 | G14: =SUMIFS(전체리스트!E:E,전체리스트!A:A,B14,전체리스트!C:C,D14) -> 819 | H14: =G14*0.05 -> 40.95 | I14: =G14-H14 -> 778.05
B15: 엠피언 | C15: =VLOOKUP(B15,raw_a,2,0) -> 11월분 | D15: 이혼신청 [BL] | E15: =SUMIFS(전체리스트!D:D,전체리스트!A:A,B15,전체리스트!C:C,D15) -> 24280 | F15: =E15-G15 -> 8983.6 | G15: =SUMIFS(전체리스트!E:E,전체리스트!A:A,B15,전체리스트!C:C,D15) -> 15296.4 | H15: =G15*0.05 -> 764.82 | I15: =G15-H15 -> 14531.58
B16: 엠피언 | C16: =VLOOKUP(B16,raw_a,2,0) -> 11월분 | D16: 츤데레 흥신소 | E16: =SUMIFS(전체리스트!D:D,전체리스트!A:A,B16,전체리스트!C:C,D16) -> 10600 | F16: =E16-G16 -> 3922 | G16: =SUMIFS(전체리스트!E:E,전체리스트!A:A,B16,전체리스트!C:C,D16) -> 6678 | H16: =G16*0.05 -> 333.9 | I16: =G16-H16 -> 6344.1
B17: 엠피언 | C17: =VLOOKUP(B17,raw_a,2,0) -> 11월분 | D17: 망나니 도련님 조교일지 [BL] | E17: =SUMIFS(전체리스트!D:D,전체리스트!A:A,B17,전체리스트!C:C,D17) -> 1200 | F17: =E17-G17 -> 444 | G17: =SUMIFS(전체리스트!E:E,전체리스트!A:A,B17,전체리스트!C:C,D17) -> 756 | H17: =G17*0.05 -> 37.8 | I17: =G17-H17 -> 718.2
... B23: 엠피언 | C23: =VLOOKUP(B23,raw_a,2,0) -> 11월분 | D23: 말도 안 되는 관계 | E23: =SUMIFS(전체리스트!D:D,전체리스트!A:A,B23,전체리스트!C:C,D23) -> 11340 | F23: =E23-G23 -> 4195.8 | G23: =SUMIFS(전체리스트!E:E,전체리스트!A:A,B23,전체리스트!C:C,D23) -> 7144.2 | H23: =G23*0.05 -> 357.21 | I23: =G23-H23 -> 6786.99
B24: 합계 | E24: =SUM(E6:E23) -> 146390 | F24: =SUM(F6:F23) -> 54164.3 | G24: =SUM(G6:G23) -> 92225.7 | H24: =SUM(H6:H23) -> 4611.285 | I24: =SUM(I6:I23) -> 87614.415 | J24: =SUM(J6:J23) -> 0

Sheet 망가툰
G3: 3개월 평균
B4: [RS 정산 기준] | F4: 환율(USD) | G4: =VLOOKUP(B6,raw_a,6,0) -> 1317.8
B5: 사이트명 | C5: 매출월 | D5: 작품명 | E5: 소비자매출액 | F5: 유통사수수료 | G5: 스토리위즈매출액 | H5: 스토리위즈수익 | I5: 스토리숲 수익 | J5: 비고
B6: 망가툰 | C6: =VLOOKUP(B6,raw_a,2,0) -> 4~6월분 | D6: 슬기로운 생활 | E6: =SUMIFS(전체리스트!D:D,전체리스트!A:A,B6,전체리스트!C:C,D6) -> 0 | G6: =SUMIFS(전체리스트!E:E,전체리스트!A:A,B6,전체리스트!C:C,D6) -> 0 | H6: =G6*0.05 -> 0 | I6: =G6-H6 -> 0
B7: 망가툰 | C7: =VLOOKUP(B7,raw_a,2,0) -> 4~6월분 | D7: 수컷하우스 맨심 | E7: =SUMIFS(전체리스트!D:D,전체리스트!A:A,B7,전체리스트!C:C,D7) -> 0 | G7: =SUMIFS(전체리스트!E:E,전체리스트!A:A,B7,전체리스트!C:C,D7) -> 0 | H7: =G7*0.05 -> 0 | I7: =G7-H7 -> 0
B8: 합계 | E8: =SUM(E6:E7) -> 0 | F8: =SUM(F6:F7) -> 0 | G8: =SUM(G6:G7) -> 0 | H8: =SUM(H6:H7) -> 0 | I8: =SUM(I6:I7) -> 0 | J8: =SUM(J6:J7) -> 0

Sheet 웹코믹스
G3: 3개월 평균
B4: [RS 정산 기준] | F4: 환율(USD) | G4: =VLOOKUP(B6,raw_a,6,0) -> 1310.1
B5: 사이트명 | C5: 매출월 | D5: 작품명 | E5: 소비자매출액 | F5: 유통사수수료 | G5: 스토리위즈매출액 | H5: 스토리위즈수익 | I5: 스토리숲 수익 | J5: 비고
B6: 웹코믹스 | C6: =VLOOKUP(B6,raw_a,2,0) -> 7~9월분 | D6: 말도 안 되는 관계 | E6: =SUMIFS(전체리스트!D:D,전체리스트!A:A,B6,전체리스트!C:C,D6) -> 7.43 | G6: =SUMIFS(전체리스트!E:E,전체리스트!A:A,B6,전체리스트!C:C,D6) -> 9734.043 | H6: =G6*0.05 -> 486.70215 | I6: =G6-H6 -> 9247.3408
B7: 웹코믹스 | C7: =VLOOKUP(B7,raw_a,2,0) -> 7~9월분 | D7: 수컷 하우스 맨심 | E7: =SUMIFS(전체리스트!D:D,전체리스트!A:A,B7,전체리스트!C:C,D7) -> 2.33 | G7: =SUMIFS(전체리스트!E:E,전체리스트!A:A,B7,전체리스트!C:C,D7) -> 3052.533 | H7: =G7*0.05 -> 152.62665 | I7: =G7-H7 -> 2899.9063
B8: 웹코믹스 | C8: =VLOOKUP(B8,raw_a,2,0) -> 7~9월분 | D8: 슬기로운 생활 | E8: =SUMIFS(전체리스트!D:D,전체리스트!A:A,B8,전체리스트!C:C,D8) -> 3.7 | G8: =SUMIFS(전체리스트!E:E,전체리스트!A:A,B8,전체리스트!C:C,D8) -> 4847.37 | H8: =G8*0.05 -> 242.3685 | I8: =G8-H8 -> 4605.0015
B9: 웹코믹스 | C9: =VLOOKUP(B9,raw_a,2,0) -> 7~9월분 | D9: 사랑과 우정 사이에서 | E9: =SUMIFS(전체리스트!D:D,전체리스트!A:A,B9,전체리스트!C:C,D9) -> 172.66 | G9: =SUMIFS(전체리스트!E:E,전체리스트!A:A,B9,전체리스트!C:C,D9) -> 226201.87 | H9: =G9*0.05 -> 11310.093 | I9: =G9-H9 -> 214891.77
B10: 웹코믹스 | C10: =VLOOKUP(B10,raw_a,2,0) -> 7~9월분 | D10: 망나니 도련님 조교일지(개정판) | E10: =SUMIFS(전체리스트!D:D,전체리스트!A:A,B10,전체리스트!C:C,D10) -> 17.84 | G10: =SUMIFS(전체리스트!E:E,전체리스트!A:A,B10,전체리스트!C:C,D10) -> 23372.184 | H10: =G10*0.05 -> 1168.6092 | I10: =G10-H10 -> 22203.575
B11: 웹코믹스 | C11: =VLOOKUP(B11,raw_a,2,0) -> 7~9월분 | D11: 거짓말, 뱀파이어가 어디있어? | E11: =SUMIFS(전체리스트!D:D,전체리스트!A:A,B11,전체리스트!C:C,D11) -> 85.33 | G11: =SUMIFS(전체리스트!E:E,전체리스트!A:A,B11,전체리스트!C:C,D11) -> 111790.83 | H11: =G11*0.05 -> 5589.5417 | I11: =G11-H11 -> 106201.29
B12: 웹코믹스 | C12: =VLOOKUP(B12,raw_a,2,0) -> 7~9월분 | D12: 프렌시아의 꽃 | E12: =SUMIFS(전체리스트!D:D,전체리스트!A:A,B12,전체리스트!C:C,D12) -> 39.61 | G12: =SUMIFS(전체리스트!E:E,전체리스트!A:A,B12,전체리스트!C:C,D12) -> 51893.061 | H12: =G12*0.05 -> 2594.653 | I12: =G12-H12 -> 49298.408
B13: 웹코믹스 | C13: =VLOOKUP(B13,raw_a,2,0) -> 7~9월분 | D13: 내 자기님이 로그인하셨습니다 | E13: =SUMIFS(전체리스트!D:D,전체리스트!A:A,B13,전체리스트!C:C,D13) -> 45.15 | G13: =SUMIFS(전체리스트!E:E,전체리스트!A:A,B13,전체리스트!C:C,D13) -> 59151.015 | H13: =G13*0.05 -> 2957.5507 | I13: =G13-H13 -> 56193.464
B14: 합계 | E14: =SUM(E6:E13) -> 374.05 | F14: =SUM(F6:F13) -> 0 | G14: =SUM(G6:G13) -> 490042.91 | H14: =SUM(H6:H13) -> 24502.145 | I14: =SUM(I6:I13) -> 465540.76 | J14: =SUM(J6:J10) -> 0

Sheet 교보문고
B4: [RS 정산 기준]
B5: 사이트명 | C5: 매출월 | D5: 작품명 | E5: 소비자매출액 | F5: 유통사수수료 | G5: 스토리위즈매출액 | H5: 스토리위즈수익 | I5: 스토리숲 수익 | J5: 비고
B6: 교보문고 | C6: =VLOOKUP(B6,raw_a,2,0) -> 12월분 | D6: 거짓말, 뱀파이어가 어디 있어? | E6: =SUMIFS(전체리스트!D:D,전체리스트!A:A,B6,전체리스트!C:C,D6) -> 7600 | G6: =SUMIFS(전체리스트!E:E,전체리스트!A:A,B6,전체리스트!C:C,D6) -> 5320 | H6: =G6*0.05 -> 266 | I6: =G6-H6 -> 5054
B7: 교보문고 | C7: =VLOOKUP(B7,raw_a,2,0) -> 12월분 | D7: 꿰인 사이 | E7: =SUMIFS(전체리스트!D:D,전체리스트!A:A,B7,전체리스트!C:C,D7) -> 700 | G7: =SUMIFS(전체리스트!E:E,전체리스트!A:A,B7,전체리스트!C:C,D7) -> 490 | H7: =G7*0.05 -> 24.5 | I7: =G7-H7 -> 465.5
B8: 교보문고 | C8: =VLOOKUP(B8,raw_a,2,0) -> 12월분 | D8: 사랑할 수 없는 그녀 | E8: =SUMIFS(전체리스트!D:D,전체리스트!A:A,B8,전체리스트!C:C,D8) -> 20800 | G8: =SUMIFS(전체리스트!E:E,전체리스트!A:A,B8,전체리스트!C:C,D8) -> 14560 | H8: =G8*0.05 -> 728 | I8: =G8-H8 -> 13832
B9: 교보문고 | C9: =VLOOKUP(B9,raw_a,2,0) -> 12월분 | D9: 속도위반 대표님과 계약 아내 | E9: =SUMIFS(전체리스트!D:D,전체리스트!A:A,B9,전체리스트!C:C,D9) -> 8400 | G9: =SUMIFS(전체리스트!E:E,전체리스트!A:A,B9,전체리스트!C:C,D9) -> 5880 | H9: =G9*0.05 -> 294 | I9: =G9-H9 -> 5586
B10: 합계 | E10: =SUM(E6:E9) -> 37500 | F10: =SUM(F6:F9) -> 0 | G10: =SUM(G6:G9) -> 26250 | H10: =SUM(H6:H9) -> 1312.5 | I10: =SUM(I6:I9) -> 24937.5 | J10: =SUM(J6:J6) -> 0

Sheet 톡소다
B4: [RS 정산 기준]
B5: 사이트명 | C5: 매출월 | D5: 작품명 | E5: 소비자매출액 | F5: 유통사수수료 | G5: 스토리위즈매출액 | H5: 스토리위즈수익 | I5: 스토리숲 수익 | J5: 비고
B6: 톡소다 | C6: =VLOOKUP(B6,raw_a,2,0) -> 12월분 | D6: 거짓말, 뱀파이어가 어디 있어? | E6: =SUMIFS(전체리스트!D:D,전체리스트!A:A,B6,전체리스트!C:C,D6) -> 1495700 | G6: =SUMIFS(전체리스트!E:E,전체리스트!A:A,B6,전체리스트!C:C,D6) -> 1046990 | H6: =G6*0.05 -> 52349.5 | I6: =G6-H6 -> 994640.5
B7: 톡소다 | C7: =VLOOKUP(B7,raw_a,2,0) -> 12월분 | D7: 꿰인 사이 | E7: =SUMIFS(전체리스트!D:D,전체리스트!A:A,B7,전체리스트!C:C,D7) -> 141000 | G7: =SUMIFS(전체리스트!E:E,전체리스트!A:A,B7,전체리스트!C:C,D7) -> 98700 | H7: =G7*0.05 -> 4935 | I7: =G7-H7 -> 93765
B8: 톡소다 | C8: =VLOOKUP(B8,raw_a,2,0) -> 12월분 | D8: 사랑할 수 없는 그녀 | E8: =SUMIFS(전체리스트!D:D,전체리스트!A:A,B8,전체리스트!C:C,D8) -> 1595100 | G8: =SUMIFS(전체리스트!E:E,전체리스트!A:A,B8,전체리스트!C:C,D8) -> 1116570 | H8: =G8*0.05 -> 55828.5 | I8: =G8-H8 -> 1060741.5
B9: 톡소다 | C9: =VLOOKUP(B9,raw_a,2,0) -> 12월분 | D9: 속도위반 대표님과 계약 아내 | E9: =SUMIFS(전체리스트!D:D,전체리스트!A:A,B9,전체리스트!C:C,D9) -> 5089400 | G9: =SUMIFS(전체리스트!E:E,전체리스트!A:A,B9,전체리스트!C:C,D9) -> 3550620 | H9: =G9*0.05 -> 177531 | I9: =G9-H9 -> 3373089
B10: 톡소다 | C10: =VLOOKUP(B10,raw_a,2,0) -> 12월분 | D10: 용의주도 대표님의 연애 게임 | E10: =SUMIFS(전체리스트!D:D,전체리스트!A:A,B10,전체리스트!C:C,D10) -> 57400 | G10: =SUMIFS(전체리스트!E:E,전체리스트!A:A,B10,전체리스트!C:C,D10) -> 40180 | H10: =G10*0.05 -> 2009 | I10: =G10-H10 -> 38171
B11: 합계 | E11: =SUM(E6:E10) -> 8378600 | F11: =SUM(F6:F10) -> 0 | G11: =SUM(G6:G10) -> 5853060 | H11: =SUM(H6:H10) -> 292653 | I11: =SUM(I6:I10) -> 5560407 | J11: =SUM(J6:J10) -> 0

Sheet 미툰앤노벨
B4: [RS 정산 기준]
B5: 사이트명 | C5: 매출월 | D5: 작품명 | E5: 소비자매출액 | F5: 유통사수수료 | G5: 스토리위즈매출액 | H5: 스토리위즈수익 | I5: 스토리숲 수익 | J5: 비고
B6: 미툰앤노벨 | C6: =VLOOKUP(B6,raw_a,2,0) -> 11월분 | D6: [BL] 말도 안되는 관계 (완전판) | E6: =SUMIFS(전체리스트!D:D,전체리스트!A:A,B6,전체리스트!C:C,D6) -> 36800 | G6: =SUMIFS(전체리스트!E:E,전체리스트!A:A,B6,전체리스트!C:C,D6) -> 19872 | H6: =G6*0.05 -> 993.6 | I6: =G6-H6 -> 18878.4
B7: 미툰앤노벨 | C7: =VLOOKUP(B7,raw_a,2,0) -> 11월분 | D7: 수렁 | E7: =SUMIFS(전체리스트!D:D,전체리스트!A:A,B7,전체리스트!C:C,D7) -> 34400 | G7: =SUMIFS(전체리스트!E:E,전체리스트!A:A,B7,전체리스트!C:C,D7) -> 18576 | H7: =G7*0.05 -> 928.8 | I7: =G7-H7 -> 17647.2
B8: 미툰앤노벨 | C8: =VLOOKUP(B8,raw_a,2,0) -> 11월분 | D8: [BL] 호랑이 장가 드는 날 | E8: =SUMIFS(전체리스트!D:D,전체리스트!A:A,B8,전체리스트!C:C,D8) -> 20600 | G8: =SUMIFS(전체리스트!E:E,전체리스트!A:A,B8,전체리스트!C:C,D8) -> 11124 | H8: =G8*0.05 -> 556.2 | I8: =G8-H8 -> 10567.8
B9: 미툰앤노벨 | C9: =VLOOKUP(B9,raw_a,2,0) -> 11월분 | D9: 츤데레 흥신소 | E9: =SUMIFS(전체리스트!D:D,전체리스트!A:A,B9,전체리스트!C:C,D9) -> 9200 | G9: =SUMIFS(전체리스트!E:E,전체리스트!A:A,B9,전체리스트!C:C,D9) -> 4968 | H9: =G9*0.05 -> 248.4 | I9: =G9-H9 -> 4719.6
B10: 미툰앤노벨 | C10: =VLOOKUP(B10,raw_a,2,0) -> 11월분 | D10: [BL] 말도 안되는 관계 (개정판) | E10: =SUMIFS(전체리스트!D:D,전체리스트!A:A,B10,전체리스트!C:C,D10) -> 9600 | G10: =SUMIFS(전체리스트!E:E,전체리스트!A:A,B10,전체리스트!C:C,D10) -> 5184 | H10: =G10*0.05 -> 259.2 | I10: =G10-H10 -> 4924.8
B11: 미툰앤노벨 | C11: =VLOOKUP(B11,raw_a,2,0) -> 11월분 | D11: (BL)슬기로운 생활 | E11: =SUMIFS(전체리스트!D:D,전체리스트!A:A,B11,전체리스트!C:C,D11) -> 4800 | G11: =SUMIFS(전체리스트!E:E,전체리스트!A:A,B11,전체리스트!C:C,D11) -> 2592 | H11: =G11*0.05 -> 129.6 | I11: =G11-H11 -> 2462.4
B12: 미툰앤노벨 | C12: =VLOOKUP(B12,raw_a,2,0) -> 11월분 | D12: 대표님, 사모님이 도망가요 | E12: =SUMIFS(전체리스트!D:D,전체리스트!A:A,B12,전체리스트!C:C,D12) -> 4400 | G12: =SUMIFS(전체리스트!E:E,전체리스트!A:A,B12,전체리스트!C:C,D12) -> 2376 | H12: =G12*0.05 -> 118.8 | I12: =G12-H12 -> 2257.2
B13: 미툰앤노벨 | C13: =VLOOKUP(B13,raw_a,2,0) -> 11월분 | D13: 용의주도 대표님의 연애 게임 | E13: =SUMIFS(전체리스트!D:D,전체리스트!A:A,B13,전체리스트!C:C,D13) -> 2800 | G13: =SUMIFS(전체리스트!E:E,전체리스트!A:A,B13,전체리스트!C:C,D13) -> 1512 | H13: =G13*0.05 -> 75.6 | I13: =G13-H13 -> 1436.4
B14: 미툰앤노벨 | C14: =VLOOKUP(B14,raw_a,2,0) -> 11월분 | D14: (GL)한집 두 살림 | E14: =SUMIFS(전체리스트!D:D,전체리스트!A:A,B14,전체리스트!C:C,D14) -> 600 | G14: =SUMIFS(전체리스트!E:E,전체리스트!A:A,B14,전체리스트!C:C,D14) -> 324 | H14: =G14*0.05 -> 16.2 | I14: =G14-H14 -> 307.8
B15: 합계 | E15: =SUM(E6:E14) -> 123200 | F15: =SUM(F6:F14) -> 0 | G15: =SUM(G6:G14) -> 66528 | H15: =SUM(H6:H14) -> 3326.4 | I15: =SUM(I6:I14) -> 63201.6 | J15: =SUM(J6:J14) -> 0

Sheet 버프툰
B4: [RS 정산 기준]
B5: 사이트명 | C5: 매출월 | D5: 작품명 | E5: 소비자매출액 | F5: 유통사수수료 | G5: 스토리위즈매출액 | H5: 스토리위즈수익 | I5: 스토리숲 수익 | J5: 비고
B6: 버프툰 | C6: =VLOOKUP(B6,raw_a,2,0) -> 11월분 | D6: 레벨업에 미친 의사 | E6: =SUMIFS(전체리스트!D:D,전체리스트!A:A,B6,전체리스트!C:C,D6) -> 127500 | G6: =SUMIFS(전체리스트!E:E,전체리스트!A:A,B6,전체리스트!C:C,D6) -> 49514 | H6: =G6*0.05 -> 2475.7 | I6: =G6-H6 -> 47038.3
B7: 버프툰 | C7: =VLOOKUP(B7,raw_a,2,0) -> 11월분 | D7: 사랑할 수 없는 그녀 | E7: =SUMIFS(전체리스트!D:D,전체리스트!A:A,B7,전체리스트!C:C,D7) -> 6800 | G7: =SUMIFS(전체리스트!E:E,전체리스트!A:A,B7,전체리스트!C:C,D7) -> 1360 | H7: =G7*0.05 -> 68 | I7: =G7-H7 -> 1292
B8: 버프툰 | C8: =VLOOKUP(B8,raw_a,2,0) -> 11월분 | D8: 전설 헌터로 키워지는 중입니다 | E8: =SUMIFS(전체리스트!D:D,전체리스트!A:A,B8,전체리스트!C:C,D8) -> 75408 | G8: =SUMIFS(전체리스트!E:E,전체리스트!A:A,B8,전체리스트!C:C,D8) -> 26178 | H8: =G8*0.05 -> 1308.9 | I8: =G8-H8 -> 24869.1
B9: 합계 | E9: =SUM(E6:E8) -> 209708 | F9: =SUM(F6:F8) -> 0 | G9: =SUM(G6:G8) -> 77052 | H9: =SUM(H6:H8) -> 3852.6 | I9: =SUM(I6:I8) -> 73199.4 | J9: =SUM(J6:J8) -> 0

Sheet process
B4: ■ 프로세스
B5: 주체 | C5: 업무 | D5: 일정 | E5: 비고
B6: 스토리숲 | C6: 전월 발생 매출에 대한 정산서 작성 후 스토리위즈에 제공 | D6: 매월 7일까지
B7: 스토리위즈 | C7: 스토리숲에서 제공한 정산서 토대로 스토리위즈 매출에 대해 계산서 발행 | D7: 매월 10일까지 | E7: 합계 시트 내 E열 [합계]
B8: 스토리숲 | C8: 스토리위즈 수익 및 제휴사 수익에 대한 계산서 발행 | D8: 매월 10일까지 | E8: 합계 시트 내 F열, G열 [합계]
B9: 스토리숲 | C9: 스토리위즈 수익분만큼 스토리위즈 계좌에 입금 | D9: 계산서 수령 후 30일 이내 | E9: 합계 시트 내 F열 [합계]
