Workbook

Sheet 서비스현황
B1: 갓 오브 블랙필드
B2: 플랫폼 | C2: 서비스 시작일 | D2: 서비스 사이트 | E2: 비고
B3: 카카오페이지 | C3: 20.03.01 | D3: https://page.kakao.com/home?seriesId=54498159 | E3: 웹/앱 서비스
B4: 픽코마 | C4: 20.04.01 | D4: https://piccoma.com/web/product/23019 | E4: 웹/앱 서비스

Sheet 합계표
B2: 2월 정산액 | C2: 입금 예정일 | D2: 누적 정산액
B3: =E31+H30 -> 15668567 | C3: 22년 2월 14일 | D3: =E8+H8 -> 2.9406481e+08 | K3: 18210699
B5: ■ 상세내역
B6: 플랫폼 유통월 | C6: 카카오페이지 외 3개 | F6: 픽코마
A7: 정산월 | C7: 소비자매출 | D7: SW정산액 | E7: 원작자 정산액 | F7: 소비자매출 | G7: SW정산액 | H7: 원작자 정산액
B8: 소 계 | C8: =SUM(C9:C33) -> 1.3659762e+09 | D8: =SUM(D9:D33) -> 1.5025738e+08 | E8: =SUM(E9:E33) -> 75128691 | F8: =SUM(F9:F33) -> 9.2109957e+09 | G8: =SUM(G9:G33) -> 4.3787224e+08 | H8: =SUM(H9:H33) -> 2.1893612e+08
A9: 5월 | B9: 2020년 03월 | C9: ='202003'!F5/55% -> 1.3212117e+08 | D9: ='202003'!G6 -> 14533329 | E9: ='202003'!H6 -> 7266664.5
A10: 6월 | B10: 2020년 04월 | C10: ='202004'!F5/55% -> 44981787 | D10: ='202004'!G6 -> 4947996.6 | E10: ='202004'!H6 -> 2473998.3 | F10: 51275595 | G10: ='202005'!G6 -> 2437538.8 | H10: ='202005'!H6 -> 1218769.4 | J10: 12187694 | K10: =J10/F10 -> 0.23768996
A11: 7월 | B11: 2020년 05월 | C11: ='202005'!F5/55% -> 42084158 | D11: ='202005'!G5 -> 4629257.4 | E11: ='202005'!H5 -> 2314628.7 | F11: 132412348 | G11: ='202006'!G6 -> 6294617.2 | H11: ='202006'!H6 -> 3147308.6 | J11: 31473086 | K11: =J11/F11 -> 0.23768996
A12: 8월 | B12: 2020년 06월 | C12: ='202006'!F5/55% -> 41460862 | D12: ='202006'!G5 -> 4560694.8 | E12: ='202006'!H5 -> 2280347.4 | F12: 213278872 | G12: ='202007'!G6 -> 10138849 | H12: ='202007'!H6 -> 5069424.7 | J12: 50694247 | K12: =J12/F12 -> 0.23768996
A13: 9월 | B13: 2020년 07월 | C13: ='202007'!F5/55% -> 38125556 | D13: ='202007'!G5 -> 4193811.2 | E13: ='202007'!H5 -> 2096905.6 | F13: 306953076 | G13: ='202008'!G6 -> 14591933 | H13: ='202008'!H6 -> 7295966.5 | J13: 72959665 | K13: =J13/F13 -> 0.23768996
A14: 10월 | B14: 2020년 08월 | C14: ='202008'!F5/55% -> 46138171 | D14: ='202008'!G5 -> 5075198.8 | E14: ='202008'!H5 -> 2537599.4 | F14: 897049627 | G14: ='202009'!G6 -> 42643938 | H14: ='202009'!H6 -> 21321969 | J14: 213219692 | K14: =J14/F14 -> 0.23768996
A15: 11월 | B15: 2020년 09월 | C15: ='202009'!F5/55% -> 39979124 | D15: ='202009'!G5 -> 4397703.6 | E15: ='202009'!H5 -> 2198851.8 | F15: 6.8942552e+08 | G15: ='202010'!G6 -> 32773905 | H15: ='202010'!H6 -> 16386953 | J15: 163869527 | K15: =J15/F15 -> 0.23768996
A16: 12월 | B16: 2020년 10월 | C16: ='202010'!F5/55% -> 24556749 | D16: ='202010'!G5 -> 2701242.4 | E16: ='202010'!H5 -> 1350621.2 | F16: 5.7008013e+08 | G16: ='202011'!G5 -> 27100465 | H16: ='202011'!H5 -> 13550232 | J16: 135502325 | K16: =J16/F16 -> 0.23768996
A17: 1월 | B17: 2020년 11월 | C17: ='202011'!F4/55% -> 94125458 | D17: ='202011'!G4 -> 10353800 | E17: ='202011'!H4 -> 5176900.2 | F17: =J17/K16 -> 3.8141024e+08 | G17: ='202012'!G5 -> 18131477 | H17: ='202012'!H5 -> 9065738.5 | J17: 90657385 | K17: =J17/F17 -> 0.23768996
A18: 2월 | B18: 2020년 12월 | C18: ='202012'!F4/55% -> 79866185 | D18: ='202012'!G4 -> 8785280.4 | E18: ='202012'!H4 -> 4392640.2 | F18: =J18/K17 -> 4.163019e+08 | G18: ='202101'!G5 -> 19790157 | H18: ='202101'!H5 -> 9895078.3 | J18: 98950783 | K18: =J18/F18 -> 0.23768996
A19: 2월 | B19: 2021년 1월 | C19: ='202101'!F4/55% -> 44571289 | D19: ='202101'!G4 -> 4902841.8 | E19: ='202101'!H4 -> 2451420.9 | F19: =J19/K18 -> 3.4070276e+08 | G19: ='202102'!G5 -> 16196325 | H19: ='202102'!H5 -> 8098162.7 | J19: 80981627 | K19: =J19/F19 -> 0.23768996
A20: 3월 | B20: 2021년 2월 | C20: ='202102'!F4/55% -> 37417005 | D20: ='202102'!G4 -> 4115870.6 | E20: ='202102'!H4 -> 2057935.3 | F20: =J20/K19 -> 4.0378063e+08 | G20: ='202103'!G5 -> 19194920 | H20: ='202103'!H5 -> 9597460.2 | J20: 95974602 | K20: =J20/F20 -> 0.23768996
A21: 4월 | B21: 2021년 3월 | C21: ='202103'!F4/55% -> 41616518 | D21: ='202103'!G4 -> 4577817 | E21: ='202103'!H4 -> 2288908.5 | F21: =J21/K20 -> 6.5490116e+08 | G21: ='202104'!G5 -> 31132686 | H21: =G21*50% -> 15566343 | J21: 155663431 | K21: =J21/F21 -> 0.23768996
A22: 5월 | B22: 2021년 4월 | C22: =('202104'!F4+'202104'!F6+'202104'!F7+'202104'!F8)/55% -> 62177716 | D22: ='202104'!G4+'202104'!G6+'202104'!G7+'202104'!G8 -> 6839548.8 | E22: =D22*50% -> 3419774.4 | F22: =J22/K21 -> 7.0212282e+08 | G22: ='202105'!G5 -> 33377509 | H22: =G22*50% -> 16688755 | J22: 166887547 | K22: =J22/F22 -> 0.23768996
A23: 6월 | B23: 2021년 5월 | C23: ='202105'!F4/55% -> 55466256 | D23: ='202105'!G4 -> 6101288.2 | E23: =D23*50% -> 3050644.1 | F23: =J23/K22 -> 6.4162829e+08 | G23: ='202106'!G5 -> 30501721 | H23: =ROUND((G23*50%),0) -> 15250860 | J23: 152508604 | K23: =J23/F23 -> 0.23768996
A24: 7월 | B24: 2021년 6월 | C24: ='202106'!F4/55% -> 53815256 | D24: ='202106'!G4 -> 5919678.2 | E24: =D24*50% -> 2959839.1 | F24: =J24/K23 -> 5.2565324e+08 | G24: ='202107'!G5 -> 24988500 | H24: =ROUND((G24*50%),0) -> 12494250 | J24: 124942498 | K24: =J24/F24 -> 0.23768996
A25: 8월 | B25: 2021년 7월 | C25: ='202107'!F4/55% -> 33581633 | D25: ='202107'!G4 -> 3693979.6 | E25: =D25*50% -> 1846989.8 | F25: =J25/K24 -> 5.4925574e+08 | G25: ='202108'!G5 -> 26110515 | H25: =ROUND((G25*50%),0) -> 13055258 | J25: 130552575 | K25: =J25/F25 -> 0.23768996
A26: 9월 | B26: 2021년 8월 | C26: =SUM('202108'!F4+'202108'!F8+'202108'!F9)/55% -> 1.2275333e+08 | D26: ='202108'!G4+'202108'!G8+'202108'!G9 -> 13502866 | E26: =D26*50% -> 6751432.9 | F26: =J26/K25 -> 3.4045353e+08 | G26: ='202109'!G6 -> 16184477 | H26: =ROUND((G26*50%),0) -> 8092239 | J26: 80922387 | K26: =J26/F26 -> 0.23768996
A27: 10월 | B27: 2021년 9월 | C27: =SUM('202109'!F4+'202109'!F5)/55% -> 53981236 | D27: ='202109'!G4+'202109'!G5 -> 5937936 | E27: =D27*50% -> 2968968 | F27: =J27/K26 -> 1.8653576e+08 | G27: ='202110'!I5 -> 8867535.4 | H27: ='202110'!J5 -> 4433768 | J27: 44337677 | K27: =J27/F27 -> 0.23768996
A28: 11월 | B28: 2021년 10월 | C28: =SUM('202110'!H4)/55% -> 78800864 | D28: ='202110'!I4 -> 8668095 | E28: =D28*50% -> 4334047.5 | F28: =J28/K27 -> 3.2495428e+08 | G28: ='202111'!I5 -> 15447674 | H28: =G28*50% -> 7723837 | J28: 77238370 | K28: =J28/F28 -> 0.23768996
A29: 12월 | B29: 2021년 11월 | C29: =SUM('202111'!H4)/55% -> 56471538 | D29: ='202111'!I4 -> 6211869.2 | E29: =D29*50% -> 3105934.6 | F29: =J29/K28 -> 3.9271817e+08 | G29: ='202112'!I5 -> 18669033 | H29: ='202112'!J5 -> 9334517 | J29: 93345167 | K29: =J29/F29 -> 0.23768996
A30: 1월 | B30: 2021년 12월 | C30: =SUM('202112'!H4)/55% -> 68805527 | D30: ='202112'!I4 -> 7568608 | E30: =D30*50% -> 3784304 | F30: =J30/K29 -> 4.9010201e+08 | G30: ='202201'!I5 -> 23298465 | H30: =G30*50% -> 11649233 | J30: 116492327 | K30: =J30/F30 -> 0.23768996
A31: 2월 | B31: 2021년 12월 | C31: =SUM('202201'!H4+'202201'!H7)/55% -> 73078804 | D31: ='202201'!I4+'202201'!I7 -> 8038668.4 | E31: =D31*50% -> 4019334.2 | K31: =J31/F31 -> #DIV/0!
B34: 기존 : M월 유통분(국내M월, 픽코마 M-1월) -> M+1월 정산(계산서는 M+2월자 발행)/ M+3월 14일 지급
B35: 변경 : M월 유통분(국내M월, 픽코마 M-1월) -> M+1월 정산(계산서 M+1월자 발행)/ M+2월 14일 지급

Sheet 202201
A2: o (갓 오브 블랙필드) '직전 월 잔여 선MG(국내) 합계' 세부 내역
A3: 해당월 | B3: 구분 | C3: 고료(또는 MG) 수익(2) | D3: 카카오페이지 (3) | E3: 카카오웹툰 (3) | F3: 유료 정산 (3) | G3: 유료 정산 수익(4) | H3: 총 수익(5) | I3: 원작사 배분 수익 합계(6) | J3: 원작자 정산
A4: 202201 | B4: 카카오페이지+카카오웹툰 | C4: 4000000 | D4: 32775263 | E4: 7217845 | G4: =(D4+E4)-C4 -> 35993108 | H4: =(C4+G4) -> 39993108 | I4: =H4*0.2 -> 7998621.6 | J4: =ROUND(I4*50%,0) -> 3999311
A5: 202112 | B5: 픽코마 (7) | F5: 116492327 | H5: =F5 -> 116492327 | I5: =H5*0.2 -> 23298465 | J5: =ROUND(I5*50%,0) -> 11649233
A6: 상계중 | B6: 네오자바르_인도네시아(7) | F6: 0 | H6: =F6 -> 0 | I6: =H6*0.2 -> 0 | J6: =ROUND(I6*50%,0) -> 0
A7: 202201 | B7: 카카오웹툰_대만(7) | F7: 200234 | H7: =F7 -> 200234 | I7: =H7*0.2 -> 40046.8 | J7: =ROUND(I7*50%,0) -> 20023
A8: 상계중 | B8: 카카오웹툰_태국(7) | F8: 0 | H8: =F8 -> 0 | I8: =H8*0.2 -> 0 | J8: =ROUND(I8*50%,0) -> 0
A9: 상계중 | B9: 카카오웹툰_글로벌(7) | F9: 0 | H9: =F9 -> 0 | I9: =H9*0.2 -> 0 | J9: =ROUND(I9*50%,0) -> 0
A10: 합계 | C10: =SUM(C4:C9) -> 4000000 | D10: =SUM(D4:D9) -> 32775263 | E10: =SUM(E4:E9) -> 7217845 | F10: =SUM(F4:F9) -> 116692561 | G10: =SUM(G4:G9) -> 35993108 | H10: =SUM(H4:H9) -> 156685669 | I10: =SUM(I4:I9) -> 31337134 | J10: =SUM(J4:J9) -> 15668567
A12: *(2) 고료(또는 MG) 수익 = 화당 비용 * 해당월 업데이트 분량
A13: *(3) 유료 정산= 플랫폼 순매출 * 수익배분율(RS%)
A14: *(4) 유료정산수익 = 유료 정산 수익 - MG 수익( - 일 경우 0)
A15: *(5) 총수익 = 각 플랫폼 별 (고료(또는 MG) 수익 + 유료 정산 수익) | J15: 11061207
A16: *(6) 원작사 배분 수익 합계 = (고료(또는 MG) 수익 + 유료 정산 초과 수익) * 20%
A17: *(7) 해외 정산 = 플랫폼 순매출 * 수익배분율(RS%)

Sheet 202112
A2: o (갓 오브 블랙필드) '직전 월 잔여 선MG(국내) 합계' 세부 내역
A3: 해당월 | B3: 구분 | C3: 고료(또는 MG) 수익(2) | D3: 카카오페이지 (3) | E3: 카카오웹툰 (3) | F3: 유료 정산 (3) | G3: 유료 정산 수익(4) | H3: 총 수익(5) | I3: 원작사 배분 수익 합계(6) | J3: 원작자 정산
A4: 202112 | B4: 카카오페이지+카카오웹툰 | C4: 4000000 | D4: 29012398 | E4: 8830642 | G4: =(D4+E4)-C4 -> 33843040 | H4: =(C4+G4) -> 37843040 | I4: =H4*0.2 -> 7568608 | J4: =ROUND(I4*50%,0) -> 3784304
A5: 202111 | B5: 픽코마 (7) | F5: 93345167 | H5: =F5 -> 93345167 | I5: =H5*0.2 -> 18669033 | J5: =ROUND(I5*50%,0) -> 9334517
A6: 상계중 | B6: 네오자바르_인도네시아(7) | F6: 0 | H6: =(D6+G6) -> 0 | I6: =H6*0.2 -> 0 | J6: =ROUND(I6*50%,0) -> 0
A7: 상계중 | B7: 카카오웹툰_대만(7) | F7: 0 | H7: =(D7+G7) -> 0 | I7: =H7*0.2 -> 0 | J7: =ROUND(I7*50%,0) -> 0
A8: 상계중 | B8: 카카오웹툰_태국(7) | F8: 0 | H8: =(D8+G8) -> 0 | I8: =H8*0.2 -> 0 | J8: =ROUND(I8*50%,0) -> 0
A9: 상계중 | B9: 카카오웹툰_글로벌(7) | F9: 0 | H9: =(D9+G9) -> 0 | I9: =H9*0.2 -> 0 | J9: =ROUND(I9*50%,0) -> 0
A10: 합계 | C10: =SUM(C4:C9) -> 4000000 | D10: =SUM(D4:D9) -> 29012398 | F10: =SUM(F4:F9) -> 93345167 | G10: =SUM(G4:G9) -> 33843040 | H10: =SUM(H4:H9) -> 131188207 | I10: =SUM(I4:I9) -> 26237641 | J10: =SUM(J4:J9) -> 13118821
A12: *(2) 고료(또는 MG) 수익 = 화당 비용 * 해당월 업데이트 분량
A13: *(3) 유료 정산= 플랫폼 순매출 * 수익배분율(RS%)
A14: *(4) 유료정산수익 = 유료 정산 수익 - MG 수익( - 일 경우 0)
A15: *(5) 총수익 = 각 플랫폼 별 (고료(또는 MG) 수익 + 유료 정산 수익) | J15: 11061207
A16: *(6) 원작사 배분 수익 합계 = (고료(또는 MG) 수익 + 유료 정산 초과 수익) * 20%
A17: *(7) 해외 정산 = 플랫폼 순매출 * 수익배분율(RS%)

Sheet 202111
A2: o (갓 오브 블랙필드) '직전 월 잔여 선MG(국내) 합계' 세부 내역
A3: 해당월 | B3: 구분 | C3: 고료(또는 MG) 수익(2) | D3: 카카오페이지 (3) | E3: 카카오웹툰 (3) | F3: 유료 정산 (3) | G3: 유료 정산 수익(4) | H3: 총 수익(5) | I3: SW 수익 합계(6) | J3: 원작자 정산
A4: 202111 | B4: 카카오페이지+카카오웹툰 | C4: 4000000 | D4: 24288611 | E4: 6770735 | G4: =(D4+E4)-C4 -> 27059346 | H4: =(C4+G4) -> 31059346 | I4: =H4*0.2 -> 6211869.2 | J4: =ROUND(I4*50%,0) -> 3105935
A5: 202110 | B5: 픽코마 (7) | F5: 77238370 | H5: =F5 -> 77238370 | I5: =H5*0.2 -> 15447674 | J5: =ROUND(I5*50%,0) -> 7723837
A6: 상계중 | B6: 네오자바르_인도네시아(7) | F6: 0 | H6: =(D6+G6) -> 0 | I6: =H6*0.2 -> 0 | J6: =ROUND(I6*50%,0) -> 0
A7: 상계중 | B7: 카카오웹툰_대만(7) | F7: 0 | H7: =(D7+G7) -> 0 | I7: =H7*0.2 -> 0 | J7: =ROUND(I7*50%,0) -> 0
A8: 상계중 | B8: 카카오웹툰_태국(7) | F8: 0 | H8: =(D8+G8) -> 0 | I8: =H8*0.2 -> 0 | J8: =ROUND(I8*50%,0) -> 0
A9: 상계중 | B9: 카카오웹툰_글로벌(7) | F9: 0 | H9: =(D9+G9) -> 0 | I9: =H9*0.2 -> 0 | J9: =ROUND(I9*50%,0) -> 0
A10: 합계 | C10: =SUM(C4:C9) -> 4000000 | D10: =SUM(D4:D9) -> 24288611 | F10: =SUM(F4:F9) -> 77238370 | G10: =SUM(G4:G9) -> 27059346 | H10: =SUM(H4:H9) -> 108297716 | I10: =SUM(I4:I9) -> 21659543 | J10: =SUM(J4:J9) -> 10829772
A12: *(2) 고료(또는 MG) 수익 = 화당 비용 * 해당월 업데이트 분량
A13: *(3) 유료 정산= 플랫폼 순매출 * 수익배분율(RS%)
A14: *(4) 유료정산수익 = 유료 정산 수익 - MG 수익( - 일 경우 0)
A15: *(5) 총수익 = 각 플랫폼 별 (고료(또는 MG) 수익 + 유료 정산 수익) | J15: 11061207
A16: *(6) 원작사 배분 수익 합계 = (고료(또는 MG) 수익 + 유료 정산 초과 수익) * 20%
A17: *(7) 해외 정산 = 플랫폼 순매출 * 수익배분율(RS%)

Sheet 202110
A2: o (갓 오브 블랙필드) '직전 월 잔여 선MG(국내) 합계' 세부 내역
A3: 해당월 | B3: 구분 | C3: 고료(또는 MG) 수익(2) | D3: 카카오페이지 (3) | E3: 카카오웹툰 (3) | F3: 유료 정산 (3) | G3: 유료 정산 수익(4) | H3: 총 수익(5) | I3: SW 수익 합계(6) | J3: 마야마루 정산
A4: 202110 | B4: 카카오페이지+카카오웹툰 | C4: 5000000 | D4: 28614388 | E4: 14726087 | G4: =(D4+E4)-C4 -> 38340475 | H4: =(C4+G4) -> 43340475 | I4: =H4*0.2 -> 8668095 | J4: =ROUND(I4*50%,0) -> 4334048
A5: 202109 | B5: 픽코마 (7) | F5: 44337677 | H5: =F5 -> 44337677 | I5: =H5*0.2 -> 8867535.4 | J5: =ROUND(I5*50%,0) -> 4433768
A6: 상계중 | B6: 네오자바르_인도네시아(7) | F6: 0 | H6: =(D6+G6) -> 0 | I6: =H6*0.2 -> 0 | J6: =ROUND(I6*50%,0) -> 0
A7: 상계중 | B7: 카카오웹툰_대만(7) | F7: 0 | H7: =(D7+G7) -> 0 | I7: =H7*0.2 -> 0 | J7: =ROUND(I7*50%,0) -> 0
A8: 상계중 | B8: 카카오웹툰_태국(7) | F8: 0 | H8: =(D8+G8) -> 0 | I8: =H8*0.2 -> 0 | J8: =ROUND(I8*50%,0) -> 0
A9: 상계중 | B9: 카카오웹툰_글로벌(7) | F9: 0 | H9: =(D9+G9) -> 0 | I9: =H9*0.2 -> 0 | J9: =ROUND(I9*50%,0) -> 0
A10: 합계 | C10: =SUM(C4:C9) -> 5000000 | D10: =SUM(D4:D9) -> 28614388 | F10: =SUM(F4:F9) -> 44337677 | G10: =SUM(G4:G9) -> 38340475 | H10: =SUM(H4:H9) -> 87678152 | I10: =SUM(I4:I9) -> 17535630 | J10: =SUM(J4:J9) -> 8767816
A12: *(2) 고료(또는 MG) 수익 = 화당 비용 * 해당월 업데이트 분량
A13: *(3) 유료 정산= 플랫폼 순매출 * 수익배분율(RS%)
A14: *(4) 유료정산수익 = 유료 정산 수익 - MG 수익( - 일 경우 0)
A15: *(5) 총수익 = 각 플랫폼 별 (고료(또는 MG) 수익 + 유료 정산 수익) | J15: 11061207
A16: *(6) 원작사 배분 수익 합계 = (고료(또는 MG) 수익 + 유료 정산 초과 수익) * 20%
A17: *(7) 해외 정산 = 플랫폼 순매출 * 수익배분율(RS%)

Sheet 202109
A2: o (갓 오브 블랙필드) '직전 월 잔여 선MG(국내) 합계' 세부 내역
A3: 해당월 | B3: 구분 | C3: 고료(또는 MG) 수익(2) | D3: 유료 정산 (3) | E3: 유료 정산 수익(4) | F3: 총 수익(5) | G3: 원작사 배분 수익 합계(6) | H3: 마야마루 정산
A4: 202109 | B4: 카카오페이지 | C4: 4000000 | D4: 22641032 | E4: =D4-C4 -> 18641032 | F4: =(C4+E4) -> 22641032 | G4: =F4*0.2 -> 4528206.4 | H4: =ROUND(G4*50%,0) -> 2264103
A5: 202109 | B5: 카카오웹툰 | D5: 7048648 | E5: =D5-C5 -> 7048648 | F5: =(C5+E5) -> 7048648 | G5: =F5*0.2 -> 1409729.6 | H5: =ROUND(G5*50%,0) -> 704865
A6: 202108 | B6: 픽코마 | E6: 80922387 | F6: =(C6+E6) -> 80922387 | G6: =F6*0.2 -> 16184477 | H6: =ROUND(G6*50%,0) -> 8092239
A7: 상계중 | B7: 네오자바르_인도네시아 | E7: 0 | F7: =(C7+E7) -> 0 | G7: =F7*0.2 -> 0 | H7: =ROUND(G7*50%,0) -> 0
A8: 상계중 | B8: 카카오웹툰_대만 | E8: 0 | F8: =(C8+E8) -> 0 | G8: =F8*0.2 -> 0 | H8: =ROUND(G8*50%,0) -> 0
A9: 상계중 | B9: 카카오웹툰_태국 | E9: 0 | F9: =(C9+E9) -> 0 | G9: =F9*0.2 -> 0 | H9: =ROUND(G9*50%,0) -> 0
A10: 상계중 | B10: 카카오웹툰_글로벌 | E10: 0 | F10: =(C10+E10) -> 0 | G10: =F10*0.2 -> 0 | H10: =ROUND(G10*50%,0) -> 0
A11: 합계 | C11: =SUM(C4:C10) -> 4000000 | D11: =SUM(D4:D10) -> 29689680 | E11: =SUM(E4:E10) -> 106612067 | F11: =SUM(F4:F10) -> 110612067 | G11: =SUM(G4:G10) -> 22122413 | H11: =SUM(H4:H10) -> 11061207
A13: *(2) 고료(또는 MG) 수익 = 화당 비용 * 해당월 업데이트 분량
A14: *(3) 유료 정산= 플랫폼 순매출 * 수익배분율(RS%)
A15: *(4) 유료정산수익 = 유료 정산 수익 - MG 수익( - 일 경우 0)
A16: *(5) 총수익 = 각 플랫폼 별 (고료(또는 MG) 수익 + 유료 정산 수익) | H16: 11061207
A17: *(6) 원작사 배분 수익 합계 = (고료(또는 MG) 수익 + 유료 정산 초과 수익) * 20%

Sheet 202108
A2: o (갓 오브 블랙필드) '직전 월 잔여 선MG(국내) 합계' 세부 내역
A3: 해당월 | B3: 구분 | C3: 고료(또는 MG) 수익(2) | D3: 유료 정산 (3) | E3: 유료 정산 수익(4) | F3: 총 수익(5) | G3: 원작사 배분 수익 합계(6) | H3: 마야마루 정산
A4: 202108 | B4: 카카오페이지 | C4: 6000000 | D4: 44514329 | E4: =D4-C4 -> 38514329 | F4: =(C4+E4) -> 44514329 | G4: =F4*0.2 -> 8902865.8 | H4: =ROUND(G4*50%,0) -> 4451433
A5: 202107 | B5: 픽코마 | E5: 130552575 | F5: =(C5+E5) -> 130552575 | G5: =F5*0.2 -> 26110515 | H5: =ROUND(G5*50%,0) -> 13055258
A6: 상계중 | B6: 네오자바르_인도네시아 | E6: 0 | F6: =(C6+E6) -> 0 | G6: =F6*0.2 -> 0 | H6: =ROUND(G6*50%,0) -> 0
A7: 상계중 | B7: 카카오웹툰_대만 | E7: 0 | F7: =(C7+E7) -> 0 | G7: =F7*0.2 -> 0 | H7: =ROUND(G7*50%,0) -> 0
A8: 202108 | B8: 카카오웹툰_태국 | C8: 3000000 | F8: =(C8+E8) -> 3000000 | G8: =F8*0.2 -> 600000 | H8: =ROUND(G8*50%,0) -> 300000
A9: 202108 | B9: 카카오웹툰_글로벌 | C9: 20000000 | F9: =(C9+E9) -> 20000000 | G9: =F9*0.2 -> 4000000 | H9: =ROUND(G9*50%,0) -> 2000000
A10: 합계 | C10: =SUM(C4:C9) -> 29000000 | D10: =SUM(D4:D9) -> 44514329 | E10: =SUM(E4:E9) -> 169066904 | F10: =SUM(F4:F9) -> 198066904 | G10: =SUM(G4:G9) -> 39613381 | H10: =SUM(H4:H9) -> 19806691
A12: *(2) 고료(또는 MG) 수익 = 화당 비용 * 해당월 업데이트 분량
A13: *(3) 유료 정산= 플랫폼 순매출 * 수익배분율(RS%)
A14: *(4) 유료정산수익 = 유료 정산 수익 - MG 수익( - 일 경우 0)
A15: *(5) 총수익 = 각 플랫폼 별 (고료(또는 MG) 수익 + 유료 정산 수익)
A16: *(6) 원작사 배분 수익 합계 = (고료(또는 MG) 수익 + 유료 정산 초과 수익) * 20%

Sheet 202107
A2: o (갓 오브 블랙필드) '직전 월 잔여 선MG(국내) 합계' 세부 내역
A3: 해당월 | B3: 구분 | C3: 고료(또는 MG) 수익(2) | D3: 유료 정산 (3) | E3: 유료 정산 수익(4) | F3: 총 수익(5) | G3: 원작사 배분 수익 합계(6) | H3: 마야마루 정산
A4: 202107 | B4: 카카오페이지 | C4: 2000000 | D4: 18469898 | E4: 16469898 | F4: =(C4+E4) -> 18469898 | G4: =F4*0.2 -> 3693979.6 | H4: =ROUND(G4*50%,0) -> 1846990
A5: 202106 | B5: 픽코마 | E5: 124942498 | F5: =(C5+E5) -> 124942498 | G5: =F5*0.2 -> 24988500 | H5: =ROUND(G5*50%,0) -> 12494250
A6: 상계중 | B6: 네오자바르_인도네시아 | E6: 0 | F6: =(C6+E6) -> 0 | G6: =F6*0.2 -> 0 | H6: =ROUND(G6*50%,0) -> 0
A7: 상계중 | B7: 카카오페이지_대만 | E7: 0 | F7: =(C7+E7) -> 0 | G7: =F7*0.2 -> 0 | H7: =ROUND(G7*50%,0) -> 0
A8: 합계 | C8: =SUM(C4:C7) -> 2000000 | D8: =SUM(D4:D7) -> 18469898 | E8: =SUM(E4:E7) -> 141412396 | F8: =SUM(F4:F7) -> 143412396 | G8: =SUM(G4:G7) -> 28682479 | H8: =ROUND(G8*50%,0) -> 14341240
A10: *(2) 고료(또는 MG) 수익 = 화당 비용 * 해당월 업데이트 분량
A11: *(3) 유료 정산= 플랫폼 순매출 * 수익배분율(RS%)
A12: *(4) 유료정산수익 = 유료 정산 수익 - MG 수익( - 일 경우 0)
A13: *(5) 총수익 = 각 플랫폼 별 (고료(또는 MG) 수익 + 유료 정산 수익)
A14: *(6) 원작사 배분 수익 합계 = (고료(또는 MG) 수익 + 유료 정산 초과 수익) * 20%

Sheet 202106
A2: o (갓 오브 블랙필드) '직전 월 잔여 선MG(국내) 합계' 세부 내역
A3: 해당월 | B3: 구분 | C3: 고료(또는 MG) 수익(2) | D3: 유료 정산 (3) | E3: 유료 정산 수익(4) | F3: 총 수익(5) | G3: 원작사 배분 수익 합계(6) | H3: 마야마루 정산
A4: 202106 | B4: 카카오페이지 | C4: 4000000 | D4: 29598391 | E4: =D4-C4 -> 25598391 | F4: =(C4+E4) -> 29598391 | G4: =F4*0.2 -> 5919678.2 | H4: =ROUND(G4*50%,0) -> 2959839
A5: 202105 | B5: 픽코마 | E5: 152508604 | F5: =(C5+E5) -> 152508604 | G5: =F5*0.2 -> 30501721 | H5: =ROUND(G5*50%,0) -> 15250860
A6: 상계중 | B6: 네오자바르_인도네시아 | D6: 0 | F6: =(C6+E6) -> 0 | G6: =F6*0.2 -> 0 | H6: =ROUND(G6*50%,0) -> 0
A7: 상계중 | B7: 카카오페이지_대만 | D7: 0 | F7: =(C7+E7) -> 0 | G7: =F7*0.2 -> 0 | H7: =ROUND(G7*50%,0) -> 0
A8: 합계 | C8: =SUM(C4:C7) -> 4000000 | D8: =SUM(D4:D7) -> 29598391 | E8: =SUM(E4:E7) -> 178106995 | F8: =SUM(F4:F7) -> 182106995 | G8: =SUM(G4:G7) -> 36421399 | H8: =ROUND(G8*50%,0)-1 -> 18210699
A10: *(2) 고료(또는 MG) 수익 = 화당 비용 * 해당월 업데이트 분량
A11: *(3) 유료 정산= 플랫폼 순매출 * 수익배분율(RS%)
A12: *(4) 유료정산수익 = 유료 정산 수익 - MG 수익( - 일 경우 0)
A13: *(5) 총수익 = 각 플랫폼 별 (고료(또는 MG) 수익 + 유료 정산 수익)
A14: *(6) 원작사 배분 수익 합계 = (고료(또는 MG) 수익 + 유료 정산 초과 수익) * 20%

Sheet 202105
A2: o (갓 오브 블랙필드) '직전 월 잔여 선MG(국내) 합계' 세부 내역
A3: 해당월 | B3: 구분 | C3: 고료(또는 MG) 수익(2) | D3: 유료 정산 (3) | E3: 유료 정산 수익(4) | F3: 총 수익(5) | G3: 원작사 배분 수익 합계(6) | H3: 마야마루 정산
A4: 202105 | B4: 카카오페이지 | C4: 5000000 | D4: 30506441 | E4: =D4-C4 -> 25506441 | F4: =(C4+E4) -> 30506441 | G4: =F4*0.2 -> 6101288.2 | H4: =ROUND(G4*50%,0) -> 3050644
A5: 202104 | B5: 픽코마 | E5: 166887547 | F5: =(C5+E5) -> 166887547 | G5: =F5*0.2 -> 33377509 | H5: =ROUND(G5*50%,0) -> 16688755
A6: 상계중 | B6: 네오자바르_인도네시아 | F6: =(C6+E6) -> 0 | G6: =F6*0.2 -> 0 | H6: =ROUND(G6*50%,0) -> 0
A7: 상계중 | B7: 카카오페이지_대만 | F7: =(C7+E7) -> 0 | G7: =F7*0.2 -> 0 | H7: =ROUND(G7*50%,0) -> 0
A8: 합계 | C8: =SUM(C4:C7) -> 5000000 | D8: =SUM(D4:D7) -> 30506441 | E8: =SUM(E4:E7) -> 192393988 | F8: =SUM(F4:F7) -> 197393988 | G8: =SUM(G4:G7) -> 39478798 | H8: =ROUND(G8*50%,0) -> 19739399
A10: *(2) 고료(또는 MG) 수익 = 화당 비용 * 해당월 업데이트 분량
A11: *(3) 유료 정산= 플랫폼 순매출 * 수익배분율(RS%)
A12: *(4) 유료정산수익 = 유료 정산 수익 - MG 수익( - 일 경우 0)
A13: *(5) 총수익 = 각 플랫폼 별 (고료(또는 MG) 수익 + 유료 정산 수익)
A14: *(6) 원작사 배분 수익 합계 = (고료(또는 MG) 수익 + 유료 정산 초과 수익) * 20%

Sheet 202104
A2: o (갓 오브 블랙필드) '직전 월 잔여 선MG(국내) 합계' 세부 내역
A3: 해당월 | B3: 구분 | C3: 고료(또는 MG) 수익(2) | D3: 유료 정산 (3) | E3: 유료 정산 수익(4) | F3: 총 수익(5) | G3: 원작사 배분 수익 합계(6) | H3: 마야마루 정산
A4: 202104 | B4: 카카오페이지 | C4: 4000000 | D4: 28167393 | E4: 24167393 | F4: =(C4+E4) -> 28167393 | G4: =F4*0.2 -> 5633478.6 | H4: =ROUND(G4*50%,0) -> 2816739
A5: 202103 | B5: 픽코마 | E5: 155663431 | F5: =(C5+E5) -> 155663431 | G5: =F5*0.2 -> 31132686 | H5: =ROUND(G5*50%,0) -> 15566343
A6: 202103 | B6: 델리툰_프랑스 | E6: 30351 | F6: =(C6+E6) -> 30351 | G6: =F6*0.2 -> 6070.2 | H6: =ROUND(G6*50%,0) -> 3035
A7: 202104 | B7: 네오자바르_인도네시아MG | E7: 3000000 | F7: =(C7+E7) -> 3000000 | G7: =F7*0.2 -> 600000 | H7: =ROUND(G7*50%,0) -> 300000
A8: 202104 | B8: 카카오페이지_대만MG | E8: 3000000 | F8: =(C8+E8) -> 3000000 | G8: =F8*0.2 -> 600000 | H8: =ROUND(G8*50%,0) -> 300000
A9: 합계 | C9: =SUM(C4:C8) -> 4000000 | D9: =SUM(D4:D8) -> 28167393 | E9: =SUM(E4:E8) -> 185861175 | F9: =SUM(F4:F8) -> 189861175 | G9: =SUM(G4:G8) -> 37972235 | H9: =G9*50% -> 18986118
A11: *(2) 고료(또는 MG) 수익 = 화당 비용 * 해당월 업데이트 분량
A12: *(3) 유료 정산= 플랫폼 순매출 * 수익배분율(RS%)
A13: *(4) 유료정산수익 = 유료 정산 수익 - MG 수익( - 일 경우 0)
A14: *(5) 총수익 = 각 플랫폼 별 (고료(또는 MG) 수익 + 유료 정산 수익)
A15: *(6) 원작사 배분 수익 합계 = (고료(또는 MG) 수익 + 유료 정산 초과 수익) * 20%

Sheet 202103
A2: o (갓 오브 블랙필드) '직전 월 잔여 선MG(국내) 합계' 세부 내역
A3: 해당월 | B3: 구분 | C3: 고료(또는 MG) 수익(2) | D3: 유료 정산 (3) | E3: 유료 정산 수익(4) | F3: 총 수익(5) | G3: 원작사 배분 수익 합계(6) | H3: 마야마루 정산
A4: 202103 | B4: 카카오페이지 | C4: 4000000 | D4: 22889085 | E4: =D4-C4 -> 18889085 | F4: =(C4+E4) -> 22889085 | G4: =F4*0.2 -> 4577817 | H4: =G4*50% -> 2288908.5
A5: 202102 | B5: 픽코마 | E5: 95974602 | F5: =(C5+E5) -> 95974602 | G5: =F5*0.2 -> 19194920 | H5: =G5*50% -> 9597460.2
A6: 합계 | C6: =SUM(C4:C4) -> 4000000 | D6: =SUM(D4:D4) -> 22889085 | E6: =SUM(E4:E4) -> 18889085 | F6: =SUM(F4:F5) -> 118863687 | G6: =SUM(G4:G5) -> 23772737 | H6: =G6*50% -> 11886369
A8: *(2) 고료(또는 MG) 수익 = 화당 비용 * 해당월 업데이트 분량
A9: *(3) 유료 정산= 플랫폼 순매출 * 수익배분율(RS%)
A10: *(4) 유료정산수익 = 유료 정산 수익 - MG 수익( - 일 경우 0)
A11: *(5) 총수익 = 각 플랫폼 별 (고료(또는 MG) 수익 + 유료 정산 수익)
A12: *(6) 원작사 배분 수익 합계 = (고료(또는 MG) 수익 + 유료 정산 초과 수익) * 20%

Sheet 202102
A2: o (갓 오브 블랙필드) '직전 월 잔여 선MG(국내) 합계' 세부 내역
A3: 해당월 | B3: 구분 | C3: 고료(또는 MG) 수익(2) | D3: 유료 정산 (3) | E3: 유료 정산 수익(4) | F3: 총 수익(5) | G3: 원작사 배분 수익 합계(6) | H3: 마야마루 정산
A4: 202102 | B4: 카카오페이지 | C4: 4000000 | D4: 20579353 | E4: =D4-C4 -> 16579353 | F4: =(C4+E4) -> 20579353 | G4: =F4*0.2 -> 4115870.6 | H4: =G4*50% -> 2057935.3
A5: 202101 | B5: 픽코마 | E5: 80981627 | F5: =(C5+E5) -> 80981627 | G5: =F5*0.2 -> 16196325 | H5: =G5*50% -> 8098162.7
A6: 합계 | C6: =SUM(C4:C4) -> 4000000 | D6: =SUM(D4:D4) -> 20579353 | E6: =SUM(E4:E4) -> 16579353 | F6: =SUM(F4:F5) -> 101560980 | G6: =SUM(G4:G5) -> 20312196 | H6: =G6*50% -> 10156098
A8: *(2) 고료(또는 MG) 수익 = 화당 비용 * 해당월 업데이트 분량
A9: *(3) 유료 정산= 플랫폼 순매출 * 수익배분율(RS%)
A10: *(4) 유료정산수익 = 유료 정산 수익 - MG 수익( - 일 경우 0)
A11: *(5) 총수익 = 각 플랫폼 별 (고료(또는 MG) 수익 + 유료 정산 수익)
A12: *(6) 원작사 배분 수익 합계 = (고료(또는 MG) 수익 + 유료 정산 초과 수익) * 20%

Sheet 202101
A2: o (갓 오브 블랙필드) '직전 월 잔여 선MG(국내) 합계' 세부 내역
A3: 해당월 | B3: 구분 | C3: 고료(또는 MG) 수익(2) | D3: 유료 정산 (3) | E3: 유료 정산 수익(4) | F3: 총 수익(5) | G3: SW 배분 수익 합계(6) | H3: 마야마루 정산
A4: 202101 | B4: 카카오페이지 | C4: 4000000 | D4: 24514209 | E4: =D4-C4 -> 20514209 | F4: =(C4+E4) -> 24514209 | G4: =F4*0.2 -> 4902841.8 | H4: =G4*50% -> 2451420.9
A5: 202012 | B5: 픽코마 | E5: 98950783 | F5: =(C5+E5) -> 98950783 | G5: =F5*0.2 -> 19790157 | H5: =G5*50% -> 9895078.3
A6: 합계 | C6: =SUM(C4:C4) -> 4000000 | D6: =SUM(D4:D4) -> 24514209 | E6: =SUM(E4:E4) -> 20514209 | F6: =SUM(F4:F5) -> 123464992 | G6: =SUM(G4:G5) -> 24692998 | H6: =G6*50% -> 12346499
A8: *(2) 고료(또는 MG) 수익 = 화당 비용 * 해당월 업데이트 분량
A9: *(3) 유료 정산= 플랫폼 순매출 * 수익배분율(RS%)
A10: *(4) 유료정산수익 = 유료 정산 수익 - MG 수익( - 일 경우 0)
A11: *(5) 총수익 = 각 플랫폼 별 (고료(또는 MG) 수익 + 유료 정산 수익)
A12: *(6) 원작사 배분 수익 합계 = (고료(또는 MG) 수익 + 유료 정산 초과 수익) * 20%

Sheet 202012
A2: o (갓 오브 블랙필드) '직전 월 잔여 선MG(국내) 합계' 세부 내역
A3: 해당월 | B3: 구분 | C3: 고료(또는 MG) 수익(2) | D3: 유료 정산 (3) | E3: 유료 정산 수익(4) | F3: 총 수익(5) | G3: SW 배분 수익(5) | H3: 마야마루 배분 수익(6)
A4: 202012 | B4: 카카오페이지 | C4: 4000000 | D4: 43926402 | E4: 39926402 | F4: 43926402 | G4: =F4*20% -> 8785280.4 | H4: =G4*50% -> 4392640.2
A5: 202011 | B5: 픽코마 | E5: 90657385 | F5: 90657385 | G5: =F5*20% -> 18131477 | H5: =G5*50% -> 9065738.5
A6: 합계 | C6: 4000000 | D6: 43926402 | E6: 39926402 | F6: 134583787 | G6: =SUM(G4:G5) -> 26916757 | H6: =SUM(H4:H5) -> 13458379
A8: *(2) 고료(또는 MG) 수익 = 화당 비용 * 해당월 업데이트 분량
A9: *(3) 유료 정산= 플랫폼 순매출 * 수익배분율(RS%)
A10: *(4) 유료정산수익 = 유료 정산 수익 - MG 수익( - 일 경우 0)
A11: *(5) 총수익 = 각 플랫폼 별 (고료(또는 MG) 수익 + 유료 정산 수익)
A12: *(6) 원작사 배분 수익 합계 = (고료(또는 MG) 수익 + 유료 정산 초과 수익) * 20%

Sheet 202011
A2: o (갓 오브 블랙필드) '직전 월 잔여 선MG(국내) 합계' 세부 내역
A3: 해당월 | B3: 구분 | C3: 고료(또는 MG) 수익(2) | D3: 유료 정산 (3) | E3: 유료 정산 수익(4) | F3: 총 수익(5) | G3: SW 배분 수익(5) | H3: 마야마루 배분 수익(6)
A4: 202011 | B4: 카카오페이지 | C4: 5000000 | D4: 51769002 | E4: 46769002 | F4: =(C4+E4) -> 51769002 | G4: =F4*20% -> 10353800 | H4: =G4*50% -> 5176900.2
A5: 202010 | B5: 픽코마 | E5: 135502325 | F5: =(C5+E5) -> 135502325 | G5: =F5*20% -> 27100465 | H5: =G5*50% -> 13550232
A6: 합계 | C6: =SUM(C4:C4) -> 5000000 | D6: =SUM(D4:D4) -> 51769002 | E6: =SUM(E4:E4) -> 46769002 | F6: =SUM(F4:F5) -> 187271327 | G6: =SUM(G4:G5) -> 37454265 | H6: =SUM(H4:H5) -> 18727133
A8: *(2) 고료(또는 MG) 수익 = 화당 비용 * 해당월 업데이트 분량
A9: *(3) 유료 정산= 플랫폼 순매출 * 수익배분율(RS%)
A10: *(4) 유료정산수익 = 유료 정산 수익 - MG 수익( - 일 경우 0)
A11: *(5) 총수익 = 각 플랫폼 별 (고료(또는 MG) 수익 + 유료 정산 수익)
A12: *(6) 원작사 배분 수익 합계 = (고료(또는 MG) 수익 + 유료 정산 초과 수익) * 20%

Sheet 202010
A3: o (갓 오브 블랙필드) '원작사 배분 수익 합계' 세부 내역
A4: 해당월 | B4: 구분 | C4: 고료(또는 MG) 수익(1) | D4: 유료 정산 (2) | E4: 유료 정산 수익(3) | F4: 총 수익(4) | G4: SW 배분 수익(5) | H4: 마야마루 배분 수익(6)
A5: 202010 | B5: 카카오페이지 | C5: 3000000 | D5: 13506212 | E5: =D5-C5 -> 10506212 | F5: =(C5+E5) -> 13506212 | G5: =F5*20% -> 2701242.4 | H5: =G5*50% -> 1350621.2
A6: 202009 | B6: 픽코마(일본) | E6: 163869527 | F6: =(C6+E6) -> 163869527 | G6: =F6*20% -> 32773905 | H6: =G6*50% -> 16386953
A7: 합계 | C7: =SUM(C5:C5) -> 3000000 | D7: =SUM(D5:D5) -> 13506212 | E7: =SUM(E5:E5) -> 10506212 | F7: =SUM(F5:F6) -> 177375739 | G7: =SUM(G5:G6) -> 35475148 | H7: =SUM(H5:H6) -> 17737574
A9: *(1) 고료(또는 MG) 수익 = 화당 비용 * 해당월 업데이트 분량
A10: *(2) 유료 정산= 플랫폼 순매출 * 수익배분율(RS%)
A11: *(3) 유료정산수익 = 유료 정산 수익 - 고료(또는MG) 수익( - 일 경우 0)
A12: *(4) 총수익 = 각 플랫폼 별 (고료(또는 MG) 수익 + 유료 정산 수익)
A13: *(5) SW 배분 수익 = (총수익) * 20%
A14: *(6) 마야마루 배분 수익 = (SW 배분 수익) * 50%

Sheet 202009
A3: o (갓 오브 블랙필드) '원작사 배분 수익 합계' 세부 내역
A4: 해당월 | B4: 구분 | C4: 고료(또는 MG) 수익(1) | D4: 유료 정산 (2) | E4: 유료 정산 수익(3) | F4: 총 수익(4) | G4: SW 배분 수익(5) | H4: 마야마루 배분 수익(6)
A5: 202009 | B5: 카카오페이지 | C5: 4000000 | D5: 21988518 | E5: =D5-C5 -> 17988518 | F5: =(C5+E5) -> 21988518 | G5: =F5*20% -> 4397703.6 | H5: =G5*50% -> 2198851.8
A6: 202008 | B6: 픽코마(일본) | E6: 213219692 | F6: =(C6+E6) -> 213219692 | G6: =F6*20% -> 42643938 | H6: =G6*50% -> 21321969
A7: 합계 | C7: =SUM(C5:C5) -> 4000000 | D7: =SUM(D5:D5) -> 21988518 | E7: =SUM(E5:E5) -> 17988518 | F7: =SUM(F5:F6) -> 235208210 | G7: =SUM(G5:G6) -> 47041642 | H7: =SUM(H5:H6) -> 23520821
A9: *(1) 고료(또는 MG) 수익 = 화당 비용 * 해당월 업데이트 분량
A10: *(2) 유료 정산= 플랫폼 순매출 * 수익배분율(RS%)
A11: *(3) 유료정산수익 = 유료 정산 수익 - 고료(또는MG) 수익( - 일 경우 0)
A12: *(4) 총수익 = 각 플랫폼 별 (고료(또는 MG) 수익 + 유료 정산 수익)
A13: *(5) SW 배분 수익 = (총수익) * 20%
A14: *(6) 마야마루 배분 수익 = (SW 배분 수익) * 50%
A17: o (갓 오브 블랙필드) '직전 월 잔여 선MG 합계' 세부 내역
A18: 구분 | B18: 선 MG | C18: 월별 매출 | D18: 직전 월 잔여 선 MG
A19: 202003 | B19: ='202005'!B19 -> 500000000 | C19: ='202003'!C18 -> 72666645
A20: 202004 | C20: ='202004'!C19 -> 24739983 | D20: =B19-C19 -> 427333355
A21: 202005 | C21: ='202005'!C21 -> 35333981 | D21: =D20-C20 -> 402593372
A22: 202006 | C22: ='202006'!C22 -> 54276560 | D22: =D21-C21 -> 367259391
A23: 202007 | C23: ='202007'!C23 -> 71663303 | D23: =D22-C22 -> 312982831
A24: 202008 | C24: ='202008'!C24 -> 98335659 | D24: =D23-C23 -> 241319528
A25: 202009 | C25: =F7 -> 235208210 | D25: =D24-C24 -> 142983869
A26: 합계 | B26: =SUM(B19:B19) -> 500000000 | C26: =SUM(C19:C25) -> 592224341 | D26: 0

Sheet 202008
A3: o (갓 오브 블랙필드) '원작사 배분 수익 합계' 세부 내역
A4: 해당월 | B4: 구분 | C4: 고료(또는 MG) 수익(1) | D4: 유료 정산 (2) | E4: 유료 정산 수익(3) | F4: 총 수익(4) | G4: SW 배분 수익(5) | H4: 마야마루 배분 수익(6)
A5: 202008 | B5: 카카오페이지 | C5: 5000000 | D5: 25375994 | E5: =D5-C5 -> 20375994 | F5: =(C5+E5) -> 25375994 | G5: =F5*20% -> 5075198.8 | H5: =G5*50% -> 2537599.4
A6: 202007 | B6: 픽코마(일본) | E6: 72959665 | F6: =(C6+E6) -> 72959665 | G6: =F6*20% -> 14591933 | H6: =G6*50% -> 7295966.5
A7: 합계 | C7: =SUM(C5:C5) -> 5000000 | D7: =SUM(D5:D5) -> 25375994 | E7: =SUM(E5:E5) -> 20375994 | F7: =SUM(F5:F6) -> 98335659 | G7: =SUM(G5:G6) -> 19667132 | H7: =SUM(H5:H6) -> 9833565.9
A9: *(1) 고료(또는 MG) 수익 = 화당 비용 * 해당월 업데이트 분량
A10: *(2) 유료 정산= 플랫폼 순매출 * 수익배분율(RS%)
A11: *(3) 유료정산수익 = 유료 정산 수익 - 고료(또는MG) 수익( - 일 경우 0)
A12: *(4) 총수익 = 각 플랫폼 별 (고료(또는 MG) 수익 + 유료 정산 수익)
A13: *(5) SW 배분 수익 = (총수익) * 20%
A14: *(6) 마야마루 배분 수익 = (SW 배분 수익) * 50%
A17: o (갓 오브 블랙필드) '직전 월 잔여 선MG 합계' 세부 내역
A18: 구분 | B18: 선 MG | C18: 월별 매출 | D18: 직전 월 잔여 선 MG
A19: 202003 | B19: ='202005'!B19 -> 500000000 | C19: ='202003'!C18 -> 72666645
A20: 202004 | C20: ='202004'!C19 -> 24739983 | D20: =B19-C19 -> 427333355
A21: 202005 | C21: ='202005'!C21 -> 35333981 | D21: =D20-C20 -> 402593372
A22: 202006 | C22: ='202006'!C22 -> 54276560 | D22: =D21-C21 -> 367259391
A23: 202007 | C23: ='202007'!C23 -> 71663303 | D23: =D22-C22 -> 312982831
A24: 202008 | C24: =F7 -> 98335659 | D24: =D23-C23 -> 241319528
A25: 합계 | B25: =SUM(B19:B19) -> 500000000 | C25: =SUM(C19:C24) -> 357016131 | D25: =D24-C24 -> 142983869

Sheet 202007
A3: o (갓 오브 블랙필드) '원작사 배분 수익 합계' 세부 내역
A4: 해당월 | B4: 구분 | C4: 고료(또는 MG) 수익(1) | D4: 유료 정산 (2) | E4: 유료 정산 수익(3) | F4: 총 수익(4) | G4: SW 배분 수익(5) | H4: 마야마루 배분 수익(6)
A5: 202007 | B5: 카카오페이지 | C5: 4000000 | D5: 20969056 | E5: =D5-C5 -> 16969056 | F5: =(C5+E5) -> 20969056 | G5: =F5*20% -> 4193811.2 | H5: =G5*50% -> 2096905.6
A6: 202006 | B6: 픽코마(일본) | E6: 50694247 | F6: =(C6+E6) -> 50694247 | G6: =F6*20% -> 10138849 | H6: =G6*50% -> 5069424.7
A7: 합계 | C7: =SUM(C5:C5) -> 4000000 | D7: =SUM(D5:D5) -> 20969056 | E7: =SUM(E5:E5) -> 16969056 | F7: =SUM(F5:F6) -> 71663303 | G7: =SUM(G5:G6) -> 14332661 | H7: =SUM(H5:H6) -> 7166330.3
A9: *(1) 고료(또는 MG) 수익 = 화당 비용 * 해당월 업데이트 분량
A10: *(2) 유료 정산= 플랫폼 순매출 * 수익배분율(RS%)
A11: *(3) 유료정산수익 = 유료 정산 수익 - 고료(또는MG) 수익( - 일 경우 0)
A12: *(4) 총수익 = 각 플랫폼 별 (고료(또는 MG) 수익 + 유료 정산 수익)
A13: *(5) SW 배분 수익 = (총수익) * 20%
A14: *(6) 마야마루 배분 수익 = (SW 배분 수익) * 50%
A17: o (갓 오브 블랙필드) '직전 월 잔여 선MG 합계' 세부 내역
A18: 구분 | B18: 선 MG | C18: 월별 매출 | D18: 직전 월 잔여 선 MG
A19: 202003 | B19: ='202005'!B19 -> 500000000 | C19: ='202003'!C18 -> 72666645
A20: 202004 | C20: ='202004'!C19 -> 24739983 | D20: =B19-C19 -> 427333355
A21: 202005 | C21: ='202005'!C21 -> 35333981 | D21: =D20-C20 -> 402593372
A22: 202006 | C22: ='202006'!C22 -> 54276560 | D22: =D21-C21 -> 367259391
A23: 202007 | C23: =F7 -> 71663303 | D23: =D22-C22 -> 312982831
A24: 합계 | B24: =SUM(B19:B19) -> 500000000 | C24: =SUM(C19:C23) -> 258680472 | D24: =D23-C23 -> 241319528

Sheet 202006
A3: o (갓 오브 블랙필드) '원작사 배분 수익 합계' 세부 내역
A4: 해당월 | B4: 구분 | C4: 고료(또는 MG) 수익(1) | D4: 유료 정산 (2) | E4: 유료 정산 수익(3) | F4: 총 수익(4) | G4: SW 배분 수익(5) | H4: 마야마루 배분 수익(6)
A5: 202006 | B5: 카카오페이지 | C5: 4000000 | D5: 22803474 | E5: =D5-C5 -> 18803474 | F5: =(C5+E5) -> 22803474 | G5: =F5*20% -> 4560694.8 | H5: =G5*50% -> 2280347.4
A6: 202005 | B6: 픽코마(일본) | E6: 31473086 | F6: =(C6+E6) -> 31473086 | G6: =F6*20% -> 6294617.2 | H6: =G6*50% -> 3147308.6
A7: 합계 | C7: =SUM(C5:C5) -> 4000000 | D7: =SUM(D5:D5) -> 22803474 | E7: =SUM(E5:E5) -> 18803474 | F7: =SUM(F5:F6) -> 54276560 | G7: =SUM(G5:G6) -> 10855312 | H7: =SUM(H5:H6) -> 5427656
A9: *(1) 고료(또는 MG) 수익 = 화당 비용 * 해당월 업데이트 분량
A10: *(2) 유료 정산= 플랫폼 순매출 * 수익배분율(RS%)
A11: *(3) 유료정산수익 = 유료 정산 수익 - 고료(또는MG) 수익( - 일 경우 0)
A12: *(4) 총수익 = 각 플랫폼 별 (고료(또는 MG) 수익 + 유료 정산 수익)
A13: *(5) SW 배분 수익 = (총수익) * 20%
A14: *(6) 마야마루 배분 수익 = (SW 배분 수익) * 50%
A17: o (갓 오브 블랙필드) '직전 월 잔여 선MG 합계' 세부 내역
A18: 구분 | B18: 선 MG | C18: 월별 매출 | D18: 직전 월 잔여 선 MG
A19: 202003 | B19: ='202005'!B19 -> 500000000 | C19: ='202003'!C18 -> 72666645
A20: 202004 | C20: ='202004'!C19 -> 24739983 | D20: =B19-C19 -> 427333355
A21: 202005 | C21: ='202005'!C21 -> 35333981 | D21: =D20-C20 -> 402593372
A22: 202006 | C22: =F7 -> 54276560 | D22: =D21-C21 -> 367259391
A23: 합계 | B23: =SUM(B19:B19) -> 500000000 | C23: =SUM(C19:C22) -> 187017169 | D23: =D22-C22 -> 312982831

Sheet 202005
A3: o (갓 오브 블랙필드) '원작사 배분 수익 합계' 세부 내역
A4: 해당월 | B4: 구분 | C4: 고료(또는 MG) 수익(1) | D4: 유료 정산 (2) | E4: 유료 정산 수익(3) | F4: 총 수익(4) | G4: SW 배분 수익(5) | H4: 마야마루 배분 수익(6)
A5: 202005 | B5: 카카오페이지 | C5: 5000000 | D5: 23146287 | E5: =D5-C5 -> 18146287 | F5: =(C5+E5) -> 23146287 | G5: =F5*20% -> 4629257.4 | H5: =G5*50% -> 2314628.7
A6: 202004 | B6: 픽코마(일본) | E6: 12187694 | F6: =(C6+E6) -> 12187694 | G6: =F6*20% -> 2437538.8 | H6: =G6*50% -> 1218769.4
A7: 합계 | C7: =SUM(C5:C5) -> 5000000 | D7: =SUM(D5:D5) -> 23146287 | E7: =SUM(E5:E5) -> 18146287 | F7: =SUM(F5:F6) -> 35333981 | G7: =SUM(G5:G6) -> 7066796.2 | H7: =SUM(H5:H6) -> 3533398.1
A9: *(1) 고료(또는 MG) 수익 = 화당 비용 * 해당월 업데이트 분량
A10: *(2) 유료 정산= 플랫폼 순매출 * 수익배분율(RS%)
A11: *(3) 유료정산수익 = 유료 정산 수익 - 고료(또는MG) 수익( - 일 경우 0)
A12: *(4) 총수익 = 각 플랫폼 별 (고료(또는 MG) 수익 + 유료 정산 수익)
A13: *(5) SW 배분 수익 = (총수익) * 20%
A14: *(6) 마야마루 배분 수익 = (SW 배분 수익) * 50%
A17: o (갓 오브 블랙필드) '직전 월 잔여 선MG 합계' 세부 내역
A18: 구분 | B18: 선 MG | C18: 월별 매출 | D18: 직전 월 잔여 선 MG
A19: 202003 | B19: ='202003'!B18 -> 500000000 | C19: ='202003'!C18 -> 72666645
A20: 202004 | C20: ='202004'!C19 -> 24739983 | D20: =B19-C19 -> 427333355
A21: 202005 | C21: =F7 -> 35333981 | D21: =D20-C20 -> 402593372
A22: 합계 | B22: =SUM(B19:B19) -> 500000000 | C22: =SUM(C19:C21) -> 132740609 | D22: =D21-C21 -> 367259391

Sheet 202004
A3: o (갓 오브 블랙필드) '원작사 배분 수익 합계' 세부 내역
A4: 해당월 | B4: 구분 | C4: 고료(또는 MG) 수익(1) | D4: 유료 정산 (2) | E4: 유료 정산 수익(3) | F4: 총 수익(4) | G4: SW 배분 수익(5) | H4: 마야마루 배분 수익(6)
A5: 202004 | B5: 카카오페이지 | C5: =1000000*4 -> 4000000 | D5: 24739983 | E5: =D5-C5 -> 20739983 | F5: =(C5+E5) -> 24739983 | G5: =F5*20% -> 4947996.6 | H5: =G5*50% -> 2473998.3
A6: 합계 | C6: =SUM(C5:C5) -> 4000000 | D6: =SUM(D5:D5) -> 24739983 | E6: =SUM(E5:E5) -> 20739983 | F6: =SUM(F5:F5) -> 24739983 | G6: =SUM(G5:G5) -> 4947996.6 | H6: =SUM(H5:H5) -> 2473998.3
A8: *(1) 고료(또는 MG) 수익 = 화당 비용 * 해당월 업데이트 분량
A9: *(2) 유료 정산= 플랫폼 순매출 * 수익배분율(RS%)
A10: *(3) 유료정산수익 = 유료 정산 수익 - 고료(또는MG) 수익( - 일 경우 0)
A11: *(4) 총수익 = 각 플랫폼 별 (고료(또는 MG) 수익 + 유료 정산 수익)
A12: *(5) SW 배분 수익 = (총수익) * 20%
A13: *(6) 마야마루 배분 수익 = (SW 배분 수익) * 50%
A16: o (갓 오브 블랙필드) '직전 월 잔여 선MG 합계' 세부 내역
A17: 구분 | B17: 선 MG | C17: 월별 매출 | D17: 직전 월 잔여 선 MG
A18: 202003 | B18: ='202003'!B18 -> 500000000 | C18: ='202003'!C18 -> 72666645
A19: 202004 | C19: =F6 -> 24739983 | D19: =B18-C18 -> 427333355
A20: 합계 | B20: =SUM(B18:B18) -> 500000000 | C20: =SUM(C18:C19) -> 97406628 | D20: =D19-C19 -> 402593372

Sheet 202003
A3: o (갓 오브 블랙필드) '원작사 배분 수익 합계' 세부 내역
A4: 해당월 | B4: 구분 | C4: 고료(또는 MG) 수익(1) | D4: 유료 정산 (2) | E4: 유료 정산 수익(3) | F4: 총 수익(4) | G4: SW 배분 수익(5) | H4: 마야마루 배분 수익(6)
A5: 202003 | B5: 카카오페이지 | C5: =1000000*24 -> 24000000 | D5: 72666645 | E5: =D5-C5 -> 48666645 | F5: =(C5+E5) -> 72666645 | G5: =F5*20% -> 14533329 | H5: =G5*50% -> 7266664.5
A6: 합계 | C6: =SUM(C5:C5) -> 24000000 | D6: =SUM(D5:D5) -> 72666645 | E6: =SUM(E5:E5) -> 48666645 | F6: =SUM(F5:F5) -> 72666645 | G6: =SUM(G5:G5) -> 14533329 | H6: =SUM(H5:H5) -> 7266664.5
A8: *(1) 고료(또는 MG) 수익 = 화당 비용 * 해당월 업데이트 분량
A9: *(2) 유료 정산= 플랫폼 순매출 * 수익배분율(RS%)
A10: *(3) 유료정산수익 = 유료 정산 수익 - 고료(또는MG) 수익( - 일 경우 0)
A11: *(4) 총수익 = 각 플랫폼 별 (고료(또는 MG) 수익 + 유료 정산 수익)
A12: *(5) SW 배분 수익 = (총수익) * 20%
A13: *(6) 마야마루 배분 수익 = (SW 배분 수익) * 50%
A16: o (갓 오브 블랙필드) '직전 월 잔여 선MG 합계' 세부 내역
A17: 구분 | B17: 선 MG | C17: 월별 매출 | D17: 직전 월 잔여 선 MG
A18: 202003 | B18: 500000000 | C18: =F6 -> 72666645
A19: 합계 | B19: =SUM(B18:B18) -> 500000000 | C19: =SUM(C18:C18) -> 72666645 | D19: =SUM(D18:D18) -> 0
