Workbook
Name raw_a: 전체리스트!$A$2:$F$2571
Name raw_d: 전체리스트!$C$2:$F$2571

Sheet 전체리스트
A1: 사이트명 | B1: 월별 | C1: 작품명 | D1: 총매출 | E1: 순매출 | F1: 환율
A2: 카카오페이지 | B2: 1월분 | C2: 거짓말, 뱀파이어가 어디 있어? [BL] | D2: 1178900 | E2: 810040
A3: 카카오페이지 | B3: 1월분 | C3: 꿈꾸는 먹잇감 | D3: 2183065 | E3: 1516809
A4: 카카오페이지 | B4: 1월분 | C4: 꿰인 사이 | D4: 498435 | E4: 346386
A5: 카카오페이지 | B5: 1월분 | C5: 너에게만 음성인식 | D5: 723460 | E5: 502846
A6: 카카오페이지 | B6: 1월분 | C6: 대표님, 사모님이 도망가요 | D6: 1503980 | E6: 1046968
A7: 카카오페이지 | B7: 1월분 | C7: 레벨업에 미친 의사 | D7: 35898931 | E7: 24832005
A8: 카카오페이지 | B8: 1월분 | C8: 마녀 따위 안 할래요 | D8: 771820 | E8: 533712
A9: 카카오페이지 | B9: 1월분 | C9: 만지고 싶어! | D9: 826960 | E9: 576256
A10: 카카오페이지 | B10: 1월분 | C10: 말도 안되는 관계 (개정판) [BL] | D10: 391890 | E10: 270594
A11: 카카오페이지 | B11: 1월분 | C11: 명판관 장평 | D11: 11000 | E11: 7700
A12: 카카오페이지 | B12: 1월분 | C12: 사랑과 우정 사이에서 (개정판) [BL] | D12: 219840 | E12: 153294
A13: 카카오페이지 | B13: 1월분 | C13: 사랑의 형태 : 마음이 향하는 곳 | D13: 156100 | E13: 107770
... A90: 북큐브 | B90: 1월분 | C90: 호랑이 장가드는 날 | D90: 209700 | E90: 146790
A93: 봄툰_유통1 | B93: 11월분 | C93: 아랫집 웬수 | D93: 625100 | E93: 312550 | G93: * 같은이름 같은 유통사 주의
A94: 봄툰_유통2 | B94: 11월분 | C94: 아랫집 웬수 | D94: 3150 | E94: 1575 | G94: - 유통사 이름 변경 (예. 봄툰_유통1.2.3)
A95: 봄툰_유통3 | B95: 11월분 | C95: 아랫집 웬수 | D95: 8400 | E95: 4200
A96: 봄툰_유통4 | B96: 11월분 | C96: 아랫집 웬수 | D96: 2940 | E96: 1470
A97: 봄툰_유통5 | B97: 11월분 | C97: 페티쉬 BL 단편선 | D97: 11760 | E97: 5880
A98: 봄툰 | B98: 12월분 | C98: 명판관 장평 | D98: 900 | E98: 486
A99: 봄툰 | B99: 12월분 | C99: 사랑할 수 없는 그녀 | D99: 61020 | E99: 30510
A100: 봄툰 | B100: 12월분 | C100: 슬기로운 생활(완결) | D100: 7560 | E100: 3384
A101: 봄툰 | B101: 12월분 | C101: 아랫집 웬수 | D101: 458460 | E101: 175203
A102: 봄툰 | B102: 12월분 | C102: 악마와 나 사이에는 | D102: 25200 | E102: 11664
A103: 봄툰 | B103: 12월분 | C103: 옆집 최애 | D103: 262440 | E103: 124870
A104: 봄툰 | B104: 12월분 | C104: 주작의 귀환 | D104: 2880 | E104: 1555
A105: 봄툰 | B105: 12월분 | C105: 탑배우의 이중생활 | D105: 83160 | E105: 41472
A106: 봄툰 | B106: 12월분 | C106: 파쿠리인 내가 어시를?! | D106: 59220 | E106: 29128
... A131: 봄툰 | B131: 12월분 | C131: 어이상실의 시대 | D131: 7200 | E131: 4680
A135: C&C_콰이칸 | B135: 7월분 | C135: 옆집 최애+아랫집 웬수 | F135: 콰이칸 이관
A137: 애니툰 | B137: 12월분 | C137: 꿈꾸는 먹잇감 | D137: 3510 | E137: 2457
A138: 애니툰 | B138: 12월분 | C138: 꿰인 사이 | D138: 35370 | E138: 46897
A139: 애니툰 | B139: 12월분 | C139: 너에게만 음성인식 | D139: 68175 | E139: 53455.5
A140: 애니툰 | B140: 12월분 | C140: 대표님, 사모님이 도망가요 | D140: 709290 | E140: 641327
A141: 애니툰 | B141: 12월분 | C141: 대표님의 삐뚤어진 사랑 | D141: 2176740 | E141: 1789994
A142: 애니툰 | B142: 12월분 | C142: 마녀 따위 안할래요 | D142: 30780 | E142: 21546
A143: 애니툰 | B143: 12월분 | C143: 만지고 싶어! | D143: 113602.5 | E143: 91428.75
A144: 애니툰 | B144: 12월분 | C144: 말도 안되는 관계 [성인판] | D144: 140400 | E144: 98280
A145: 애니툰 | B145: 12월분 | C145: 말도 안되는 관계 [일반판] | D145: 3240 | E145: 2268
A146: 애니툰 | B146: 12월분 | C146: 멍멍이와 주인님 | D146: 135 | E146: 94.5
A147: 애니툰 | B147: 12월분 | C147: 명판관 장평 | D147: 540 | E147: 378
A148: 애니툰 | B148: 12월분 | C148: 미니멈 | E148: 265
A149: 애니툰 | B149: 12월분 | C149: 벌레누나 | E149: 56
A150: 애니툰 | B150: 12월분 | C150: 사랑과 우정 사이에서 | D150: 134190 | E150: 93933
A151: 애니툰 | B151: 12월분 | C151: 사랑과 우정 사이에서 [일반판] | D151: 810 | E151: 567
A152: 애니툰 | B152: 12월분 | C152: 사랑의 형태 : 마음이 향하는 곳 | D152: 17280 | E152: 12096
A153: 애니툰 | B153: 12월분 | C153: 사랑할 수 없는 그녀 | D153: 94770 | E153: 133812
A154: 애니툰 | B154: 12월분 | C154: 속도위반 대표님과 계약 아내 | D154: 1995030 | E154: 1501744
A155: 애니툰 | B155: 12월분 | C155: 수렁 | D155: 11745 | E155: 8221.5
A156: 애니툰 | B156: 12월분 | C156: 슬기로운 생활 | E156: 353
A157: 애니툰 | B157: 12월분 | C157: 심장을 녹여줘 | D157: 13365 | E157: 11295.5
A158: 애니툰 | B158: 12월분 | C158: 쌀툰 | E158: 560
A159: 애니툰 | B159: 12월분 | C159: 옆집 최애 [성인판] | D159: 25785 | E159: 18049.5
A160: 애니툰 | B160: 12월분 | C160: 와리가리 고고 | D160: 1755 | E160: 1228.5
A161: 애니툰 | B161: 12월분 | C161: 용의주도 대표님의 연애 게임 | D161: 273375 | E161: 313695.5
A162: 애니툰 | B162: 12월분 | C162: 음란한 여교수 채희 | D162: 24165 | E162: 37602.5
A163: 애니툰 | B163: 12월분 | C163: 인 유어 드림 (In Your Dream) | E163: 1588
A164: 애니툰 | B164: 12월분 | C164: 주작의 귀환 | E164: 176
A165: 애니툰 | B165: 12월분 | C165: 츤데레 흥신소 | D165: 53460 | E165: 37422
A166: 애니툰 | B166: 12월분 | C166: 키스했으니 책임져 | D166: 32940 | E166: 30026
A167: 애니툰 | B167: 12월분 | C167: 탑배우의 이중생활 | D167: 6885 | E167: 4819.5
A168: 애니툰 | B168: 12월분 | C168: 프렌시아의 꽃 | D168: 100575 | E168: 70402.5
A169: 애니툰 | B169: 12월분 | C169: 한 번만 부탁해! | D169: 25380 | E169: 17766
A170: 애니툰 | B170: 12월분 | C170: 한번 해볼래? | D170: 23625 | E170: 16537.5
A171: 애니툰 | B171: 12월분 | C171: 호랑이 장가 드는 날 | D171: 72630 | E171: 50841
A172: 애니툰 | B172: 12월분 | C172: 호랑이 장가 드는 날(개정판) | D172: 675 | E172: 472.5
A176: 북팔 | B176: 1월분 | C176: 속도위반 대표님과 계약 아내 | D176: 309400 | E176: 216580
A177: 북팔 | B177: 1월분 | C177: 수렁. | D177: 285600 | E177: 199920
A178: 북팔 | B178: 1월분 | C178: 대표님의 삐뚤어진 사랑 | D178: 120000 | E178: 84000
A179: 북팔 | B179: 1월분 | C179: 호랑이 장가 드는 날 | D179: 66300 | E179: 46410
... A444: 미스터블루 | B444: 1월분 | C444: 한번 해볼래? [스크롤] | D444: 875080 | E444: 525048
A445: 미스터블루 | B445: 1월분
A448: 네이버웹툰 | B448: 1월분 | C448: 대표님의 삐뚤어진 사랑 | D448: 5285884.3 | E448: 3700119
A449: 네이버웹툰 | B449: 1월분 | C449: 레벨업에 미친 의사 | D449: 3034097.4 | E449: 2123868.2
A450: 네이버웹툰 | B450: 1월분 | C450: 프렌시아의 꽃 | D450: 2243126.9 | E450: 1570188.8
A451: 네이버웹툰 | B451: 1월분 | C451: 꿈꾸는 먹잇감 [BL] | D451: 2219680 | E451: 1553776
A452: 네이버웹툰 | B452: 1월분 | C452: 거짓말, 뱀파이어가 어디 있어? [BL] | D452: 1807989.3 | E452: 1265592.5
A453: 네이버웹툰 | B453: 1월분 | C453: 대표님, 사모님이 도망가요 | D453: 1776986.2 | E453: 1243890.3
A454: 네이버웹툰 | B454: 1월분 | C454: 사랑할 수 없는 그녀 | D454: 1601822.4 | E454: 1121275.7
A455: 네이버웹툰 | B455: 1월분 | C455: 용의주도 대표님의 연애 게임 | D455: 1377208 | E455: 964045.6
A456: 네이버웹툰 | B456: 1월분 | C456: 이혼신청 [BL] | D456: 1212326.6 | E456: 848628.62
A457: 네이버웹툰 | B457: 1월분 | C457: 한번 해볼래? [BL] | D457: 1104753.2 | E457: 773327.24
A458: 네이버웹툰 | B458: 1월분 | C458: 만지고 싶어! | D458: 979223 | E458: 685456.1
A459: 네이버웹툰 | B459: 1월분 | C459: 한 번만 부탁해! [BL] | D459: 876490.4 | E459: 613543.28
... A687: 톡소다 | B687: 1월분 | C687: 속도위반 대표님과 계약 아내 | D687: 251200 | E687: 175840
A689: 콰이칸 | B689: 12월분 | C689: 황비님?황비님! MG | D689: 10613.21 | E689: =D689*F689 -> 1987748.1 | F689: 187.29
A690: 콰이칸 | B690: 12월분 | C690: 옆집최애 | D690: 276 | E690: =D690*F690 -> 51692.04 | F690: 187.29
A691: 콰이칸 | B691: 12월분 | C691: 내 자기님 로그인하셨다 2 | D691: 2935.55 | E691: =D691*F691 -> 549799.16 | F691: 187.29
A692: 콰이칸 | B692: 12월분 | C692: 사랑과 우정 사이에는 爱情与友谊之间 | D692: 226.89 | E692: =D692*F692 -> 42494.228 | F692: 187.29
A693: 콰이칸 | B693: 12월분 | C693: 거짓말! 뱀페이어가 어디있어? | D693: 3001.31 | E693: =D693*F693 -> 562115.35 | F693: 187.29
A694: 콰이칸 | B694: 12월분 | C694: 황비님?황비님! | D694: 0.09 | E694: =D694*F694 -> 16.8561 | F694: 187.29
A696: 위코믹스 | B696: 10월분 | C696: 츤데레 흥신소 | F696: 35.81
A697: 위코믹스 | B697: 10월분 | C697: 탑배우의 이중생활 | F697: 35.81
A698: 위코믹스 | B698: 10월분 | C698: 한 집 두 살림 | F698: 35.81
A699: 위코믹스 | B699: 10월분 | C699: 슬기로운 생활 | F699: 35.81
A700: 위코믹스 | B700: 10월분 | C700: 원고를 주세요! | F700: 35.81
A701: 위코믹스 | B701: 10월분 | C701: 아랫집 웬수 | F701: 35.81
A702: 위코믹스 | B702: 10월분 | C702: 말도 안되는 관계 | F702: 35.81
A703: 위코믹스 | B703: 10월분 | C703: BL 패티쉬 단편선 모음 | F703: 35.81
A704: 위코믹스 | B704: 10월분 | C704: 파쿠리인 내가 어시를! | F704: 35.81
...

Sheet 합계
C2: ■ 스토리숲 22년 1월 (주)스토리위즈 정산서
C3: **판매월 1월1일~1월31일 기준
C5: RS 정산 기준, MG 미포함 | L5: 0.12
C6: 사이트명 | D6: 소비자매출액 | E6: 유통사수수료 | F6: 스토리위즈매출액 | G6: 스토리위즈수익 | H6: 스토리숲 수익 | I6: 비고 | K6: 선지급금 | L6: 500000000
B7: =COUNTA(INDIRECT(C7&"!B:B")) -> 40 | C7: 카카오페이지 | D7: =INDIRECT(C7 & "!E" & B7+3) -> 86715946 | E7: =INDIRECT(C7 & "!F" & B7+3) -> 27781486 | F7: =INDIRECT(C7 & "!G" & B7+3) -> 58934460 | G7: =INDIRECT(C7 & "!H" & B7+3) -> 2946723 | H7: =INDIRECT(C7 & "!I" & B7+3) -> 55987737 | K7: KT프로젝트수익 | L7: 60000000 | N7: =L7/L6 -> 0.12
B8: =COUNTA(INDIRECT(C8&"!B:B")) -> 5 | C8: 카카오타파스 | D8: =INDIRECT(C8 & "!E" & B8+3) -> 9101214 | E8: =INDIRECT(C8 & "!F" & B8+3) -> 0 | F8: =INDIRECT(C8 & "!G" & B8+3) -> 9101214 | G8: =INDIRECT(C8 & "!H" & B8+3) -> 455060.7 | H8: =INDIRECT(C8 & "!I" & B8+3) -> 8646153.3
B9: =COUNTA(INDIRECT(C9&"!B:B")) -> 52 | C9: 네이버웹툰 | D9: =INDIRECT(C9 & "!E" & B9+3) -> 78520951 | E9: =INDIRECT(C9 & "!F" & B9+3) -> 9010568.2 | F9: =INDIRECT(C9 & "!G" & B9+3) -> 69510383 | G9: =INDIRECT(C9 & "!H" & B9+3) -> 3475519.2 | H9: =INDIRECT(C9 & "!I" & B9+3) -> 66034864
B10: =COUNTA(INDIRECT(C10&"!B:B")) -> 9 | C10: 콰이칸_중국 | D10: =F10 -> 3193865.7 | E10: =INDIRECT(C10 & "!F" & B10+3) -> 0 | F10: =INDIRECT(C10 & "!G" & B10+3) -> 3193865.7 | G10: =INDIRECT(C10 & "!H" & B10+3) -> 159693.29 | H10: =INDIRECT(C10 & "!I" & B10+3) -> 3034172.4 | I10: V | K10: 월별 회수금 (케이티 수익)
B11: =COUNTA(INDIRECT(C11&"!B:B")) -> 9 | C11: kt_alpha | D11: =INDIRECT(C11 & "!E" & B11+3) -> 667367.3 | E11: =INDIRECT(C11 & "!F" & B11+3) -> 283147.27 | F11: =INDIRECT(C11 & "!G" & B11+3) -> 384220.03 | G11: =INDIRECT(C11 & "!H" & B11+3) -> 19211.002 | H11: =INDIRECT(C11 & "!I" & B11+3) -> 365009.03 | K11: 2021.05 | L11: 38491275 | N11: 8/10송금
B12: =COUNTA(INDIRECT(C12&"!B:B")) -> 30 | C12: 레진코믹스 | D12: =INDIRECT(C12 & "!E" & B12+3) -> 8526312 | E12: =INDIRECT(C12 & "!F" & B12+3) -> 0 | F12: =INDIRECT(C12 & "!G" & B12+3) -> 8526312 | G12: =INDIRECT(C12 & "!H" & B12+3) -> 426315.6 | H12: =INDIRECT(C12 & "!I" & B12+3) -> 8099996.4 | K12: 2021.06 | L12: 40614671 | N12: 9/10송금
B13: =COUNTA(INDIRECT(C13&"!B:B")) -> 14 | C13: 북큐브 | D13: =INDIRECT(C13 & "!E" & B13+3) -> 899900 | E13: =INDIRECT(C13 & "!F" & B13+3) -> 269970 | F13: =INDIRECT(C13 & "!G" & B13+3) -> 629930 | G13: =INDIRECT(C13 & "!H" & B13+3) -> 31496.5 | H13: =INDIRECT(C13 & "!I" & B13+3) -> 598433.5 | K13: 2021.07 | L13: 38906565 | N13: 10/8송금
B14: =COUNTA(INDIRECT(C14&"!B:B")) -> 10 | C14: 탑툰 | D14: =INDIRECT(C14 & "!E" & B14+3) -> 1734282 | E14: =INDIRECT(C14 & "!F" & B14+3) -> 0 | F14: =INDIRECT(C14 & "!G" & B14+3) -> 1734282 | G14: =INDIRECT(C14 & "!H" & B14+3) -> 86714.1 | H14: =INDIRECT(C14 & "!I" & B14+3) -> 1647567.9 | K14: 2021.08 | L14: 40116328 | N14: 11/10송금
B15: =COUNTA(INDIRECT(C15&"!B:B")) -> 42 | C15: 봄툰 | D15: =INDIRECT(C15 & "!E" & B15+3) -> 7149530 | E15: =INDIRECT(C15 & "!F" & B15+3) -> 3131403 | F15: =INDIRECT(C15 & "!G" & B15+3) -> 4018127 | G15: =INDIRECT(C15 & "!H" & B15+3) -> 200906.35 | H15: =INDIRECT(C15 & "!I" & B15+3) -> 3817220.6 | K15: 2021.09 | L15: 34882157 | N15: 12/10송금
B16: =COUNTA(INDIRECT(C16&"!B:B")) -> 39 | C16: 애니툰 | D16: =INDIRECT(C16 & "!E" & B16+3) -> 6190222.5 | E16: =INDIRECT(C16 & "!F" & B16+3) -> 1078566.8 | F16: =INDIRECT(C16 & "!G" & B16+3) -> 5111655.8 | G16: =INDIRECT(C16 & "!H" & B16+3) -> 255582.79 | H16: =INDIRECT(C16 & "!I" & B16+3) -> 4856073 | K16: 2021.1 | L16: 33253241 | N16: 1/10송금
B17: =COUNTA(INDIRECT(C17&"!B:B")) -> 33 | C17: 코미코_한국 | D17: =INDIRECT(C17 & "!E" & B17+3) -> 18820970 | E17: =INDIRECT(C17 & "!F" & B17+3) -> 8344072 | F17: =INDIRECT(C17 & "!G" & B17+3) -> 10476898 | G17: =INDIRECT(C17 & "!H" & B17+3) -> 523844.9 | H17: =INDIRECT(C17 & "!I" & B17+3) -> 9953053.1 | K17: 2021.11 | L17: 30199565 | N17: 2/10송금
B18: =COUNTA(INDIRECT(C18&"!B:B")) -> 9 | C18: 포켓코믹스 | D18: =INDIRECT(C18 & "!E" & B18+3) -> 3395376 | E18: =INDIRECT(C18 & "!F" & B18+3) -> 0 | F18: =INDIRECT(C18 & "!G" & B18+3) -> 3395376 | G18: =INDIRECT(C18 & "!H" & B18+3) -> 169768.8 | H18: =INDIRECT(C18 & "!I" & B18+3) -> 3225607.2 | K18: 2021.12 | L18: 31091642
B19: =COUNTA(INDIRECT(C19&"!B:B")) -> 40 | C19: 리디북스 | D19: =INDIRECT(C19 & "!E" & B19+3) -> 11631900 | E19: =INDIRECT(C19 & "!F" & B19+3) -> 3549561.1 | F19: =INDIRECT(C19 & "!G" & B19+3) -> 8082338.9 | G19: =INDIRECT(C19 & "!H" & B19+3) -> 404116.95 | H19: =INDIRECT(C19 & "!I" & B19+3) -> 7678222 | K19: 2021년 합계 | L19: =SUM(L11:L18) -> 2.8755544e+08
B20: =COUNTA(INDIRECT(C20&"!B:B")) -> 19 | C20: 조아라 | D20: =INDIRECT(C20 & "!E" & B20+3) -> 649800 | E20: =INDIRECT(C20 & "!F" & B20+3) -> 220932 | F20: =INDIRECT(C20 & "!G" & B20+3) -> 428868 | G20: =INDIRECT(C20 & "!H" & B20+3) -> 21443.4 | H20: =INDIRECT(C20 & "!I" & B20+3) -> 407424.6 | K20: 2022.01 | L20: 13657156
B21: =COUNTA(INDIRECT(C21&"!B:B")) -> 12 | C21: 위코믹스_태국 | D21: =F21 -> 0 | E21: =INDIRECT(C21 & "!F" & B21+3) -> 0 | F21: =INDIRECT(C21 & "!G" & B21+3) -> 0 | G21: =INDIRECT(C21 & "!H" & B21+3) -> 0 | H21: =INDIRECT(C21 & "!I" & B21+3) -> 0 | I21: 300미만 V
B22: =COUNTA(INDIRECT(C22&"!B:B")) -> 19 | C22: 태피툰_영어 | D22: =INDIRECT(C22 & "!E" & B22+3) -> 27483480 | E22: =INDIRECT(C22 & "!F" & B22+3) -> 0 | F22: =INDIRECT(C22 & "!G" & B22+3) -> 27483480 | G22: =INDIRECT(C22 & "!H" & B22+3) -> 1374174 | H22: =INDIRECT(C22 & "!I" & B22+3) -> 26109306
B23: =COUNTA(INDIRECT(C23&"!B:B")) -> 20 | C23: 델리툰 | D23: =INDIRECT(C23 & "!E" & B23+3) -> 5334968 | E23: =INDIRECT(C23 & "!F" & B23+3) -> 0 | F23: =INDIRECT(C23 & "!G" & B23+3) -> 5334968 | G23: =INDIRECT(C23 & "!H" & B23+3) -> 266748.4 | H23: =INDIRECT(C23 & "!I" & B23+3) -> 5068219.6
B24: =COUNTA(INDIRECT(C24&"!B:B")) -> 16 | C24: 픽코마_일본 | D24: =INDIRECT(C24 & "!E" & B24+3) -> 8351803 | E24: =INDIRECT(C24 & "!F" & B24+3) -> 0 | F24: =INDIRECT(C24 & "!G" & B24+3) -> 8351803 | G24: =INDIRECT(C24 & "!H" & B24+3) -> 417590.15 | H24: =INDIRECT(C24 & "!I" & B24+3) -> 7934212.9
B25: =COUNTA(INDIRECT(C25&"!B:B")) -> 12 | C25: 픽코마_동영상 | D25: =INDIRECT(C25 & "!E" & B25+3) -> 285338 | E25: =INDIRECT(C25 & "!F" & B25+3) -> 0 | F25: =INDIRECT(C25 & "!G" & B25+3) -> 285338 | G25: =INDIRECT(C25 & "!H" & B25+3) -> 14266.9 | H25: =INDIRECT(C25 & "!I" & B25+3) -> 271071.1
B26: =COUNTA(INDIRECT(C26&"!B:B")) -> 6 | C26: 네오바자르_인도네시아 | D26: =INDIRECT(C26 & "!E" & B26+3) -> 105640.9 | E26: =INDIRECT(C26 & "!F" & B26+3) -> 0 | F26: =INDIRECT(C26 & "!G" & B26+3) -> 105640.9 | G26: =INDIRECT(C26 & "!H" & B26+3) -> 5282.045 | H26: =INDIRECT(C26 & "!I" & B26+3) -> 100358.85
B27: =COUNTA(INDIRECT(C27&"!B:B")) -> 12 | C27: 코미코_태국 | D27: =F27 -> 1383128.5 | E27: =INDIRECT(C27 & "!F" & B27+3) -> 0 | F27: =INDIRECT(C27 & "!G" & B27+3) -> 1383128.5 | G27: =INDIRECT(C27 & "!H" & B27+3) -> 69156.425 | H27: =INDIRECT(C27 & "!I" & B27+3) -> 1313972.1 | I27: V
B28: =COUNTA(INDIRECT(C28&"!B:B")) -> 6 | C28: 코미코_일본_대만 | D28: =F28 -> 72979.92 | E28: =INDIRECT(C28 & "!F" & B28+3) -> 0 | F28: =INDIRECT(C28 & "!G" & B28+3) -> 72979.92 | G28: =INDIRECT(C28 & "!H" & B28+3) -> 3648.996 | H28: =INDIRECT(C28 & "!I" & B28+3) -> 69330.924 | I28: v
B29: =COUNTA(INDIRECT(C29&"!B:B")) -> 39 | C29: 미스터블루 | D29: =INDIRECT(C29 & "!E" & B29+3) -> 26505138 | E29: =INDIRECT(C29 & "!F" & B29+3) -> 10602055 | F29: =INDIRECT(C29 & "!G" & B29+3) -> 15903083 | G29: =INDIRECT(C29 & "!H" & B29+3) -> 795154.14 | H29: =INDIRECT(C29 & "!I" & B29+3) -> 15107929
B30: =COUNTA(INDIRECT(C30&"!B:B")) -> 28 | C30: 피너툰 | D30: =INDIRECT(C30 & "!E" & B30+3) -> 18259360 | E30: =INDIRECT(C30 & "!F" & B30+3) -> 7303744 | F30: =INDIRECT(C30 & "!G" & B30+3) -> 10955616 | G30: =INDIRECT(C30 & "!H" & B30+3) -> 547780.8 | H30: =INDIRECT(C30 & "!I" & B30+3) -> 10407835
B31: =COUNTA(INDIRECT(C31&"!B:B")) -> 30 | C31: 원스토어 | D31: =INDIRECT(C31 & "!E" & B31+3) -> 4620560 | E31: =INDIRECT(C31 & "!F" & B31+3) -> 1386167.9 | F31: =INDIRECT(C31 & "!G" & B31+3) -> 3234392.1 | G31: =INDIRECT(C31 & "!H" & B31+3) -> 161719.61 | H31: =INDIRECT(C31 & "!I" & B31+3) -> 3072672.5
B32: =COUNTA(INDIRECT(C32&"!B:B")) -> 36 | C32: 투믹스 | D32: =INDIRECT(C32 & "!E" & B32+3) -> 1679510 | E32: =INDIRECT(C32 & "!F" & B32+3) -> 0 | F32: =INDIRECT(C32 & "!G" & B32+3) -> 1679510 | G32: =INDIRECT(C32 & "!H" & B32+3) -> 83975.5 | H32: =INDIRECT(C32 & "!I" & B32+3) -> 1595534.5
B33: =COUNTA(INDIRECT(C33&"!B:B")) -> 10 | C33: 빌리빌리 | D33: =F33 -> 1355558 | E33: =INDIRECT(C33 & "!F" & B33+3) -> 0 | F33: =INDIRECT(C33 & "!G" & B33+3) -> 1355558 | G33: =INDIRECT(C33 & "!H" & B33+3) -> 67777.902 | H33: =INDIRECT(C33 & "!I" & B33+3) -> 1287780.1 | I33: V
B34: =COUNTA(INDIRECT(C34&"!B:B")) -> 12 | C34: INKR | D34: =F34 -> 0 | E34: =INDIRECT(C34 & "!F" & B34+3) -> 0 | F34: =INDIRECT(C34 & "!G" & B34+3) -> 0 | G34: =INDIRECT(C34 & "!H" & B34+3) -> 0 | H34: =INDIRECT(C34 & "!I" & B34+3) -> 0 | I34: 100미만X V
B35: =COUNTA(INDIRECT(C35&"!B:B")) -> 6 | C35: 타파스 | D35: =F35 -> 1273714.8 | E35: =INDIRECT(C35 & "!F" & B35+3) -> 0 | F35: =INDIRECT(C35 & "!G" & B35+3) -> 1273714.8 | G35: =INDIRECT(C35 & "!H" & B35+3) -> 63685.738 | H35: =INDIRECT(C35 & "!I" & B35+3) -> 1210029 | I35: v 분기정산
B36: =COUNTA(INDIRECT(C36&"!B:B")) -> 21 | C36: 코믹툰 | D36: =INDIRECT(C36 & "!E" & B36+3) -> 4609874 | E36: =INDIRECT(C36 & "!F" & B36+3) -> 0 | F36: =INDIRECT(C36 & "!G" & B36+3) -> 4609874 | G36: =INDIRECT(C36 & "!H" & B36+3) -> 230493.7 | H36: =INDIRECT(C36 & "!I" & B36+3) -> 4379380.3
B37: =COUNTA(INDIRECT(C37&"!B:B")) -> 18 | C37: 코핀코믹스 | D37: =INDIRECT(C37 & "!E" & B37+3) -> 1661941.1 | E37: =INDIRECT(C37 & "!F" & B37+3) -> 0 | F37: =INDIRECT(C37 & "!G" & B37+3) -> 1661941.1 | G37: =INDIRECT(C37 & "!H" & B37+3) -> 83097.055 | H37: =INDIRECT(C37 & "!I" & B37+3) -> 1578844
B38: =COUNTA(INDIRECT(C38&"!B:B")) -> 20 | C38: 예스24 | D38: =INDIRECT(C38 & "!E" & B38+3) -> 290400 | E38: =INDIRECT(C38 & "!F" & B38+3) -> 87120 | F38: =INDIRECT(C38 & "!G" & B38+3) -> 203280 | G38: =INDIRECT(C38 & "!H" & B38+3) -> 10164 | H38: =INDIRECT(C38 & "!I" & B38+3) -> 193116
B39: =COUNTA(INDIRECT(C39&"!B:B")) -> 32 | C39: 핑거스토리_큐툰 | D39: =INDIRECT(C39 & "!E" & B39+3) -> 1867410 | E39: =INDIRECT(C39 & "!F" & B39+3) -> 746964 | F39: =INDIRECT(C39 & "!G" & B39+3) -> 1120446 | G39: =INDIRECT(C39 & "!H" & B39+3) -> 56022.3 | H39: =INDIRECT(C39 & "!I" & B39+3) -> 1064423.7
B40: =COUNTA(INDIRECT(C40&"!B:B")) -> 26 | C40: 핑거스토리_무툰 | D40: =INDIRECT(C40 & "!E" & B40+3) -> 876060 | E40: =INDIRECT(C40 & "!F" & B40+3) -> 350424 | F40: =INDIRECT(C40 & "!G" & B40+3) -> 525636 | G40: =INDIRECT(C40 & "!H" & B40+3) -> 26281.8 | H40: =INDIRECT(C40 & "!I" & B40+3) -> 499354.2
B41: =COUNTA(INDIRECT(C41&"!B:B")) -> 21 | C41: 북팔 | D41: =INDIRECT(C41 & "!E" & B41+3) -> 1019600 | E41: =INDIRECT(C41 & "!F" & B41+3) -> 305880 | F41: =INDIRECT(C41 & "!G" & B41+3) -> 713720 | G41: =INDIRECT(C41 & "!H" & B41+3) -> 35686 | H41: =INDIRECT(C41 & "!I" & B41+3) -> 678034
B42: =COUNTA(INDIRECT(C42&"!B:B")) -> 11 | C42: 엠유네트웍스 | D42: =INDIRECT(C42 & "!E" & B42+3) -> 3019700 | E42: =INDIRECT(C42 & "!F" & B42+3) -> 1117289 | F42: =INDIRECT(C42 & "!G" & B42+3) -> 1902411 | G42: =INDIRECT(C42 & "!H" & B42+3) -> 95120.55 | H42: =INDIRECT(C42 & "!I" & B42+3) -> 1807290.5
B43: =COUNTA(INDIRECT(C43&"!B:B")) -> 11 | C43: 엠피언 | D43: =INDIRECT(C43 & "!E" & B43+3) -> 443000 | E43: =INDIRECT(C43 & "!F" & B43+3) -> 163910 | F43: =INDIRECT(C43 & "!G" & B43+3) -> 279090 | G43: =INDIRECT(C43 & "!H" & B43+3) -> 13954.5 | H43: =INDIRECT(C43 & "!I" & B43+3) -> 265135.5
B44: =COUNTA(INDIRECT(C44&"!B:B")) -> 5 | C44: 망가툰 | D44: =INDIRECT(C44 & "!E" & B44+3) -> 169.86 | E44: =INDIRECT(C44 & "!F" & B44+3) -> 0 | F44: =INDIRECT(C44 & "!G" & B44+3) -> 201725.74 | G44: =INDIRECT(C44 & "!H" & B44+3) -> 10086.287 | H44: =INDIRECT(C44 & "!I" & B44+3) -> 191639.45
B45: =COUNTA(INDIRECT(C45&"!B:B")) -> 7 | C45: 웹코믹스 | D45: =INDIRECT(C45 & "!E" & B45+3) -> 410.984 | E45: =INDIRECT(C45 & "!F" & B45+3) -> 0 | F45: =INDIRECT(C45 & "!G" & B45+3) -> 489810.73 | G45: =INDIRECT(C45 & "!H" & B45+3) -> 24490.537 | H45: =INDIRECT(C45 & "!I" & B45+3) -> 465320.19
B46: =COUNTA(INDIRECT(C46&"!B:B")) -> 6 | C46: 교보문고 | D46: =INDIRECT(C46 & "!E" & B46+3) -> 114100 | E46: =INDIRECT(C46 & "!F" & B46+3) -> 0 | F46: =INDIRECT(C46 & "!G" & B46+3) -> 79870 | G46: =INDIRECT(C46 & "!H" & B46+3) -> 3993.5 | H46: =INDIRECT(C46 & "!I" & B46+3) -> 75876.5
B47: =COUNTA(INDIRECT(C47&"!B:B")) -> 6 | C47: 톡소다 | D47: =INDIRECT(C47 & "!E" & B47+3) -> 583100 | E47: =INDIRECT(C47 & "!F" & B47+3) -> 0 | F47: =INDIRECT(C47 & "!G" & B47+3) -> 408170 | G47: =INDIRECT(C47 & "!H" & B47+3) -> 20408.5 | H47: =INDIRECT(C47 & "!I" & B47+3) -> 387761.5
B48: =COUNTA(INDIRECT(C42&"!B:B")) -> 11 | C48: 합계 | D48: =SUM(D7:D47) -> 3.4839458e+08 | E48: =SUM(E7:E47) -> 75733261 | F48: =SUM(F7:F47) -> 2.7314312e+08 | G48: =SUM(G7:G47) -> 13657156 | H48: =SUM(H7:H47) -> 2.5948596e+08 | I48: =SUM(I7:I42) -> 0
G49: 스토리위즈 계산서 발행금액 | K49: 2022년 합계 | L49: =SUM(L20:L48) -> 13657156
G50: 월 선 MG상환 | H50: 월 판권제휴 매출 정산 | K50: 잔여 선지급금 | L50: =L6+L7-L19-L49 -> 2.587874e+08

Sheet 카카오페이지
B4: [RS 정산 기준]
B5: 사이트명 | C5: 매출월 | D5: 작품명 | E5: 소비자매출액 | F5: 유통사수수료 | G5: 스토리위즈매출액 | H5: 스토리위즈수익 | I5: 스토리숲 수익 | J5: 비고
B6: 카카오페이지 | C6: =VLOOKUP(B6,raw_a,2,0) -> 1월분 | D6: 거짓말, 뱀파이어가 어디 있어? [BL] | E6: =SUMIFS(전체리스트!D:D,전체리스트!A:A,B6,전체리스트!C:C,D6) -> 1178900 | F6: =E6-G6 -> 368860 | G6: =SUMIFS(전체리스트!E:E,전체리스트!A:A,B6,전체리스트!C:C,D6) -> 810040 | H6: =G6*0.05 -> 40502 | I6: =G6-H6 -> 769538
B7: 카카오페이지 | C7: =VLOOKUP(B7,raw_a,2,0) -> 1월분 | D7: 꿈꾸는 먹잇감 | E7: =SUMIFS(전체리스트!D:D,전체리스트!A:A,B7,전체리스트!C:C,D7) -> 2183065 | F7: =E7-G7 -> 666256 | G7: =SUMIFS(전체리스트!E:E,전체리스트!A:A,B7,전체리스트!C:C,D7) -> 1516809 | H7: =G7*0.05 -> 75840.45 | I7: =G7-H7 -> 1440968.6
B8: 카카오페이지 | C8: =VLOOKUP(B8,raw_a,2,0) -> 1월분 | D8: 꿰인 사이 | E8: =SUMIFS(전체리스트!D:D,전체리스트!A:A,B8,전체리스트!C:C,D8) -> 498435 | F8: =E8-G8 -> 152049 | G8: =SUMIFS(전체리스트!E:E,전체리스트!A:A,B8,전체리스트!C:C,D8) -> 346386 | H8: =G8*0.05 -> 17319.3 | I8: =G8-H8 -> 329066.7
B9: 카카오페이지 | C9: =VLOOKUP(B9,raw_a,2,0) -> 1월분 | D9: 너에게만 음성인식 | E9: =SUMIFS(전체리스트!D:D,전체리스트!A:A,B9,전체리스트!C:C,D9) -> 723460 | F9: =E9-G9 -> 220614 | G9: =SUMIFS(전체리스트!E:E,전체리스트!A:A,B9,전체리스트!C:C,D9) -> 502846 | H9: =G9*0.05 -> 25142.3 | I9: =G9-H9 -> 477703.7
B10: 카카오페이지 | C10: =VLOOKUP(B10,raw_a,2,0) -> 1월분 | D10: 대표님, 사모님이 도망가요 | E10: =SUMIFS(전체리스트!D:D,전체리스트!A:A,B10,전체리스트!C:C,D10) -> 1503980 | F10: =E10-G10 -> 457012 | G10: =SUMIFS(전체리스트!E:E,전체리스트!A:A,B10,전체리스트!C:C,D10) -> 1046968 | H10: =G10*0.05 -> 52348.4 | I10: =G10-H10 -> 994619.6
B11: 카카오페이지 | C11: =VLOOKUP(B11,raw_a,2,0) -> 1월분 | D11: 레벨업에 미친 의사 | E11: =SUMIFS(전체리스트!D:D,전체리스트!A:A,B11,전체리스트!C:C,D11) -> 35898931 | F11: =E11-G11 -> 11066926 | G11: =SUMIFS(전체리스트!E:E,전체리스트!A:A,B11,전체리스트!C:C,D11) -> 24832005 | H11: =G11*0.05 -> 1241600.2 | I11: =G11-H11 -> 23590405
B12: 카카오페이지 | C12: =VLOOKUP(B12,raw_a,2,0) -> 1월분 | D12: 마녀 따위 안 할래요 | E12: =SUMIFS(전체리스트!D:D,전체리스트!A:A,B12,전체리스트!C:C,D12) -> 771820 | F12: =E12-G12 -> 238108 | G12: =SUMIFS(전체리스트!E:E,전체리스트!A:A,B12,전체리스트!C:C,D12) -> 533712 | H12: =G12*0.05 -> 26685.6 | I12: =G12-H12 -> 507026.4
B13: 카카오페이지 | C13: =VLOOKUP(B13,raw_a,2,0) -> 1월분 | D13: 만지고 싶어! | E13: =SUMIFS(전체리스트!D:D,전체리스트!A:A,B13,전체리스트!C:C,D13) -> 826960 | F13: =E13-G13 -> 250704 | G13: =SUMIFS(전체리스트!E:E,전체리스트!A:A,B13,전체리스트!C:C,D13) -> 576256 | H13: =G13*0.05 -> 28812.8 | I13: =G13-H13 -> 547443.2
B14: 카카오페이지 | C14: =VLOOKUP(B14,raw_a,2,0) -> 1월분 | D14: 말도 안되는 관계 (개정판) [BL] | E14: =SUMIFS(전체리스트!D:D,전체리스트!A:A,B14,전체리스트!C:C,D14) -> 391890 | F14: =E14-G14 -> 121296 | G14: =SUMIFS(전체리스트!E:E,전체리스트!A:A,B14,전체리스트!C:C,D14) -> 270594 | H14: =G14*0.05 -> 13529.7 | I14: =G14-H14 -> 257064.3
B15: 카카오페이지 | C15: =VLOOKUP(B15,raw_a,2,0) -> 1월분 | D15: 명판관 장평 | E15: =SUMIFS(전체리스트!D:D,전체리스트!A:A,B15,전체리스트!C:C,D15) -> 11000 | F15: =E15-G15 -> 3300 | G15: =SUMIFS(전체리스트!E:E,전체리스트!A:A,B15,전체리스트!C:C,D15) -> 7700 | H15: =G15*0.05 -> 385 | I15: =G15-H15 -> 7315
B16: 카카오페이지 | C16: =VLOOKUP(B16,raw_a,2,0) -> 1월분 | D16: 사랑과 우정 사이에서 (개정판) [BL] | E16: =SUMIFS(전체리스트!D:D,전체리스트!A:A,B16,전체리스트!C:C,D16) -> 219840 | F16: =E16-G16 -> 66546 | G16: =SUMIFS(전체리스트!E:E,전체리스트!A:A,B16,전체리스트!C:C,D16) -> 153294 | H16: =G16*0.05 -> 7664.7 | I16: =G16-H16 -> 145629.3
B17: 카카오페이지 | C17: =VLOOKUP(B17,raw_a,2,0) -> 1월분 | D17: 사랑의 형태 : 마음이 향하는 곳 | E17: =SUMIFS(전체리스트!D:D,전체리스트!A:A,B17,전체리스트!C:C,D17) -> 156100 | F17: =E17-G17 -> 48330 | G17: =SUMIFS(전체리스트!E:E,전체리스트!A:A,B17,전체리스트!C:C,D17) -> 107770 | H17: =G17*0.05 -> 5388.5 | I17: =G17-H17 -> 102381.5
... B42: 카카오웹툰 | C42: =VLOOKUP(B42,raw_a,2,0) -> 12월분 | D42: 신들의 연애사정 | E42: =SUMIFS(전체리스트!D:D,전체리스트!A:A,B42,전체리스트!C:C,D42) -> 3037066 | F42: =E42-G42 -> 586958 | G42: =SUMIFS(전체리스트!E:E,전체리스트!A:A,B42,전체리스트!C:C,D42) -> 2450108 | H42: =G42*0.05 -> 122505.4 | I42: =G42-H42 -> 2327602.6
B43: 합계 | E43: =SUM(E6:E42) -> 86715946 | F43: =SUM(F6:F42) -> 27781486 | G43: =SUM(G6:G42) -> 58934460 | H43: =SUM(H6:H42) -> 2946723 | I43: =SUM(I6:I42) -> 55987737 | J43: =SUM(J6:J42) -> 0

Sheet 카카오타파스
B4: [RS 정산 기준]
B5: 사이트명 | C5: 매출월 | D5: 작품명 | E5: 소비자매출액 | F5: 유통사수수료 | G5: 스토리위즈매출액 | H5: 스토리위즈수익 | I5: 스토리숲 수익 | J5: 비고
B6: 카카오 타파스 | C6: =VLOOKUP(B6,raw_a,2,0) -> 10-12월분 | D6: 아랫집 웬수 | E6: =SUMIFS(전체리스트!D:D,전체리스트!A:A,B6,전체리스트!C:C,D6) -> 3927560 | F6: =E6-G6 -> 0 | G6: =SUMIFS(전체리스트!E:E,전체리스트!A:A,B6,전체리스트!C:C,D6) -> 3927560 | H6: =G6*0.05 -> 196378 | I6: =G6-H6 -> 3731182
B7: 카카오 타파스 | C7: =VLOOKUP(B7,raw_a,2,0) -> 10-12월분 | D7: 내 자기님이 로그인하셨습니다 | E7: =SUMIFS(전체리스트!D:D,전체리스트!A:A,B7,전체리스트!C:C,D7) -> 5173654 | F7: =E7-G7 -> 0 | G7: =SUMIFS(전체리스트!E:E,전체리스트!A:A,B7,전체리스트!C:C,D7) -> 5173654 | H7: =G7*0.05 -> 258682.7 | I7: =G7-H7 -> 4914971.3
B8: 합계 | E8: =SUM(E6:E7) -> 9101214 | F8: =SUM(F6:F7) -> 0 | G8: =SUM(G6:G7) -> 9101214 | H8: =SUM(H6:H7) -> 455060.7 | I8: =SUM(I6:I7) -> 8646153.3 | J8: =SUM(J6:J7) -> 0

Sheet 네이버웹툰
B4: [RS 정산 기준]
B5: 사이트명 | C5: 매출월 | D5: 작품명 | E5: 소비자매출액 | F5: 유통사수수료 | G5: 스토리위즈매출액 | H5: 스토리위즈수익 | I5: 스토리숲 수익 | J5: 비고
B6: 네이버웹툰 | C6: =VLOOKUP(B6,raw_a,2,0) -> 1월분 | D6: 대표님의 삐뚤어진 사랑 | E6: =SUMIFS(전체리스트!D:D,전체리스트!A:A,B6,전체리스트!C:C,D6) -> 5285884.3 | F6: =E6-G6 -> 1585765.3 | G6: =SUMIFS(전체리스트!E:E,전체리스트!A:A,B6,전체리스트!C:C,D6) -> 3700119 | H6: =G6*0.05 -> 185005.95 | I6: =G6-H6 -> 3515113.1
B7: 네이버웹툰 | C7: =VLOOKUP(B7,raw_a,2,0) -> 1월분 | D7: 레벨업에 미친 의사 | E7: =SUMIFS(전체리스트!D:D,전체리스트!A:A,B7,전체리스트!C:C,D7) -> 3034097.4 | F7: =E7-G7 -> 910229.22 | G7: =SUMIFS(전체리스트!E:E,전체리스트!A:A,B7,전체리스트!C:C,D7) -> 2123868.2 | H7: =G7*0.05 -> 106193.41 | I7: =G7-H7 -> 2017674.8
B8: 네이버웹툰 | C8: =VLOOKUP(B8,raw_a,2,0) -> 1월분 | D8: 프렌시아의 꽃 | E8: =SUMIFS(전체리스트!D:D,전체리스트!A:A,B8,전체리스트!C:C,D8) -> 2243126.9 | F8: =E8-G8 -> 672938.07 | G8: =SUMIFS(전체리스트!E:E,전체리스트!A:A,B8,전체리스트!C:C,D8) -> 1570188.8 | H8: =G8*0.05 -> 78509.442 | I8: =G8-H8 -> 1491679.4
B9: 네이버웹툰 | C9: =VLOOKUP(B9,raw_a,2,0) -> 1월분 | D9: 꿈꾸는 먹잇감 [BL] | E9: =SUMIFS(전체리스트!D:D,전체리스트!A:A,B9,전체리스트!C:C,D9) -> 2219680 | F9: =E9-G9 -> 665904 | G9: =SUMIFS(전체리스트!E:E,전체리스트!A:A,B9,전체리스트!C:C,D9) -> 1553776 | H9: =G9*0.05 -> 77688.8 | I9: =G9-H9 -> 1476087.2
B10: 네이버웹툰 | C10: =VLOOKUP(B10,raw_a,2,0) -> 1월분 | D10: 거짓말, 뱀파이어가 어디 있어? [BL] | E10: =SUMIFS(전체리스트!D:D,전체리스트!A:A,B10,전체리스트!C:C,D10) -> 1807989.3 | F10: =E10-G10 -> 542396.79 | G10: =SUMIFS(전체리스트!E:E,전체리스트!A:A,B10,전체리스트!C:C,D10) -> 1265592.5 | H10: =G10*0.05 -> 63279.626 | I10: =G10-H10 -> 1202312.9
B11: 네이버웹툰 | C11: =VLOOKUP(B11,raw_a,2,0) -> 1월분 | D11: 대표님, 사모님이 도망가요 | E11: =SUMIFS(전체리스트!D:D,전체리스트!A:A,B11,전체리스트!C:C,D11) -> 1776986.2 | F11: =E11-G11 -> 533095.86 | G11: =SUMIFS(전체리스트!E:E,전체리스트!A:A,B11,전체리스트!C:C,D11) -> 1243890.3 | H11: =G11*0.05 -> 62194.517 | I11: =G11-H11 -> 1181695.8
B12: 네이버웹툰 | C12: =VLOOKUP(B12,raw_a,2,0) -> 1월분 | D12: 사랑할 수 없는 그녀 | E12: =SUMIFS(전체리스트!D:D,전체리스트!A:A,B12,전체리스트!C:C,D12) -> 1601822.4 | F12: =E12-G12 -> 480546.72 | G12: =SUMIFS(전체리스트!E:E,전체리스트!A:A,B12,전체리스트!C:C,D12) -> 1121275.7 | H12: =G12*0.05 -> 56063.784 | I12: =G12-H12 -> 1065211.9
B13: 네이버웹툰 | C13: =VLOOKUP(B13,raw_a,2,0) -> 1월분 | D13: 용의주도 대표님의 연애 게임 | E13: =SUMIFS(전체리스트!D:D,전체리스트!A:A,B13,전체리스트!C:C,D13) -> 1377208 | F13: =E13-G13 -> 413162.4 | G13: =SUMIFS(전체리스트!E:E,전체리스트!A:A,B13,전체리스트!C:C,D13) -> 964045.6 | H13: =G13*0.05 -> 48202.28 | I13: =G13-H13 -> 915843.32
B14: 네이버웹툰 | C14: =VLOOKUP(B14,raw_a,2,0) -> 1월분 | D14: 이혼신청 [BL] | E14: =SUMIFS(전체리스트!D:D,전체리스트!A:A,B14,전체리스트!C:C,D14) -> 1212326.6 | F14: =E14-G14 -> 363697.98 | G14: =SUMIFS(전체리스트!E:E,전체리스트!A:A,B14,전체리스트!C:C,D14) -> 848628.62 | H14: =G14*0.05 -> 42431.431 | I14: =G14-H14 -> 806197.19
B15: 네이버웹툰 | C15: =VLOOKUP(B15,raw_a,2,0) -> 1월분 | D15: 한번 해볼래? [BL] | E15: =SUMIFS(전체리스트!D:D,전체리스트!A:A,B15,전체리스트!C:C,D15) -> 1104753.2 | F15: =E15-G15 -> 331425.96 | G15: =SUMIFS(전체리스트!E:E,전체리스트!A:A,B15,전체리스트!C:C,D15) -> 773327.24 | H15: =G15*0.05 -> 38666.362 | I15: =G15-H15 -> 734660.88
B16: 네이버웹툰 | C16: =VLOOKUP(B16,raw_a,2,0) -> 1월분 | D16: 만지고 싶어! | E16: =SUMIFS(전체리스트!D:D,전체리스트!A:A,B16,전체리스트!C:C,D16) -> 979223 | F16: =E16-G16 -> 293766.9 | G16: =SUMIFS(전체리스트!E:E,전체리스트!A:A,B16,전체리스트!C:C,D16) -> 685456.1 | H16: =G16*0.05 -> 34272.805 | I16: =G16-H16 -> 651183.29
B17: 네이버웹툰 | C17: =VLOOKUP(B17,raw_a,2,0) -> 1월분 | D17: 한 번만 부탁해! [BL] | E17: =SUMIFS(전체리스트!D:D,전체리스트!A:A,B17,전체리스트!C:C,D17) -> 876490.4 | F17: =E17-G17 -> 262947.12 | G17: =SUMIFS(전체리스트!E:E,전체리스트!A:A,B17,전체리스트!C:C,D17) -> 613543.28 | H17: =G17*0.05 -> 30677.164 | I17: =G17-H17 -> 582866.12
... B54: 네이버웹툰-창작지원금 | C54: =VLOOKUP(B54,raw_a,2,0) -> 12월분 | D54: 아찔한 전남편 | E54: =SUMIFS(전체리스트!D:D,전체리스트!A:A,B54,전체리스트!C:C,D54) -> 28021 | F54: =E54-G54 -> 0 | G54: =SUMIFS(전체리스트!E:E,전체리스트!A:A,B54,전체리스트!C:C,D54) -> 28021 | H54: =G54*0.05 -> 1401.05 | I54: =G54-H54 -> 26619.95
B55: 합계 | E55: =SUM(E6:E54) -> 78520951 | F55: =SUM(F6:F54) -> 9010568.2 | G55: =SUM(G6:G54) -> 69510383 | H55: =SUM(H6:H54) -> 3475519.2 | I55: =SUM(I6:I54) -> 66034864 | J55: =SUM(J6:J54) -> 0

Sheet 콰이칸_중국
G3: 3개월 평균
B4: [RS 정산 기준] | F4: 환율(CNY) | G4: =VLOOKUP(B6,raw_a,6,0) -> 187.29
B5: 사이트명 | C5: 매출월 | D5: 작품명 | E5: 소비자매출액 | F5: 유통사수수료 | G5: 스토리위즈매출액 | H5: 스토리위즈수익 | I5: 스토리숲 수익 | J5: 비고
B6: 콰이칸 | C6: =VLOOKUP(B6,raw_a,2,0) -> 12월분 | D6: 황비님?황비님! MG | E6: =SUMIFS(전체리스트!D:D,전체리스트!A:A,B6,전체리스트!C:C,D6) -> 10613.21 | G6: =SUMIFS(전체리스트!E:E,전체리스트!A:A,B6,전체리스트!C:C,D6) -> 1987748.1 | H6: =G6*0.05 -> 99387.405 | I6: =G6-H6 -> 1888360.7
B7: 콰이칸 | C7: =VLOOKUP(B7,raw_a,2,0) -> 12월분 | D7: 옆집최애 | E7: =SUMIFS(전체리스트!D:D,전체리스트!A:A,B7,전체리스트!C:C,D7) -> 276 | G7: =SUMIFS(전체리스트!E:E,전체리스트!A:A,B7,전체리스트!C:C,D7) -> 51692.04 | H7: =G7*0.05 -> 2584.602 | I7: =G7-H7 -> 49107.438
B8: 콰이칸 | C8: =VLOOKUP(B8,raw_a,2,0) -> 12월분 | D8: 내 자기님 로그인하셨다 2 | E8: =SUMIFS(전체리스트!D:D,전체리스트!A:A,B8,전체리스트!C:C,D8) -> 2935.55 | G8: =SUMIFS(전체리스트!E:E,전체리스트!A:A,B8,전체리스트!C:C,D8) -> 549799.16 | H8: =G8*0.05 -> 27489.958 | I8: =G8-H8 -> 522309.2
B9: 콰이칸 | C9: =VLOOKUP(B9,raw_a,2,0) -> 12월분 | D9: 사랑과 우정 사이에는 爱情与友谊之间 | E9: =SUMIFS(전체리스트!D:D,전체리스트!A:A,B9,전체리스트!C:C,D9) -> 226.89 | G9: =SUMIFS(전체리스트!E:E,전체리스트!A:A,B9,전체리스트!C:C,D9) -> 42494.228 | H9: =G9*0.05 -> 2124.7114 | I9: =G9-H9 -> 40369.517
B10: 콰이칸 | C10: =VLOOKUP(B10,raw_a,2,0) -> 12월분 | D10: 거짓말! 뱀페이어가 어디있어? | E10: =SUMIFS(전체리스트!D:D,전체리스트!A:A,B10,전체리스트!C:C,D10) -> 3001.31 | G10: =SUMIFS(전체리스트!E:E,전체리스트!A:A,B10,전체리스트!C:C,D10) -> 562115.35 | H10: =G10*0.05 -> 28105.767 | I10: =G10-H10 -> 534009.58
B11: 콰이칸 | C11: =VLOOKUP(B11,raw_a,2,0) -> 12월분 | D11: 황비님?황비님! | E11: =SUMIFS(전체리스트!D:D,전체리스트!A:A,B11,전체리스트!C:C,D11) -> 0.09 | G11: =SUMIFS(전체리스트!E:E,전체리스트!A:A,B11,전체리스트!C:C,D11) -> 16.8561 | H11: =G11*0.05 -> 0.842805 | I11: =G11-H11 -> 16.013295
B12: 합계 | E12: =SUM(E6:E11) -> 17053.05 | F12: =SUM(F6:F11) -> 0 | G12: =SUM(G6:G11) -> 3193865.7 | H12: =SUM(H6:H11) -> 159693.29 | I12: =SUM(I6:I11) -> 3034172.4 | J12: =SUM(J6:J11) -> 0

Sheet kt_alpha
B4: [RS 정산 기준]
B5: 사이트명 | C5: 매출월 | D5: 작품명 | E5: 소비자매출액 | F5: 유통사수수료 | G5: 스토리위즈매출액 | H5: 스토리위즈수익 | I5: 스토리숲 수익 | J5: 비고
B6: kt_alpha | C6: =VLOOKUP(B6,raw_a,2,0) -> 1월분 | D6: 원고를 주세요! | E6: =SUMIFS(전체리스트!D:D,전체리스트!A:A,B6,전체리스트!C:C,D6) -> 596.4 | F6: =E6-G6 -> 268.38 | G6: =SUMIFS(전체리스트!E:E,전체리스트!A:A,B6,전체리스트!C:C,D6) -> 328.02 | H6: =G6*0.05 -> 16.401 | I6: =G6-H6 -> 311.619
B7: kt_alpha | C7: =VLOOKUP(B7,raw_a,2,0) -> 1월분 | D7: 어디에서든 널 원해 | E7: =SUMIFS(전체리스트!D:D,전체리스트!A:A,B7,전체리스트!C:C,D7) -> 138199.25 | F7: =E7-G7 -> 62189.663 | G7: =SUMIFS(전체리스트!E:E,전체리스트!A:A,B7,전체리스트!C:C,D7) -> 76009.587 | H7: =G7*0.05 -> 3800.4794 | I7: =G7-H7 -> 72209.108
B8: kt_alpha | C8: =VLOOKUP(B8,raw_a,2,0) -> 1월분 | D8: 어디에서든 널 원해(개정판) | E8: =SUMIFS(전체리스트!D:D,전체리스트!A:A,B8,전체리스트!C:C,D8) -> 93243.25 | F8: =E8-G8 -> 41959.463 | G8: =SUMIFS(전체리스트!E:E,전체리스트!A:A,B8,전체리스트!C:C,D8) -> 51283.787 | H8: =G8*0.05 -> 2564.1894 | I8: =G8-H8 -> 48719.598
B9: kt_alpha | C9: =VLOOKUP(B9,raw_a,2,0) -> 1월분 | D9: 말도 안되는 관계 | E9: =SUMIFS(전체리스트!D:D,전체리스트!A:A,B9,전체리스트!C:C,D9) -> 189304.4 | F9: =E9-G9 -> 75721.76 | G9: =SUMIFS(전체리스트!E:E,전체리스트!A:A,B9,전체리스트!C:C,D9) -> 113582.64 | H9: =G9*0.05 -> 5679.132 | I9: =G9-H9 -> 107903.51
B10: kt_alpha | C10: =VLOOKUP(B10,raw_a,2,0) -> 1월분 | D10: 말도 안되는 관계(개정판) | E10: =SUMIFS(전체리스트!D:D,전체리스트!A:A,B10,전체리스트!C:C,D10) -> 223032 | F10: =E10-G10 -> 89212.8 | G10: =SUMIFS(전체리스트!E:E,전체리스트!A:A,B10,전체리스트!C:C,D10) -> 133819.2 | H10: =G10*0.05 -> 6690.96 | I10: =G10-H10 -> 127128.24
B11: kt_alpha | C11: =VLOOKUP(B11,raw_a,2,0) -> 1월분 | D11: 어디에서든 널 원해_해외 | E11: =SUMIFS(전체리스트!D:D,전체리스트!A:A,B11,전체리스트!C:C,D11) -> 22992 | F11: =E11-G11 -> 13795.2 | G11: =SUMIFS(전체리스트!E:E,전체리스트!A:A,B11,전체리스트!C:C,D11) -> 9196.8 | H11: =G11*0.05 -> 459.84 | I11: =G11-H11 -> 8736.96
B12: 합계 | E12: =SUM(E6:E11) -> 667367.3 | F12: =SUM(F6:F11) -> 283147.27 | G12: =SUM(G6:G11) -> 384220.03 | H12: =SUM(H6:H11) -> 19211.002 | I12: =SUM(I6:I11) -> 365009.03 | J12: =SUM(J6:J11) -> 0

Sheet 레진코믹스
B4: [RS 정산 기준]
B5: 사이트명 | C5: 매출월 | D5: 작품명 | E5: 소비자매출액 | F5: 유통사수수료 | G5: 스토리위즈매출액 | H5: 스토리위즈수익 | I5: 스토리숲 수익 | J5: 비고
B6: 레진코믹스 | C6: =VLOOKUP(B6,raw_a,2,0) -> 1월분 | D6: 슬기로운 생활 | E6: =SUMIFS(전체리스트!D:D,전체리스트!A:A,B6,전체리스트!C:C,D6) -> 8190 | F6: =E6-G6 -> 0 | G6: =SUMIFS(전체리스트!E:E,전체리스트!A:A,B6,전체리스트!C:C,D6) -> 8190 | H6: =G6*0.05 -> 409.5 | I6: =G6-H6 -> 7780.5
B7: 레진코믹스 | C7: =VLOOKUP(B7,raw_a,2,0) -> 1월분 | D7: 쌀툰 | E7: =SUMIFS(전체리스트!D:D,전체리스트!A:A,B7,전체리스트!C:C,D7) -> 21000 | F7: =E7-G7 -> 0 | G7: =SUMIFS(전체리스트!E:E,전체리스트!A:A,B7,전체리스트!C:C,D7) -> 21000 | H7: =G7*0.05 -> 1050 | I7: =G7-H7 -> 19950
B8: 레진코믹스 | C8: =VLOOKUP(B8,raw_a,2,0) -> 1월분 | D8: 옆집 최애 | E8: =SUMIFS(전체리스트!D:D,전체리스트!A:A,B8,전체리스트!C:C,D8) -> 62720 | F8: =E8-G8 -> 0 | G8: =SUMIFS(전체리스트!E:E,전체리스트!A:A,B8,전체리스트!C:C,D8) -> 62720 | H8: =G8*0.05 -> 3136 | I8: =G8-H8 -> 59584
B9: 레진코믹스 | C9: =VLOOKUP(B9,raw_a,2,0) -> 1월분 | D9: 한집 두 살림 | E9: =SUMIFS(전체리스트!D:D,전체리스트!A:A,B9,전체리스트!C:C,D9) -> 45080 | F9: =E9-G9 -> 0 | G9: =SUMIFS(전체리스트!E:E,전체리스트!A:A,B9,전체리스트!C:C,D9) -> 45080 | H9: =G9*0.05 -> 2254 | I9: =G9-H9 -> 42826
B10: 레진코믹스 | C10: =VLOOKUP(B10,raw_a,2,0) -> 1월분 | D10: 탑배우의 이중생활 | E10: =SUMIFS(전체리스트!D:D,전체리스트!A:A,B10,전체리스트!C:C,D10) -> 280 | F10: =E10-G10 -> 0 | G10: =SUMIFS(전체리스트!E:E,전체리스트!A:A,B10,전체리스트!C:C,D10) -> 280 | H10: =G10*0.05 -> 14 | I10: =G10-H10 -> 266
B11: 레진코믹스 | C11: =VLOOKUP(B11,raw_a,2,0) -> 1월분 | D11: 사랑과 우정 사이에서 | E11: =SUMIFS(전체리스트!D:D,전체리스트!A:A,B11,전체리스트!C:C,D11) -> 46200 | F11: =E11-G11 -> 0 | G11: =SUMIFS(전체리스트!E:E,전체리스트!A:A,B11,전체리스트!C:C,D11) -> 46200 | H11: =G11*0.05 -> 2310 | I11: =G11-H11 -> 43890
B12: 레진코믹스 | C12: =VLOOKUP(B12,raw_a,2,0) -> 1월분 | D12: 호랑이 장가 드는 날 | E12: =SUMIFS(전체리스트!D:D,전체리스트!A:A,B12,전체리스트!C:C,D12) -> 48000 | F12: =E12-G12 -> 0 | G12: =SUMIFS(전체리스트!E:E,전체리스트!A:A,B12,전체리스트!C:C,D12) -> 48000 | H12: =G12*0.05 -> 2400 | I12: =G12-H12 -> 45600
B13: 레진코믹스 | C13: =VLOOKUP(B13,raw_a,2,0) -> 1월분 | D13: 호랑이 장가 드는 날 [개정판] | E13: =SUMIFS(전체리스트!D:D,전체리스트!A:A,B13,전체리스트!C:C,D13) -> 14800 | F13: =E13-G13 -> 0 | G13: =SUMIFS(전체리스트!E:E,전체리스트!A:A,B13,전체리스트!C:C,D13) -> 14800 | H13: =G13*0.05 -> 740 | I13: =G13-H13 -> 14060
B14: 레진코믹스 | C14: =VLOOKUP(B14,raw_a,2,0) -> 1월분 | D14: 츤데레 흥신소 | E14: =SUMIFS(전체리스트!D:D,전체리스트!A:A,B14,전체리스트!C:C,D14) -> 600 | F14: =E14-G14 -> 0 | G14: =SUMIFS(전체리스트!E:E,전체리스트!A:A,B14,전체리스트!C:C,D14) -> 600 | H14: =G14*0.05 -> 30 | I14: =G14-H14 -> 570
B15: 레진코믹스 | C15: =VLOOKUP(B15,raw_a,2,0) -> 1월분 | D15: 사랑할 수 없는 그녀 | E15: =SUMIFS(전체리스트!D:D,전체리스트!A:A,B15,전체리스트!C:C,D15) -> 717444 | F15: =E15-G15 -> 0 | G15: =SUMIFS(전체리스트!E:E,전체리스트!A:A,B15,전체리스트!C:C,D15) -> 717444 | H15: =G15*0.05 -> 35872.2 | I15: =G15-H15 -> 681571.8
B16: 레진코믹스 | C16: =VLOOKUP(B16,raw_a,2,0) -> 1월분 | D16: 속도위반 대표님과 계약 아내 [연재] | E16: =SUMIFS(전체리스트!D:D,전체리스트!A:A,B16,전체리스트!C:C,D16) -> 1202544 | F16: =E16-G16 -> 0 | G16: =SUMIFS(전체리스트!E:E,전체리스트!A:A,B16,전체리스트!C:C,D16) -> 1202544 | H16: =G16*0.05 -> 60127.2 | I16: =G16-H16 -> 1142416.8
B17: 레진코믹스 | C17: =VLOOKUP(B17,raw_a,2,0) -> 1월분 | D17: 연애포차 | E17: =SUMIFS(전체리스트!D:D,전체리스트!A:A,B17,전체리스트!C:C,D17) -> 1350 | F17: =E17-G17 -> 0 | G17: =SUMIFS(전체리스트!E:E,전체리스트!A:A,B17,전체리스트!C:C,D17) -> 1350 | H17: =G17*0.05 -> 67.5 | I17: =G17-H17 -> 1282.5
... B32: 레진코믹스 | C32: =VLOOKUP(B32,raw_a,2,0) -> 1월분 | D32: 한 번만 부탁해! | E32: =SUMIFS(전체리스트!D:D,전체리스트!A:A,B32,전체리스트!C:C,D32) -> 249000 | F32: =E32-G32 -> 0 | G32: =SUMIFS(전체리스트!E:E,전체리스트!A:A,B32,전체리스트!C:C,D32) -> 249000 | H32: =G32*0.05 -> 12450 | I32: =G32-H32 -> 236550
B33: 합계 | E33: =SUM(E6:E32) -> 8526312 | F33: =SUM(F6:F32) -> 0 | G33: =SUM(G6:G32) -> 8526312 | H33: =SUM(H6:H32) -> 426315.6 | I33: =SUM(I6:I32) -> 8099996.4 | J33: =SUM(J6:J32) -> 0

Sheet 북큐브
B4: [RS 정산 기준]
B5: 사이트명 | C5: 매출월 | D5: 작품명 | E5: 소비자매출액 | F5: 유통사수수료 | G5: 스토리위즈매출액 | H5: 스토리위즈수익 | I5: 스토리숲 수익 | J5: 비고
B6: 북큐브 | C6: =VLOOKUP(B6,raw_a,2,0) -> 1월분 | D6: 거짓말, 뱀파이어가 어디 있어? | E6: =SUMIFS(전체리스트!D:D,전체리스트!A:A,B6,전체리스트!C:C,D6) -> 34400 | F6: =E6-G6 -> 10320 | G6: =SUMIFS(전체리스트!E:E,전체리스트!A:A,B6,전체리스트!C:C,D6) -> 24080 | H6: =G6*0.05 -> 1204 | I6: =G6-H6 -> 22876
B7: 북큐브 | C7: =VLOOKUP(B7,raw_a,2,0) -> 1월분 | D7: 꿈꾸는 먹잇감 | E7: =SUMIFS(전체리스트!D:D,전체리스트!A:A,B7,전체리스트!C:C,D7) -> 460000 | F7: =E7-G7 -> 138000 | G7: =SUMIFS(전체리스트!E:E,전체리스트!A:A,B7,전체리스트!C:C,D7) -> 322000 | H7: =G7*0.05 -> 16100 | I7: =G7-H7 -> 305900
B8: 북큐브 | C8: =VLOOKUP(B8,raw_a,2,0) -> 1월분 | D8: 꿰인 사이 | E8: =SUMIFS(전체리스트!D:D,전체리스트!A:A,B8,전체리스트!C:C,D8) -> 108500 | F8: =E8-G8 -> 32550 | G8: =SUMIFS(전체리스트!E:E,전체리스트!A:A,B8,전체리스트!C:C,D8) -> 75950 | H8: =G8*0.05 -> 3797.5 | I8: =G8-H8 -> 72152.5
B9: 북큐브 | C9: =VLOOKUP(B9,raw_a,2,0) -> 1월분 | D9: 사랑과 우정 사이에서[성인] | E9: =SUMIFS(전체리스트!D:D,전체리스트!A:A,B9,전체리스트!C:C,D9) -> 10500 | F9: =E9-G9 -> 3150 | G9: =SUMIFS(전체리스트!E:E,전체리스트!A:A,B9,전체리스트!C:C,D9) -> 7350 | H9: =G9*0.05 -> 367.5 | I9: =G9-H9 -> 6982.5
B10: 북큐브 | C10: =VLOOKUP(B10,raw_a,2,0) -> 1월분 | D10: 쌀툰 | E10: =SUMIFS(전체리스트!D:D,전체리스트!A:A,B10,전체리스트!C:C,D10) -> 400 | F10: =E10-G10 -> 120 | G10: =SUMIFS(전체리스트!E:E,전체리스트!A:A,B10,전체리스트!C:C,D10) -> 280 | H10: =G10*0.05 -> 14 | I10: =G10-H10 -> 266
B11: 북큐브 | C11: =VLOOKUP(B11,raw_a,2,0) -> 1월분 | D11: 옆집 최애[성인] | E11: =SUMIFS(전체리스트!D:D,전체리스트!A:A,B11,전체리스트!C:C,D11) -> 13500 | F11: =E11-G11 -> 4050 | G11: =SUMIFS(전체리스트!E:E,전체리스트!A:A,B11,전체리스트!C:C,D11) -> 9450 | H11: =G11*0.05 -> 472.5 | I11: =G11-H11 -> 8977.5
B12: 북큐브 | C12: =VLOOKUP(B12,raw_a,2,0) -> 1월분 | D12: 이혼신청 | E12: =SUMIFS(전체리스트!D:D,전체리스트!A:A,B12,전체리스트!C:C,D12) -> 33600 | F12: =E12-G12 -> 10080 | G12: =SUMIFS(전체리스트!E:E,전체리스트!A:A,B12,전체리스트!C:C,D12) -> 23520 | H12: =G12*0.05 -> 1176 | I12: =G12-H12 -> 22344
B13: 북큐브 | C13: =VLOOKUP(B13,raw_a,2,0) -> 1월분 | D13: 탑배우의 이중생활 | E13: =SUMIFS(전체리스트!D:D,전체리스트!A:A,B13,전체리스트!C:C,D13) -> 300 | F13: =E13-G13 -> 90 | G13: =SUMIFS(전체리스트!E:E,전체리스트!A:A,B13,전체리스트!C:C,D13) -> 210 | H13: =G13*0.05 -> 10.5 | I13: =G13-H13 -> 199.5
B14: 북큐브 | C14: =VLOOKUP(B14,raw_a,2,0) -> 1월분 | D14: 한 번만 부탁해! | E14: =SUMIFS(전체리스트!D:D,전체리스트!A:A,B14,전체리스트!C:C,D14) -> 10000 | F14: =E14-G14 -> 3000 | G14: =SUMIFS(전체리스트!E:E,전체리스트!A:A,B14,전체리스트!C:C,D14) -> 7000 | H14: =G14*0.05 -> 350 | I14: =G14-H14 -> 6650
B15: 북큐브 | C15: =VLOOKUP(B15,raw_a,2,0) -> 1월분 | D15: 한번 해볼래? | E15: =SUMIFS(전체리스트!D:D,전체리스트!A:A,B15,전체리스트!C:C,D15) -> 19000 | F15: =E15-G15 -> 5700 | G15: =SUMIFS(전체리스트!E:E,전체리스트!A:A,B15,전체리스트!C:C,D15) -> 13300 | H15: =G15*0.05 -> 665 | I15: =G15-H15 -> 12635
B16: 북큐브 | C16: =VLOOKUP(B16,raw_a,2,0) -> 1월분 | D16: 호랑이 장가드는 날 | E16: =SUMIFS(전체리스트!D:D,전체리스트!A:A,B16,전체리스트!C:C,D16) -> 209700 | F16: =E16-G16 -> 62910 | G16: =SUMIFS(전체리스트!E:E,전체리스트!A:A,B16,전체리스트!C:C,D16) -> 146790 | H16: =G16*0.05 -> 7339.5 | I16: =G16-H16 -> 139450.5
B17: 합계 | E17: =SUM(E6:E16) -> 899900 | F17: =SUM(F6:F16) -> 269970 | G17: =SUM(G6:G16) -> 629930 | H17: =SUM(H6:H16) -> 31496.5 | I17: =SUM(I6:I16) -> 598433.5 | J17: =SUM(J6:J16) -> 0

Sheet 탑툰
B4: [RS 정산 기준]
B5: 사이트명 | C5: 매출월 | D5: 작품명 | E5: 소비자매출액 | F5: 유통사수수료 | G5: 스토리위즈매출액 | H5: 스토리위즈수익 | I5: 스토리숲 수익 | J5: 비고
B6: 탑툰 | C6: =VLOOKUP(B6,raw_a,2,0) -> 12월분 | D6: 속도위반 대표님과 계약 아내 | E6: =SUMIFS(전체리스트!D:D,전체리스트!A:A,B6,전체리스트!C:C,D6) -> 669024 | F6: =E6-G6 -> 0 | G6: =SUMIFS(전체리스트!E:E,전체리스트!A:A,B6,전체리스트!C:C,D6) -> 669024 | H6: =G6*0.05 -> 33451.2 | I6: =G6-H6 -> 635572.8
B7: 탑툰 | C7: =VLOOKUP(B7,raw_a,2,0) -> 12월분 | D7: 사랑할 수 없는 그녀 | E7: =SUMIFS(전체리스트!D:D,전체리스트!A:A,B7,전체리스트!C:C,D7) -> 38961 | F7: =E7-G7 -> 0 | G7: =SUMIFS(전체리스트!E:E,전체리스트!A:A,B7,전체리스트!C:C,D7) -> 38961 | H7: =G7*0.05 -> 1948.05 | I7: =G7-H7 -> 37012.95
B8: 탑툰 | C8: =VLOOKUP(B8,raw_a,2,0) -> 12월분 | D8: 대표님의 삐뚤어진 사랑 | E8: =SUMIFS(전체리스트!D:D,전체리스트!A:A,B8,전체리스트!C:C,D8) -> 603891 | F8: =E8-G8 -> 0 | G8: =SUMIFS(전체리스트!E:E,전체리스트!A:A,B8,전체리스트!C:C,D8) -> 603891 | H8: =G8*0.05 -> 30194.55 | I8: =G8-H8 -> 573696.45
B9: 탑툰 | C9: =VLOOKUP(B9,raw_a,2,0) -> 12월분 | D9: 대표님, 사모님이 도망가요 | E9: =SUMIFS(전체리스트!D:D,전체리스트!A:A,B9,전체리스트!C:C,D9) -> 332127 | F9: =E9-G9 -> 0 | G9: =SUMIFS(전체리스트!E:E,전체리스트!A:A,B9,전체리스트!C:C,D9) -> 332127 | H9: =G9*0.05 -> 16606.35 | I9: =G9-H9 -> 315520.65
B10: 탑툰 | C10: =VLOOKUP(B10,raw_a,2,0) -> 12월분 | D10: 사랑의 형태: 마음이 향하는 곳 | E10: =SUMIFS(전체리스트!D:D,전체리스트!A:A,B10,전체리스트!C:C,D10) -> 7533 | F10: =E10-G10 -> 0 | G10: =SUMIFS(전체리스트!E:E,전체리스트!A:A,B10,전체리스트!C:C,D10) -> 7533 | H10: =G10*0.05 -> 376.65 | I10: =G10-H10 -> 7156.35
B11: 탑툰 | C11: =VLOOKUP(B11,raw_a,2,0) -> 12월분 | D11: 만지고 싶어 | E11: =SUMIFS(전체리스트!D:D,전체리스트!A:A,B11,전체리스트!C:C,D11) -> 57312 | F11: =E11-G11 -> 0 | G11: =SUMIFS(전체리스트!E:E,전체리스트!A:A,B11,전체리스트!C:C,D11) -> 57312 | H11: =G11*0.05 -> 2865.6 | I11: =G11-H11 -> 54446.4
B12: 탑툰 | C12: =VLOOKUP(B12,raw_a,2,0) -> 12월분 | D12: 너에게만 음성인식 | E12: =SUMIFS(전체리스트!D:D,전체리스트!A:A,B12,전체리스트!C:C,D12) -> 25434 | F12: =E12-G12 -> 0 | G12: =SUMIFS(전체리스트!E:E,전체리스트!A:A,B12,전체리스트!C:C,D12) -> 25434 | H12: =G12*0.05 -> 1271.7 | I12: =G12-H12 -> 24162.3
B13: 합계 | E13: =SUM(E6:E12) -> 1734282 | F13: =SUM(F6:F12) -> 0 | G13: =SUM(G6:G12) -> 1734282 | H13: =SUM(H6:H12) -> 86714.1 | I13: =SUM(I6:I12) -> 1647567.9 | J13: =SUM(J6:J12) -> 0

Sheet 봄툰
B4: [RS 정산 기준]
B5: 사이트명 | C5: 매출월 | D5: 작품명 | E5: 소비자매출액 | F5: 유통사수수료 | G5: 스토리위즈매출액 | H5: 스토리위즈수익 | I5: 스토리숲 수익 | J5: 비고
B6: 봄툰_유통1 | C6: =VLOOKUP(B6,raw_a,2,0) -> 11월분 | D6: 아랫집 웬수 | E6: =SUMIFS(전체리스트!D:D,전체리스트!A:A,B6,전체리스트!C:C,D6) -> 625100 | F6: =E6-G6 -> 312550 | G6: =SUMIFS(전체리스트!E:E,전체리스트!A:A,B6,전체리스트!C:C,D6) -> 312550 | H6: =G6*0.05 -> 15627.5 | I6: =G6-H6 -> 296922.5
B7: 봄툰_유통2 | C7: =VLOOKUP(B7,raw_a,2,0) -> 11월분 | D7: 아랫집 웬수 | E7: =SUMIFS(전체리스트!D:D,전체리스트!A:A,B7,전체리스트!C:C,D7) -> 3150 | F7: =E7-G7 -> 1575 | G7: =SUMIFS(전체리스트!E:E,전체리스트!A:A,B7,전체리스트!C:C,D7) -> 1575 | H7: =G7*0.05 -> 78.75 | I7: =G7-H7 -> 1496.25
B8: 봄툰_유통3 | C8: =VLOOKUP(B8,raw_a,2,0) -> 11월분 | D8: 아랫집 웬수 | E8: =SUMIFS(전체리스트!D:D,전체리스트!A:A,B8,전체리스트!C:C,D8) -> 8400 | F8: =E8-G8 -> 4200 | G8: =SUMIFS(전체리스트!E:E,전체리스트!A:A,B8,전체리스트!C:C,D8) -> 4200 | H8: =G8*0.05 -> 210 | I8: =G8-H8 -> 3990
B9: 봄툰_유통4 | C9: =VLOOKUP(B9,raw_a,2,0) -> 11월분 | D9: 아랫집 웬수 | E9: =SUMIFS(전체리스트!D:D,전체리스트!A:A,B9,전체리스트!C:C,D9) -> 2940 | F9: =E9-G9 -> 1470 | G9: =SUMIFS(전체리스트!E:E,전체리스트!A:A,B9,전체리스트!C:C,D9) -> 1470 | H9: =G9*0.05 -> 73.5 | I9: =G9-H9 -> 1396.5
B10: 봄툰_유통5 | C10: =VLOOKUP(B10,raw_a,2,0) -> 11월분 | D10: 페티쉬 BL 단편선 | E10: =SUMIFS(전체리스트!D:D,전체리스트!A:A,B10,전체리스트!C:C,D10) -> 11760 | F10: =E10-G10 -> 5880 | G10: =SUMIFS(전체리스트!E:E,전체리스트!A:A,B10,전체리스트!C:C,D10) -> 5880 | H10: =G10*0.05 -> 294 | I10: =G10-H10 -> 5586
B11: 봄툰 | C11: =VLOOKUP(B11,raw_a,2,0) -> 12월분 | D11: 명판관 장평 | E11: =SUMIFS(전체리스트!D:D,전체리스트!A:A,B11,전체리스트!C:C,D11) -> 900 | F11: =E11-G11 -> 414 | G11: =SUMIFS(전체리스트!E:E,전체리스트!A:A,B11,전체리스트!C:C,D11) -> 486 | H11: =G11*0.05 -> 24.3 | I11: =G11-H11 -> 461.7
B12: 봄툰 | C12: =VLOOKUP(B12,raw_a,2,0) -> 12월분 | D12: 사랑할 수 없는 그녀 | E12: =SUMIFS(전체리스트!D:D,전체리스트!A:A,B12,전체리스트!C:C,D12) -> 61020 | F12: =E12-G12 -> 30510 | G12: =SUMIFS(전체리스트!E:E,전체리스트!A:A,B12,전체리스트!C:C,D12) -> 30510 | H12: =G12*0.05 -> 1525.5 | I12: =G12-H12 -> 28984.5
B13: 봄툰 | C13: =VLOOKUP(B13,raw_a,2,0) -> 12월분 | D13: 슬기로운 생활(완결) | E13: =SUMIFS(전체리스트!D:D,전체리스트!A:A,B13,전체리스트!C:C,D13) -> 7560 | F13: =E13-G13 -> 4176 | G13: =SUMIFS(전체리스트!E:E,전체리스트!A:A,B13,전체리스트!C:C,D13) -> 3384 | H13: =G13*0.05 -> 169.2 | I13: =G13-H13 -> 3214.8
B14: 봄툰 | C14: =VLOOKUP(B14,raw_a,2,0) -> 12월분 | D14: 아랫집 웬수 | E14: =SUMIFS(전체리스트!D:D,전체리스트!A:A,B14,전체리스트!C:C,D14) -> 458460 | F14: =E14-G14 -> 283257 | G14: =SUMIFS(전체리스트!E:E,전체리스트!A:A,B14,전체리스트!C:C,D14) -> 175203 | H14: =G14*0.05 -> 8760.15 | I14: =G14-H14 -> 166442.85
B15: 봄툰 | C15: =VLOOKUP(B15,raw_a,2,0) -> 12월분 | D15: 악마와 나 사이에는 | E15: =SUMIFS(전체리스트!D:D,전체리스트!A:A,B15,전체리스트!C:C,D15) -> 25200 | F15: =E15-G15 -> 13536 | G15: =SUMIFS(전체리스트!E:E,전체리스트!A:A,B15,전체리스트!C:C,D15) -> 11664 | H15: =G15*0.05 -> 583.2 | I15: =G15-H15 -> 11080.8
B16: 봄툰 | C16: =VLOOKUP(B16,raw_a,2,0) -> 12월분 | D16: 옆집 최애 | E16: =SUMIFS(전체리스트!D:D,전체리스트!A:A,B16,전체리스트!C:C,D16) -> 262440 | F16: =E16-G16 -> 137570 | G16: =SUMIFS(전체리스트!E:E,전체리스트!A:A,B16,전체리스트!C:C,D16) -> 124870 | H16: =G16*0.05 -> 6243.5 | I16: =G16-H16 -> 118626.5
B17: 봄툰 | C17: =VLOOKUP(B17,raw_a,2,0) -> 12월분 | D17: 주작의 귀환 | E17: =SUMIFS(전체리스트!D:D,전체리스트!A:A,B17,전체리스트!C:C,D17) -> 2880 | F17: =E17-G17 -> 1325 | G17: =SUMIFS(전체리스트!E:E,전체리스트!A:A,B17,전체리스트!C:C,D17) -> 1555 | H17: =G17*0.05 -> 77.75 | I17: =G17-H17 -> 1477.25
... B44: 봄툰 | C44: =VLOOKUP(B44,raw_a,2,0) -> 12월분 | D44: 어이상실의 시대 | E44: =SUMIFS(전체리스트!D:D,전체리스트!A:A,B44,전체리스트!C:C,D44) -> 7200 | F44: =E44-G44 -> 2520 | G44: =SUMIFS(전체리스트!E:E,전체리스트!A:A,B44,전체리스트!C:C,D44) -> 4680 | H44: =G44*0.05 -> 234 | I44: =G44-H44 -> 4446
B45: 합계 | E45: =SUM(E6:E44) -> 7149530 | F45: =SUM(F6:F44) -> 3131403 | G45: =SUM(G6:G44) -> 4018127 | H45: =SUM(H6:H44) -> 200906.35 | I45: =SUM(I6:I44) -> 3817220.6 | J45: =SUM(J6:J44) -> 0

Sheet 애니툰
B4: [RS 정산 기준]
B5: 사이트명 | C5: 매출월 | D5: 작품명 | E5: 소비자매출액 | F5: 유통사수수료 | G5: 스토리위즈매출액 | H5: 스토리위즈수익 | I5: 스토리숲 수익 | J5: 비고
B6: 애니툰 | C6: =VLOOKUP(B6,raw_a,2,0) -> 12월분 | D6: 꿈꾸는 먹잇감 | E6: =SUMIFS(전체리스트!D:D,전체리스트!A:A,B6,전체리스트!C:C,D6) -> 3510 | F6: =E6-G6 -> 1053 | G6: =SUMIFS(전체리스트!E:E,전체리스트!A:A,B6,전체리스트!C:C,D6) -> 2457 | H6: =G6*0.05 -> 122.85 | I6: =G6-H6 -> 2334.15
B7: 애니툰 | C7: =VLOOKUP(B7,raw_a,2,0) -> 12월분 | D7: 꿰인 사이 | E7: =SUMIFS(전체리스트!D:D,전체리스트!A:A,B7,전체리스트!C:C,D7) -> 35370 | F7: =E7-G7 -> -11527 | G7: =SUMIFS(전체리스트!E:E,전체리스트!A:A,B7,전체리스트!C:C,D7) -> 46897 | H7: =G7*0.05 -> 2344.85 | I7: =G7-H7 -> 44552.15
B8: 애니툰 | C8: =VLOOKUP(B8,raw_a,2,0) -> 12월분 | D8: 너에게만 음성인식 | E8: =SUMIFS(전체리스트!D:D,전체리스트!A:A,B8,전체리스트!C:C,D8) -> 68175 | F8: =E8-G8 -> 14719.5 | G8: =SUMIFS(전체리스트!E:E,전체리스트!A:A,B8,전체리스트!C:C,D8) -> 53455.5 | H8: =G8*0.05 -> 2672.775 | I8: =G8-H8 -> 50782.725
B9: 애니툰 | C9: =VLOOKUP(B9,raw_a,2,0) -> 12월분 | D9: 대표님, 사모님이 도망가요 | E9: =SUMIFS(전체리스트!D:D,전체리스트!A:A,B9,전체리스트!C:C,D9) -> 709290 | F9: =E9-G9 -> 67963 | G9: =SUMIFS(전체리스트!E:E,전체리스트!A:A,B9,전체리스트!C:C,D9) -> 641327 | H9: =G9*0.05 -> 32066.35 | I9: =G9-H9 -> 609260.65
B10: 애니툰 | C10: =VLOOKUP(B10,raw_a,2,0) -> 12월분 | D10: 대표님의 삐뚤어진 사랑 | E10: =SUMIFS(전체리스트!D:D,전체리스트!A:A,B10,전체리스트!C:C,D10) -> 2176740 | F10: =E10-G10 -> 386746 | G10: =SUMIFS(전체리스트!E:E,전체리스트!A:A,B10,전체리스트!C:C,D10) -> 1789994 | H10: =G10*0.05 -> 89499.7 | I10: =G10-H10 -> 1700494.3
B11: 애니툰 | C11: =VLOOKUP(B11,raw_a,2,0) -> 12월분 | D11: 마녀 따위 안할래요 | E11: =SUMIFS(전체리스트!D:D,전체리스트!A:A,B11,전체리스트!C:C,D11) -> 30780 | F11: =E11-G11 -> 9234 | G11: =SUMIFS(전체리스트!E:E,전체리스트!A:A,B11,전체리스트!C:C,D11) -> 21546 | H11: =G11*0.05 -> 1077.3 | I11: =G11-H11 -> 20468.7
B12: 애니툰 | C12: =VLOOKUP(B12,raw_a,2,0) -> 12월분 | D12: 만지고 싶어! | E12: =SUMIFS(전체리스트!D:D,전체리스트!A:A,B12,전체리스트!C:C,D12) -> 113602.5 | F12: =E12-G12 -> 22173.75 | G12: =SUMIFS(전체리스트!E:E,전체리스트!A:A,B12,전체리스트!C:C,D12) -> 91428.75 | H12: =G12*0.05 -> 4571.4375 | I12: =G12-H12 -> 86857.312
B13: 애니툰 | C13: =VLOOKUP(B13,raw_a,2,0) -> 12월분 | D13: 말도 안되는 관계 [성인판] | E13: =SUMIFS(전체리스트!D:D,전체리스트!A:A,B13,전체리스트!C:C,D13) -> 140400 | F13: =E13-G13 -> 42120 | G13: =SUMIFS(전체리스트!E:E,전체리스트!A:A,B13,전체리스트!C:C,D13) -> 98280 | H13: =G13*0.05 -> 4914 | I13: =G13-H13 -> 93366
B14: 애니툰 | C14: =VLOOKUP(B14,raw_a,2,0) -> 12월분 | D14: 말도 안되는 관계 [일반판] | E14: =SUMIFS(전체리스트!D:D,전체리스트!A:A,B14,전체리스트!C:C,D14) -> 3240 | F14: =E14-G14 -> 972 | G14: =SUMIFS(전체리스트!E:E,전체리스트!A:A,B14,전체리스트!C:C,D14) -> 2268 | H14: =G14*0.05 -> 113.4 | I14: =G14-H14 -> 2154.6
B15: 애니툰 | C15: =VLOOKUP(B15,raw_a,2,0) -> 12월분 | D15: 멍멍이와 주인님 | E15: =SUMIFS(전체리스트!D:D,전체리스트!A:A,B15,전체리스트!C:C,D15) -> 135 | F15: =E15-G15 -> 40.5 | G15: =SUMIFS(전체리스트!E:E,전체리스트!A:A,B15,전체리스트!C:C,D15) -> 94.5 | H15: =G15*0.05 -> 4.725 | I15: =G15-H15 -> 89.775
B16: 애니툰 | C16: =VLOOKUP(B16,raw_a,2,0) -> 12월분 | D16: 명판관 장평 | E16: =SUMIFS(전체리스트!D:D,전체리스트!A:A,B16,전체리스트!C:C,D16) -> 540 | F16: =E16-G16 -> 162 | G16: =SUMIFS(전체리스트!E:E,전체리스트!A:A,B16,전체리스트!C:C,D16) -> 378 | H16: =G16*0.05 -> 18.9 | I16: =G16-H16 -> 359.1
B17: 애니툰 | C17: =VLOOKUP(B17,raw_a,2,0) -> 12월분 | D17: 미니멈 | E17: =SUMIFS(전체리스트!D:D,전체리스트!A:A,B17,전체리스트!C:C,D17) -> 0 | F17: =E17-G17 -> -265 | G17: =SUMIFS(전체리스트!E:E,전체리스트!A:A,B17,전체리스트!C:C,D17) -> 265 | H17: =G17*0.05 -> 13.25 | I17: =G17-H17 -> 251.75
... B41: 애니툰 | C41: =VLOOKUP(B41,raw_a,2,0) -> 12월분 | D41: 호랑이 장가 드는 날(개정판) | E41: =SUMIFS(전체리스트!D:D,전체리스트!A:A,B41,전체리스트!C:C,D41) -> 675 | F41: =E41-G41 -> 202.5 | G41: =SUMIFS(전체리스트!E:E,전체리스트!A:A,B41,전체리스트!C:C,D41) -> 472.5 | H41: =G41*0.05 -> 23.625 | I41: =G41-H41 -> 448.875
B42: 합계 | E42: =SUM(E6:E41) -> 6190222.5 | F42: =SUM(F6:F41) -> 1078566.8 | G42: =SUM(G6:G41) -> 5111655.8 | H42: =SUM(H6:H41) -> 255582.79 | I42: =SUM(I6:I41) -> 4856073 | J42: =SUM(J6:J41) -> 0

Sheet 코미코_한국
B4: [RS 정산 기준]
B5: 사이트명 | C5: 매출월 | D5: 작품명 | E5: 소비자매출액 | F5: 유통사수수료 | G5: 스토리위즈매출액 | H5: 스토리위즈수익 | I5: 스토리숲 수익 | J5: 비고
B6: 코미코_위즈덤 | C6: =VLOOKUP(B6,raw_a,2,0) -> 12월분 | D6: 내 자기님이 로그인 하셨습니다 | E6: =SUMIFS(전체리스트!D:D,전체리스트!A:A,B6,전체리스트!C:C,D6) -> 916470 | F6: =E6-G6 -> 0 | G6: =SUMIFS(전체리스트!E:E,전체리스트!A:A,B6,전체리스트!C:C,D6) -> 916470 | H6: =G6*0.05 -> 45823.5 | I6: =G6-H6 -> 870646.5
B7: 코미코_NHN | C7: =VLOOKUP(B7,raw_a,2,0) -> 1월분 | D7: 거짓말, 뱀파이어가 어디 있어? [완] | E7: =SUMIFS(전체리스트!D:D,전체리스트!A:A,B7,전체리스트!C:C,D7) -> 57700 | F7: =E7-G7 -> 29974 | G7: =SUMIFS(전체리스트!E:E,전체리스트!A:A,B7,전체리스트!C:C,D7) -> 27726 | H7: =G7*0.05 -> 1386.3 | I7: =G7-H7 -> 26339.7
B8: 코미코_NHN | C8: =VLOOKUP(B8,raw_a,2,0) -> 1월분 | D8: 꿈꾸는 먹잇감 | E8: =SUMIFS(전체리스트!D:D,전체리스트!A:A,B8,전체리스트!C:C,D8) -> 107800 | F8: =E8-G8 -> 39606 | G8: =SUMIFS(전체리스트!E:E,전체리스트!A:A,B8,전체리스트!C:C,D8) -> 68194 | H8: =G8*0.05 -> 3409.7 | I8: =G8-H8 -> 64784.3
B9: 코미코_NHN | C9: =VLOOKUP(B9,raw_a,2,0) -> 1월분 | D9: 꿰인 사이 | E9: =SUMIFS(전체리스트!D:D,전체리스트!A:A,B9,전체리스트!C:C,D9) -> 181100 | F9: =E9-G9 -> 91880 | G9: =SUMIFS(전체리스트!E:E,전체리스트!A:A,B9,전체리스트!C:C,D9) -> 89220 | H9: =G9*0.05 -> 4461 | I9: =G9-H9 -> 84759
B10: 코미코_NHN | C10: =VLOOKUP(B10,raw_a,2,0) -> 1월분 | D10: 너에게만 음성인식 | E10: =SUMIFS(전체리스트!D:D,전체리스트!A:A,B10,전체리스트!C:C,D10) -> 110800 | F10: =E10-G10 -> 54097 | G10: =SUMIFS(전체리스트!E:E,전체리스트!A:A,B10,전체리스트!C:C,D10) -> 56703 | H10: =G10*0.05 -> 2835.15 | I10: =G10-H10 -> 53867.85
B11: 코미코_NHN | C11: =VLOOKUP(B11,raw_a,2,0) -> 1월분 | D11: 대표님, 사모님이 도망가요 | E11: =SUMIFS(전체리스트!D:D,전체리스트!A:A,B11,전체리스트!C:C,D11) -> 1622700 | F11: =E11-G11 -> 774441 | G11: =SUMIFS(전체리스트!E:E,전체리스트!A:A,B11,전체리스트!C:C,D11) -> 848259 | H11: =G11*0.05 -> 42412.95 | I11: =G11-H11 -> 805846.05
B12: 코미코_NHN | C12: =VLOOKUP(B12,raw_a,2,0) -> 1월분 | D12: 대표님의 삐뚤어진 사랑 | E12: =SUMIFS(전체리스트!D:D,전체리스트!A:A,B12,전체리스트!C:C,D12) -> 2207500 | F12: =E12-G12 -> 1098481 | G12: =SUMIFS(전체리스트!E:E,전체리스트!A:A,B12,전체리스트!C:C,D12) -> 1109019 | H12: =G12*0.05 -> 55450.95 | I12: =G12-H12 -> 1053568.1
B13: 코미코_NHN | C13: =VLOOKUP(B13,raw_a,2,0) -> 1월분 | D13: 레벨업에 미친 의사 | E13: =SUMIFS(전체리스트!D:D,전체리스트!A:A,B13,전체리스트!C:C,D13) -> 76000 | F13: =E13-G13 -> 32544 | G13: =SUMIFS(전체리스트!E:E,전체리스트!A:A,B13,전체리스트!C:C,D13) -> 43456 | H13: =G13*0.05 -> 2172.8 | I13: =G13-H13 -> 41283.2
B14: 코미코_NHN | C14: =VLOOKUP(B14,raw_a,2,0) -> 1월분 | D14: 마녀 따위 안 할래요 | E14: =SUMIFS(전체리스트!D:D,전체리스트!A:A,B14,전체리스트!C:C,D14) -> 338400 | F14: =E14-G14 -> 123549 | G14: =SUMIFS(전체리스트!E:E,전체리스트!A:A,B14,전체리스트!C:C,D14) -> 214851 | H14: =G14*0.05 -> 10742.55 | I14: =G14-H14 -> 204108.45
B15: 코미코_NHN | C15: =VLOOKUP(B15,raw_a,2,0) -> 1월분 | D15: 만지고 싶어! | E15: =SUMIFS(전체리스트!D:D,전체리스트!A:A,B15,전체리스트!C:C,D15) -> 685000 | F15: =E15-G15 -> 320863 | G15: =SUMIFS(전체리스트!E:E,전체리스트!A:A,B15,전체리스트!C:C,D15) -> 364137 | H15: =G15*0.05 -> 18206.85 | I15: =G15-H15 -> 345930.15
B16: 코미코_NHN | C16: =VLOOKUP(B16,raw_a,2,0) -> 1월분 | D16: 멍멍이와 주인님 [완] | E16: =SUMIFS(전체리스트!D:D,전체리스트!A:A,B16,전체리스트!C:C,D16) -> 300 | F16: =E16-G16 -> 90 | G16: =SUMIFS(전체리스트!E:E,전체리스트!A:A,B16,전체리스트!C:C,D16) -> 210 | H16: =G16*0.05 -> 10.5 | I16: =G16-H16 -> 199.5
B17: 코미코_NHN | C17: =VLOOKUP(B17,raw_a,2,0) -> 1월분 | D17: 사랑과 우정 사이에서 (개정판) | E17: =SUMIFS(전체리스트!D:D,전체리스트!A:A,B17,전체리스트!C:C,D17) -> 92700 | F17: =E17-G17 -> 47286 | G17: =SUMIFS(전체리스트!E:E,전체리스트!A:A,B17,전체리스트!C:C,D17) -> 45414 | H17: =G17*0.05 -> 2270.7 | I17: =G17-H17 -> 43143.3
... B35: 코미코_NHN | C35: =VLOOKUP(B35,raw_a,2,0) -> 1월분 | D35: 호랑이 장가드는 날 [개정판] | E35: =SUMIFS(전체리스트!D:D,전체리스트!A:A,B35,전체리스트!C:C,D35) -> 156600 | F35: =E35-G35 -> 73080 | G35: =SUMIFS(전체리스트!E:E,전체리스트!A:A,B35,전체리스트!C:C,D35) -> 83520 | H35: =G35*0.05 -> 4176 | I35: =G35-H35 -> 79344
B36: 합계 | E36: =SUM(E6:E35) -> 18820970 | F36: =SUM(F6:F35) -> 8344072 | G36: =SUM(G6:G35) -> 10476898 | H36: =SUM(H6:H35) -> 523844.9 | I36: =SUM(I6:I35) -> 9953053.1 | J36: =SUM(J6:J35) -> 0

Sheet 포켓코믹스
B4: [RS 정산 기준]
B5: 사이트명 | C5: 매출월 | D5: 작품명 | E5: 소비자매출액 | F5: 유통사수수료 | G5: 스토리위즈매출액 | H5: 스토리위즈수익 | I5: 스토리숲 수익 | J5: 비고
B6: 포켓코믹스 | C6: =VLOOKUP(B6,raw_a,2,0) -> 12월분 | D6: 내 자기님이 로그인 하셨습니다 | E6: =SUMIFS(전체리스트!D:D,전체리스트!A:A,B6,전체리스트!C:C,D6) -> 1934436 | F6: =E6-G6 -> 0 | G6: =SUMIFS(전체리스트!E:E,전체리스트!A:A,B6,전체리스트!C:C,D6) -> 1934436 | H6: =G6*0.05 -> 96721.8 | I6: =G6-H6 -> 1837714.2
B7: 포켓코믹스 | C7: =VLOOKUP(B7,raw_a,2,0) -> 12월분 | D7: 사랑과 우정사이에서 | E7: =SUMIFS(전체리스트!D:D,전체리스트!A:A,B7,전체리스트!C:C,D7) -> 241642 | F7: =E7-G7 -> 0 | G7: =SUMIFS(전체리스트!E:E,전체리스트!A:A,B7,전체리스트!C:C,D7) -> 241642 | H7: =G7*0.05 -> 12082.1 | I7: =G7-H7 -> 229559.9
B8: 포켓코믹스 | C8: =VLOOKUP(B8,raw_a,2,0) -> 12월분 | D8: 옆집 최애 | E8: =SUMIFS(전체리스트!D:D,전체리스트!A:A,B8,전체리스트!C:C,D8) -> 93340 | F8: =E8-G8 -> 0 | G8: =SUMIFS(전체리스트!E:E,전체리스트!A:A,B8,전체리스트!C:C,D8) -> 93340 | H8: =G8*0.05 -> 4667 | I8: =G8-H8 -> 88673
B9: 포켓코믹스 | C9: =VLOOKUP(B9,raw_a,2,0) -> 12월분 | D9: 한번만 부탁해 | E9: =SUMIFS(전체리스트!D:D,전체리스트!A:A,B9,전체리스트!C:C,D9) -> 972534 | F9: =E9-G9 -> 0 | G9: =SUMIFS(전체리스트!E:E,전체리스트!A:A,B9,전체리스트!C:C,D9) -> 972534 | H9: =G9*0.05 -> 48626.7 | I9: =G9-H9 -> 923907.3
B10: 포켓코믹스 | C10: =VLOOKUP(B10,raw_a,2,0) -> 12월분 | D10: 아랫집 웬수 | E10: =SUMIFS(전체리스트!D:D,전체리스트!A:A,B10,전체리스트!C:C,D10) -> 151738 | F10: =E10-G10 -> 0 | G10: =SUMIFS(전체리스트!E:E,전체리스트!A:A,B10,전체리스트!C:C,D10) -> 151738 | H10: =G10*0.05 -> 7586.9 | I10: =G10-H10 -> 144151.1
B11: 포켓코믹스 | C11: =VLOOKUP(B11,raw_a,2,0) -> 12월분 | D11: 인 유어드림 | E11: =SUMIFS(전체리스트!D:D,전체리스트!A:A,B11,전체리스트!C:C,D11) -> 1686 | F11: =E11-G11 -> 0 | G11: =SUMIFS(전체리스트!E:E,전체리스트!A:A,B11,전체리스트!C:C,D11) -> 1686 | H11: =G11*0.05 -> 84.3 | I11: =G11-H11 -> 1601.7
B12: 합계 | E12: =SUM(E6:E11) -> 3395376 | F12: =SUM(F6:F11) -> 0 | G12: =SUM(G6:G11) -> 3395376 | H12: =SUM(H6:H11) -> 169768.8 | I12: =SUM(I6:I11) -> 3225607.2 | J12: =SUM(J6:J11) -> 0

Sheet 리디북스
B4: [RS 정산 기준]
B5: 사이트명 | C5: 매출월 | D5: 작품명 | E5: 소비자매출액 | F5: 유통사수수료 | G5: 스토리위즈매출액 | H5: 스토리위즈수익 | I5: 스토리숲 수익 | J5: 비고
B6: 리디북스 | C6: =VLOOKUP(B6,raw_a,2,0) -> 11~12월분 | D6: [e북]사랑과 우정 사이에서 | E6: =SUMIFS(전체리스트!D:D,전체리스트!A:A,B6,전체리스트!C:C,D6) -> 129000 | F6: =E6-G6 -> 38700 | G6: =SUMIFS(전체리스트!E:E,전체리스트!A:A,B6,전체리스트!C:C,D6) -> 90300 | H6: =G6*0.05 -> 4515 | I6: =G6-H6 -> 85785
B7: 리디북스 | C7: =VLOOKUP(B7,raw_a,2,0) -> 11~12월분 | D7: [e북]옆집 최애 | E7: =SUMIFS(전체리스트!D:D,전체리스트!A:A,B7,전체리스트!C:C,D7) -> 58800 | F7: =E7-G7 -> 17640 | G7: =SUMIFS(전체리스트!E:E,전체리스트!A:A,B7,전체리스트!C:C,D7) -> 41160 | H7: =G7*0.05 -> 2058 | I7: =G7-H7 -> 39102
B8: 리디북스 | C8: =VLOOKUP(B8,raw_a,2,0) -> 11~12월분 | D8: [e북]탑 배우의 이중생활 | E8: =SUMIFS(전체리스트!D:D,전체리스트!A:A,B8,전체리스트!C:C,D8) -> 30000 | F8: =E8-G8 -> 9000 | G8: =SUMIFS(전체리스트!E:E,전체리스트!A:A,B8,전체리스트!C:C,D8) -> 21000 | H8: =G8*0.05 -> 1050 | I8: =G8-H8 -> 19950
B9: 리디북스 | C9: =VLOOKUP(B9,raw_a,2,0) -> 11~12월분 | D9: 거짓말, 뱀파이어가 어디 있어? | E9: =SUMIFS(전체리스트!D:D,전체리스트!A:A,B9,전체리스트!C:C,D9) -> 48000 | F9: =E9-G9 -> 14400 | G9: =SUMIFS(전체리스트!E:E,전체리스트!A:A,B9,전체리스트!C:C,D9) -> 33600 | H9: =G9*0.05 -> 1680 | I9: =G9-H9 -> 31920
B10: 리디북스 | C10: =VLOOKUP(B10,raw_a,2,0) -> 11~12월분 | D10: 꿰인 사이 | E10: =SUMIFS(전체리스트!D:D,전체리스트!A:A,B10,전체리스트!C:C,D10) -> 837800 | F10: =E10-G10 -> 259224.95 | G10: =SUMIFS(전체리스트!E:E,전체리스트!A:A,B10,전체리스트!C:C,D10) -> 578575.05 | H10: =G10*0.05 -> 28928.752 | I10: =G10-H10 -> 549646.3
B11: 리디북스 | C11: =VLOOKUP(B11,raw_a,2,0) -> 11~12월분 | D11: 너에게만 음성인식 | E11: =SUMIFS(전체리스트!D:D,전체리스트!A:A,B11,전체리스트!C:C,D11) -> 84400 | F11: =E11-G11 -> 26070.4 | G11: =SUMIFS(전체리스트!E:E,전체리스트!A:A,B11,전체리스트!C:C,D11) -> 58329.6 | H11: =G11*0.05 -> 2916.48 | I11: =G11-H11 -> 55413.12
B12: 리디북스 | C12: =VLOOKUP(B12,raw_a,2,0) -> 11~12월분 | D12: 대표님, 사모님이 도망가요 | E12: =SUMIFS(전체리스트!D:D,전체리스트!A:A,B12,전체리스트!C:C,D12) -> 1141000 | F12: =E12-G12 -> 345325.42 | G12: =SUMIFS(전체리스트!E:E,전체리스트!A:A,B12,전체리스트!C:C,D12) -> 795674.58 | H12: =G12*0.05 -> 39783.729 | I12: =G12-H12 -> 755890.85
B13: 리디북스 | C13: =VLOOKUP(B13,raw_a,2,0) -> 11~12월분 | D13: 대표님의 삐뚤어진 사랑 | E13: =SUMIFS(전체리스트!D:D,전체리스트!A:A,B13,전체리스트!C:C,D13) -> 4829400 | F13: =E13-G13 -> 1482141.7 | G13: =SUMIFS(전체리스트!E:E,전체리스트!A:A,B13,전체리스트!C:C,D13) -> 3347258.3 | H13: =G13*0.05 -> 167362.92 | I13: =G13-H13 -> 3179895.4
B14: 리디북스 | C14: =VLOOKUP(B14,raw_a,2,0) -> 11~12월분 | D14: 마녀 따위 안 할래요 | E14: =SUMIFS(전체리스트!D:D,전체리스트!A:A,B14,전체리스트!C:C,D14) -> 28700 | F14: =E14-G14 -> 8610 | G14: =SUMIFS(전체리스트!E:E,전체리스트!A:A,B14,전체리스트!C:C,D14) -> 20090 | H14: =G14*0.05 -> 1004.5 | I14: =G14-H14 -> 19085.5
B15: 리디북스 | C15: =VLOOKUP(B15,raw_a,2,0) -> 11~12월분 | D15: 만지고 싶어! | E15: =SUMIFS(전체리스트!D:D,전체리스트!A:A,B15,전체리스트!C:C,D15) -> 136000 | F15: =E15-G15 -> 41427.2 | G15: =SUMIFS(전체리스트!E:E,전체리스트!A:A,B15,전체리스트!C:C,D15) -> 94572.8 | H15: =G15*0.05 -> 4728.64 | I15: =G15-H15 -> 89844.16
B16: 리디북스 | C16: =VLOOKUP(B16,raw_a,2,0) -> 11~12월분 | D16: 멍멍이와 주인님 | E16: =SUMIFS(전체리스트!D:D,전체리스트!A:A,B16,전체리스트!C:C,D16) -> 100 | F16: =E16-G16 -> 30 | G16: =SUMIFS(전체리스트!E:E,전체리스트!A:A,B16,전체리스트!C:C,D16) -> 70 | H16: =G16*0.05 -> 3.5 | I16: =G16-H16 -> 66.5
B17: 리디북스 | C17: =VLOOKUP(B17,raw_a,2,0) -> 11~12월분 | D17: 명판관 장평 | E17: =SUMIFS(전체리스트!D:D,전체리스트!A:A,B17,전체리스트!C:C,D17) -> 18800 | F17: =E17-G17 -> 5640 | G17: =SUMIFS(전체리스트!E:E,전체리스트!A:A,B17,전체리스트!C:C,D17) -> 13160 | H17: =G17*0.05 -> 658 | I17: =G17-H17 -> 12502
... B42: 리디북스 | C42: =VLOOKUP(B42,raw_a,2,0) -> 11~12월분 | D42: 호랑이 장가드는 날 [개정판] | E42: =SUMIFS(전체리스트!D:D,전체리스트!A:A,B42,전체리스트!C:C,D42) -> 85800 | F42: =E42-G42 -> 28260 | G42: =SUMIFS(전체리스트!E:E,전체리스트!A:A,B42,전체리스트!C:C,D42) -> 57540 | H42: =G42*0.05 -> 2877 | I42: =G42-H42 -> 54663
B43: 합계 | E43: =SUM(E6:E42) -> 11631900 | F43: =SUM(F6:F42) -> 3549561.1 | G43: =SUM(G6:G42) -> 8082338.9 | H43: =SUM(H6:H42) -> 404116.95 | I43: =SUM(I6:I42) -> 7678222 | J43: =SUM(J6:J42) -> 0

Sheet 조아라
B4: [RS 정산 기준]
B5: 사이트명 | C5: 매출월 | D5: 작품명 | E5: 소비자매출액 | F5: 유통사수수료 | G5: 스토리위즈매출액 | H5: 스토리위즈수익 | I5: 스토리숲 수익 | J5: 비고
B6: 조아라 | C6: =VLOOKUP(B6,raw_a,2,0) -> 1월분 | D6: 속도위반 대표님과 계약 아내 | E6: =SUMIFS(전체리스트!D:D,전체리스트!A:A,B6,전체리스트!C:C,D6) -> 120800 | F6: =E6-G6 -> 41072 | G6: =SUMIFS(전체리스트!E:E,전체리스트!A:A,B6,전체리스트!C:C,D6) -> 79728 | H6: =G6*0.05 -> 3986.4 | I6: =G6-H6 -> 75741.6
B7: 조아라 | C7: =VLOOKUP(B7,raw_a,2,0) -> 1월분 | D7: 꿰인 사이 | E7: =SUMIFS(전체리스트!D:D,전체리스트!A:A,B7,전체리스트!C:C,D7) -> 118500 | F7: =E7-G7 -> 40290 | G7: =SUMIFS(전체리스트!E:E,전체리스트!A:A,B7,전체리스트!C:C,D7) -> 78210 | H7: =G7*0.05 -> 3910.5 | I7: =G7-H7 -> 74299.5
B8: 조아라 | C8: =VLOOKUP(B8,raw_a,2,0) -> 1월분 | D8: 마녀 따위 안 할래요 | E8: =SUMIFS(전체리스트!D:D,전체리스트!A:A,B8,전체리스트!C:C,D8) -> 109800 | F8: =E8-G8 -> 37332 | G8: =SUMIFS(전체리스트!E:E,전체리스트!A:A,B8,전체리스트!C:C,D8) -> 72468 | H8: =G8*0.05 -> 3623.4 | I8: =G8-H8 -> 68844.6
B9: 조아라 | C9: =VLOOKUP(B9,raw_a,2,0) -> 1월분 | D9: 대표님의 삐뚤어진 사랑 | E9: =SUMIFS(전체리스트!D:D,전체리스트!A:A,B9,전체리스트!C:C,D9) -> 95400 | F9: =E9-G9 -> 32436 | G9: =SUMIFS(전체리스트!E:E,전체리스트!A:A,B9,전체리스트!C:C,D9) -> 62964 | H9: =G9*0.05 -> 3148.2 | I9: =G9-H9 -> 59815.8
B10: 조아라 | C10: =VLOOKUP(B10,raw_a,2,0) -> 1월분 | D10: 수렁 | E10: =SUMIFS(전체리스트!D:D,전체리스트!A:A,B10,전체리스트!C:C,D10) -> 86300 | F10: =E10-G10 -> 29342 | G10: =SUMIFS(전체리스트!E:E,전체리스트!A:A,B10,전체리스트!C:C,D10) -> 56958 | H10: =G10*0.05 -> 2847.9 | I10: =G10-H10 -> 54110.1
B11: 조아라 | C11: =VLOOKUP(B11,raw_a,2,0) -> 1월분 | D11: 만지고 싶어! | E11: =SUMIFS(전체리스트!D:D,전체리스트!A:A,B11,전체리스트!C:C,D11) -> 52000 | F11: =E11-G11 -> 17680 | G11: =SUMIFS(전체리스트!E:E,전체리스트!A:A,B11,전체리스트!C:C,D11) -> 34320 | H11: =G11*0.05 -> 1716 | I11: =G11-H11 -> 32604
B12: 조아라 | C12: =VLOOKUP(B12,raw_a,2,0) -> 1월분 | D12: 한번 해볼래? | E12: =SUMIFS(전체리스트!D:D,전체리스트!A:A,B12,전체리스트!C:C,D12) -> 24400 | F12: =E12-G12 -> 8296 | G12: =SUMIFS(전체리스트!E:E,전체리스트!A:A,B12,전체리스트!C:C,D12) -> 16104 | H12: =G12*0.05 -> 805.2 | I12: =G12-H12 -> 15298.8
B13: 조아라 | C13: =VLOOKUP(B13,raw_a,2,0) -> 1월분 | D13: 키스했으니 책임져 | E13: =SUMIFS(전체리스트!D:D,전체리스트!A:A,B13,전체리스트!C:C,D13) -> 12000 | F13: =E13-G13 -> 4080 | G13: =SUMIFS(전체리스트!E:E,전체리스트!A:A,B13,전체리스트!C:C,D13) -> 7920 | H13: =G13*0.05 -> 396 | I13: =G13-H13 -> 7524
B14: 조아라 | C14: =VLOOKUP(B14,raw_a,2,0) -> 1월분 | D14: 호랑이 장가드는 날 | E14: =SUMIFS(전체리스트!D:D,전체리스트!A:A,B14,전체리스트!C:C,D14) -> 9000 | F14: =E14-G14 -> 3060 | G14: =SUMIFS(전체리스트!E:E,전체리스트!A:A,B14,전체리스트!C:C,D14) -> 5940 | H14: =G14*0.05 -> 297 | I14: =G14-H14 -> 5643
B15: 조아라 | C15: =VLOOKUP(B15,raw_a,2,0) -> 1월분 | D15: 거짓말, 뱀파이어가 어디 있어? | E15: =SUMIFS(전체리스트!D:D,전체리스트!A:A,B15,전체리스트!C:C,D15) -> 7000 | F15: =E15-G15 -> 2380 | G15: =SUMIFS(전체리스트!E:E,전체리스트!A:A,B15,전체리스트!C:C,D15) -> 4620 | H15: =G15*0.05 -> 231 | I15: =G15-H15 -> 4389
B16: 조아라 | C16: =VLOOKUP(B16,raw_a,2,0) -> 1월분 | D16: 주작의 귀환 | E16: =SUMIFS(전체리스트!D:D,전체리스트!A:A,B16,전체리스트!C:C,D16) -> 6300 | F16: =E16-G16 -> 2142 | G16: =SUMIFS(전체리스트!E:E,전체리스트!A:A,B16,전체리스트!C:C,D16) -> 4158 | H16: =G16*0.05 -> 207.9 | I16: =G16-H16 -> 3950.1
B17: 조아라 | C17: =VLOOKUP(B17,raw_a,2,0) -> 1월분 | D17: 대표님, 사모님이 도망가요 | E17: =SUMIFS(전체리스트!D:D,전체리스트!A:A,B17,전체리스트!C:C,D17) -> 5100 | F17: =E17-G17 -> 1734 | G17: =SUMIFS(전체리스트!E:E,전체리스트!A:A,B17,전체리스트!C:C,D17) -> 3366 | H17: =G17*0.05 -> 168.3 | I17: =G17-H17 -> 3197.7
... B21: 조아라 | C21: =VLOOKUP(B21,raw_a,2,0) -> 1월분 | D21: 두근두근 호기심 컴퍼니 | E21: =SUMIFS(전체리스트!D:D,전체리스트!A:A,B21,전체리스트!C:C,D21) -> 400 | F21: =E21-G21 -> 136 | G21: =SUMIFS(전체리스트!E:E,전체리스트!A:A,B21,전체리스트!C:C,D21) -> 264 | H21: =G21*0.05 -> 13.2 | I21: =G21-H21 -> 250.8
B22: 합계 | E22: =SUM(E6:E21) -> 649800 | F22: =SUM(F6:F21) -> 220932 | G22: =SUM(G6:G21) -> 428868 | H22: =SUM(H6:H21) -> 21443.4 | I22: =SUM(I6:I21) -> 407424.6 | J22: =SUM(J6:J21) -> 0

Sheet 위코믹스_태국
G3: 3개월 평균
B4: [RS 정산 기준] | F4: 환율(THB) | G4: =VLOOKUP(B6,raw_a,6,0) -> 35.81
B5: 사이트명 | C5: 매출월 | D5: 작품명 | E5: 소비자매출액 | F5: 유통사수수료 | G5: 스토리위즈매출액 | H5: 스토리위즈수익 | I5: 스토리숲 수익 | J5: 비고
B6: 위코믹스 | C6: =VLOOKUP(B6,raw_a,2,0) -> 10월분 | D6: 츤데레 흥신소 | E6: =SUMIFS(전체리스트!D:D,전체리스트!A:A,B6,전체리스트!C:C,D6) -> 0 | G6: =SUMIFS(전체리스트!E:E,전체리스트!A:A,B6,전체리스트!C:C,D6) -> 0 | H6: =G6*0.05 -> 0 | I6: =G6-H6 -> 0
B7: 위코믹스 | C7: =VLOOKUP(B7,raw_a,2,0) -> 10월분 | D7: 탑배우의 이중생활 | E7: =SUMIFS(전체리스트!D:D,전체리스트!A:A,B7,전체리스트!C:C,D7) -> 0 | G7: =SUMIFS(전체리스트!E:E,전체리스트!A:A,B7,전체리스트!C:C,D7) -> 0 | H7: =G7*0.05 -> 0 | I7: =G7-H7 -> 0
B8: 위코믹스 | C8: =VLOOKUP(B8,raw_a,2,0) -> 10월분 | D8: 한 집 두 살림 | E8: =SUMIFS(전체리스트!D:D,전체리스트!A:A,B8,전체리스트!C:C,D8) -> 0 | G8: =SUMIFS(전체리스트!E:E,전체리스트!A:A,B8,전체리스트!C:C,D8) -> 0 | H8: =G8*0.05 -> 0 | I8: =G8-H8 -> 0
B9: 위코믹스 | C9: =VLOOKUP(B9,raw_a,2,0) -> 10월분 | D9: 슬기로운 생활 | E9: =SUMIFS(전체리스트!D:D,전체리스트!A:A,B9,전체리스트!C:C,D9) -> 0 | G9: =SUMIFS(전체리스트!E:E,전체리스트!A:A,B9,전체리스트!C:C,D9) -> 0 | H9: =G9*0.05 -> 0 | I9: =G9-H9 -> 0
B10: 위코믹스 | C10: =VLOOKUP(B10,raw_a,2,0) -> 10월분 | D10: 원고를 주세요! | E10: =SUMIFS(전체리스트!D:D,전체리스트!A:A,B10,전체리스트!C:C,D10) -> 0 | G10: =SUMIFS(전체리스트!E:E,전체리스트!A:A,B10,전체리스트!C:C,D10) -> 0 | H10: =G10*0.05 -> 0 | I10: =G10-H10 -> 0
B11: 위코믹스 | C11: =VLOOKUP(B11,raw_a,2,0) -> 10월분 | D11: 아랫집 웬수 | E11: =SUMIFS(전체리스트!D:D,전체리스트!A:A,B11,전체리스트!C:C,D11) -> 0 | G11: =SUMIFS(전체리스트!E:E,전체리스트!A:A,B11,전체리스트!C:C,D11) -> 0 | H11: =G11*0.05 -> 0 | I11: =G11-H11 -> 0
B12: 위코믹스 | C12: =VLOOKUP(B12,raw_a,2,0) -> 10월분 | D12: 말도 안되는 관계 | E12: =SUMIFS(전체리스트!D:D,전체리스트!A:A,B12,전체리스트!C:C,D12) -> 0 | G12: =SUMIFS(전체리스트!E:E,전체리스트!A:A,B12,전체리스트!C:C,D12) -> 0 | H12: =G12*0.05 -> 0 | I12: =G12-H12 -> 0
B13: 위코믹스 | C13: =VLOOKUP(B13,raw_a,2,0) -> 10월분 | D13: BL 패티쉬 단편선 모음 | E13: =SUMIFS(전체리스트!D:D,전체리스트!A:A,B13,전체리스트!C:C,D13) -> 0 | G13: =SUMIFS(전체리스트!E:E,전체리스트!A:A,B13,전체리스트!C:C,D13) -> 0 | H13: =G13*0.05 -> 0 | I13: =G13-H13 -> 0
B14: 위코믹스 | C14: =VLOOKUP(B14,raw_a,2,0) -> 10월분 | D14: 파쿠리인 내가 어시를! | E14: =SUMIFS(전체리스트!D:D,전체리스트!A:A,B14,전체리스트!C:C,D14) -> 0 | G14: =SUMIFS(전체리스트!E:E,전체리스트!A:A,B14,전체리스트!C:C,D14) -> 0 | H14: =G14*0.05 -> 0 | I14: =G14-H14 -> 0
B15: 합계 | E15: =SUM(E6:E14) -> 0 | F15: =SUM(F6:F14) -> 0 | G15: =SUM(G6:G14) -> 0 | H15: =SUM(H6:H14) -> 0 | I15: =SUM(I6:I14) -> 0 | J15: =SUM(J6:J14) -> 0

Sheet 태피툰_영어
B4: [RS 정산 기준]
B5: 사이트명 | C5: 매출월 | D5: 작품명 | E5: 소비자매출액 | F5: 유통사수수료 | G5: 스토리위즈매출액 | H5: 스토리위즈수익 | I5: 스토리숲 수익 | J5: 비고
B6: 태피툰 | C6: =VLOOKUP(B6,raw_a,2,0) -> 11월분 | D6: 인유어드림 | E6: =SUMIFS(전체리스트!D:D,전체리스트!A:A,B6,전체리스트!C:C,D6) -> 1440 | F6: =E6-G6 -> 0 | G6: =SUMIFS(전체리스트!E:E,전체리스트!A:A,B6,전체리스트!C:C,D6) -> 1440 | H6: =G6*0.05 -> 72 | I6: =G6-H6 -> 1368
B7: 태피툰 | C7: =VLOOKUP(B7,raw_a,2,0) -> 11월분 | D7: 옆집최애 | E7: =SUMIFS(전체리스트!D:D,전체리스트!A:A,B7,전체리스트!C:C,D7) -> 240780 | F7: =E7-G7 -> 0 | G7: =SUMIFS(전체리스트!E:E,전체리스트!A:A,B7,전체리스트!C:C,D7) -> 240780 | H7: =G7*0.05 -> 12039 | I7: =G7-H7 -> 228741
B8: 태피툰 | C8: =VLOOKUP(B8,raw_a,2,0) -> 11월분 | D8: 사랑과우정사이에서 | E8: =SUMIFS(전체리스트!D:D,전체리스트!A:A,B8,전체리스트!C:C,D8) -> 171540 | F8: =E8-G8 -> 0 | G8: =SUMIFS(전체리스트!E:E,전체리스트!A:A,B8,전체리스트!C:C,D8) -> 171540 | H8: =G8*0.05 -> 8577 | I8: =G8-H8 -> 162963
B9: 태피툰 | C9: =VLOOKUP(B9,raw_a,2,0) -> 11월분 | D9: 내자기님이로그인하셨습니다 | E9: =SUMIFS(전체리스트!D:D,전체리스트!A:A,B9,전체리스트!C:C,D9) -> 9186300 | F9: =E9-G9 -> 0 | G9: =SUMIFS(전체리스트!E:E,전체리스트!A:A,B9,전체리스트!C:C,D9) -> 9186300 | H9: =G9*0.05 -> 459315 | I9: =G9-H9 -> 8726985
B10: 태피툰 | C10: =VLOOKUP(B10,raw_a,2,0) -> 11월분 | D10: 아랫집웬수 | E10: =SUMIFS(전체리스트!D:D,전체리스트!A:A,B10,전체리스트!C:C,D10) -> 216540 | F10: =E10-G10 -> 0 | G10: =SUMIFS(전체리스트!E:E,전체리스트!A:A,B10,전체리스트!C:C,D10) -> 216540 | H10: =G10*0.05 -> 10827 | I10: =G10-H10 -> 205713
B11: 태피툰 | C11: =VLOOKUP(B11,raw_a,2,0) -> 11월분 | D11: 황비님황비님 | E11: =SUMIFS(전체리스트!D:D,전체리스트!A:A,B11,전체리스트!C:C,D11) -> 9411360 | F11: =E11-G11 -> 0 | G11: =SUMIFS(전체리스트!E:E,전체리스트!A:A,B11,전체리스트!C:C,D11) -> 9411360 | H11: =G11*0.05 -> 470568 | I11: =G11-H11 -> 8940792
B12: 태피툰 | C12: =VLOOKUP(B12,raw_a,2,0) -> 11월분 | D12: 거짓말 뱀파이어가 어디있어 | E12: =SUMIFS(전체리스트!D:D,전체리스트!A:A,B12,전체리스트!C:C,D12) -> 813420 | F12: =E12-G12 -> 0 | G12: =SUMIFS(전체리스트!E:E,전체리스트!A:A,B12,전체리스트!C:C,D12) -> 813420 | H12: =G12*0.05 -> 40671 | I12: =G12-H12 -> 772749
B13: 태피툰 | C13: =VLOOKUP(B13,raw_a,2,0) -> 11월분 | D13: 극한공녀 | E13: =SUMIFS(전체리스트!D:D,전체리스트!A:A,B13,전체리스트!C:C,D13) -> 1477800 | F13: =E13-G13 -> 0 | G13: =SUMIFS(전체리스트!E:E,전체리스트!A:A,B13,전체리스트!C:C,D13) -> 1477800 | H13: =G13*0.05 -> 73890 | I13: =G13-H13 -> 1403910
B14: 태피툰 | C14: =VLOOKUP(B14,raw_a,2,0) -> 11월분 | D14: 프렌시아의꽃 | E14: =SUMIFS(전체리스트!D:D,전체리스트!A:A,B14,전체리스트!C:C,D14) -> 1693800 | F14: =E14-G14 -> 0 | G14: =SUMIFS(전체리스트!E:E,전체리스트!A:A,B14,전체리스트!C:C,D14) -> 1693800 | H14: =G14*0.05 -> 84690 | I14: =G14-H14 -> 1609110
B15: 태피툰 | C15: =VLOOKUP(B15,raw_a,2,0) -> 11월분 | D15: 내자기님이로그인하셨습니다[독일] MG | E15: =SUMIFS(전체리스트!D:D,전체리스트!A:A,B15,전체리스트!C:C,D15) -> 1253520 | F15: =E15-G15 -> 0 | G15: =SUMIFS(전체리스트!E:E,전체리스트!A:A,B15,전체리스트!C:C,D15) -> 1253520 | H15: =G15*0.05 -> 62676 | I15: =G15-H15 -> 1190844
B16: 태피툰 | C16: =VLOOKUP(B16,raw_a,2,0) -> 11월분 | D16: 황비님황비님[독일] MG | E16: =SUMIFS(전체리스트!D:D,전체리스트!A:A,B16,전체리스트!C:C,D16) -> 754020 | F16: =E16-G16 -> 0 | G16: =SUMIFS(전체리스트!E:E,전체리스트!A:A,B16,전체리스트!C:C,D16) -> 754020 | H16: =G16*0.05 -> 37701 | I16: =G16-H16 -> 716319
B17: 태피툰 | C17: =VLOOKUP(B17,raw_a,2,0) -> 11월분 | D17: 프렌시아의꽃[독일] MG | E17: =SUMIFS(전체리스트!D:D,전체리스트!A:A,B17,전체리스트!C:C,D17) -> 377460 | F17: =E17-G17 -> 0 | G17: =SUMIFS(전체리스트!E:E,전체리스트!A:A,B17,전체리스트!C:C,D17) -> 377460 | H17: =G17*0.05 -> 18873 | I17: =G17-H17 -> 358587
... B21: 태피툰 | C21: =VLOOKUP(B21,raw_a,2,0) -> 11월분 | D21: 귀신보는 공작부인[독일] MG | E21: =SUMIFS(전체리스트!D:D,전체리스트!A:A,B21,전체리스트!C:C,D21) -> 173520 | F21: =E21-G21 -> 0 | G21: =SUMIFS(전체리스트!E:E,전체리스트!A:A,B21,전체리스트!C:C,D21) -> 173520 | H21: =G21*0.05 -> 8676 | I21: =G21-H21 -> 164844
B22: 합계 | E22: =SUM(E6:E21) -> 27483480 | F22: =SUM(F6:F21) -> 0 | G22: =SUM(G6:G21) -> 27483480 | H22: =SUM(H6:H21) -> 1374174 | I22: =SUM(I6:I21) -> 26109306 | J22: =SUM(J6:J21) -> 0

Sheet 델리툰
B4: [RS 정산 기준]
B5: 사이트명 | C5: 매출월 | D5: 작품명 | E5: 소비자매출액 | F5: 유통사수수료 | G5: 스토리위즈매출액 | H5: 스토리위즈수익 | I5: 스토리숲 수익 | J5: 비고
B6: 델리툰_프랑스 | C6: =VLOOKUP(B6,raw_a,2,0) -> 12월분 | D6: 황비님? 황비님! | E6: =SUMIFS(전체리스트!D:D,전체리스트!A:A,B6,전체리스트!C:C,D6) -> 2257323 | F6: =E6-G6 -> 0 | G6: =SUMIFS(전체리스트!E:E,전체리스트!A:A,B6,전체리스트!C:C,D6) -> 2257323 | H6: =G6*0.05 -> 112866.15 | I6: =G6-H6 -> 2144456.9
B7: 델리툰_프랑스 | C7: =VLOOKUP(B7,raw_a,2,0) -> 12월분 | D7: 프렌시아의 꽃 | E7: =SUMIFS(전체리스트!D:D,전체리스트!A:A,B7,전체리스트!C:C,D7) -> 699701 | F7: =E7-G7 -> 0 | G7: =SUMIFS(전체리스트!E:E,전체리스트!A:A,B7,전체리스트!C:C,D7) -> 699701 | H7: =G7*0.05 -> 34985.05 | I7: =G7-H7 -> 664715.95
B8: 델리툰_프랑스 | C8: =VLOOKUP(B8,raw_a,2,0) -> 12월분 | D8: 호랑이 장가 드는 날 | E8: =SUMIFS(전체리스트!D:D,전체리스트!A:A,B8,전체리스트!C:C,D8) -> 407044 | F8: =E8-G8 -> 0 | G8: =SUMIFS(전체리스트!E:E,전체리스트!A:A,B8,전체리스트!C:C,D8) -> 407044 | H8: =G8*0.05 -> 20352.2 | I8: =G8-H8 -> 386691.8
B9: 델리툰_프랑스 | C9: =VLOOKUP(B9,raw_a,2,0) -> 12월분 | D9: 내 자기님이 로그인 하셨습니다 | E9: =SUMIFS(전체리스트!D:D,전체리스트!A:A,B9,전체리스트!C:C,D9) -> 385468 | F9: =E9-G9 -> 0 | G9: =SUMIFS(전체리스트!E:E,전체리스트!A:A,B9,전체리스트!C:C,D9) -> 385468 | H9: =G9*0.05 -> 19273.4 | I9: =G9-H9 -> 366194.6
B10: 델리툰_프랑스 | C10: =VLOOKUP(B10,raw_a,2,0) -> 12월분 | D10: 극한공녀 | E10: =SUMIFS(전체리스트!D:D,전체리스트!A:A,B10,전체리스트!C:C,D10) -> 314805 | F10: =E10-G10 -> 0 | G10: =SUMIFS(전체리스트!E:E,전체리스트!A:A,B10,전체리스트!C:C,D10) -> 314805 | H10: =G10*0.05 -> 15740.25 | I10: =G10-H10 -> 299064.75
B11: 델리툰_프랑스 | C11: =VLOOKUP(B11,raw_a,2,0) -> 12월분 | D11: 사랑과 우정 사이에서 | E11: =SUMIFS(전체리스트!D:D,전체리스트!A:A,B11,전체리스트!C:C,D11) -> 172295 | F11: =E11-G11 -> 0 | G11: =SUMIFS(전체리스트!E:E,전체리스트!A:A,B11,전체리스트!C:C,D11) -> 172295 | H11: =G11*0.05 -> 8614.75 | I11: =G11-H11 -> 163680.25
B12: 델리툰_프랑스 | C12: =VLOOKUP(B12,raw_a,2,0) -> 12월분 | D12: 아랫집 웬수 | E12: =SUMIFS(전체리스트!D:D,전체리스트!A:A,B12,전체리스트!C:C,D12) -> 171247 | F12: =E12-G12 -> 0 | G12: =SUMIFS(전체리스트!E:E,전체리스트!A:A,B12,전체리스트!C:C,D12) -> 171247 | H12: =G12*0.05 -> 8562.35 | I12: =G12-H12 -> 162684.65
B13: 델리툰_프랑스 | C13: =VLOOKUP(B13,raw_a,2,0) -> 12월분 | D13: 옆집최애 | E13: =SUMIFS(전체리스트!D:D,전체리스트!A:A,B13,전체리스트!C:C,D13) -> 142524 | F13: =E13-G13 -> 0 | G13: =SUMIFS(전체리스트!E:E,전체리스트!A:A,B13,전체리스트!C:C,D13) -> 142524 | H13: =G13*0.05 -> 7126.2 | I13: =G13-H13 -> 135397.8
B14: 델리툰_프랑스 | C14: =VLOOKUP(B14,raw_a,2,0) -> 12월분 | D14: 파쿠리인 내가 어시를 | E14: =SUMIFS(전체리스트!D:D,전체리스트!A:A,B14,전체리스트!C:C,D14) -> 129619 | F14: =E14-G14 -> 0 | G14: =SUMIFS(전체리스트!E:E,전체리스트!A:A,B14,전체리스트!C:C,D14) -> 129619 | H14: =G14*0.05 -> 6480.95 | I14: =G14-H14 -> 123138.05
B15: 델리툰_프랑스 | C15: =VLOOKUP(B15,raw_a,2,0) -> 12월분 | D15: 거짓말! 뱀파이어가 어디 있어! | E15: =SUMIFS(전체리스트!D:D,전체리스트!A:A,B15,전체리스트!C:C,D15) -> 120036 | F15: =E15-G15 -> 0 | G15: =SUMIFS(전체리스트!E:E,전체리스트!A:A,B15,전체리스트!C:C,D15) -> 120036 | H15: =G15*0.05 -> 6001.8 | I15: =G15-H15 -> 114034.2
B16: 델리툰_프랑스 | C16: =VLOOKUP(B16,raw_a,2,0) -> 12월분 | D16: 한번만 부탁해 | E16: =SUMIFS(전체리스트!D:D,전체리스트!A:A,B16,전체리스트!C:C,D16) -> 100897 | F16: =E16-G16 -> 0 | G16: =SUMIFS(전체리스트!E:E,전체리스트!A:A,B16,전체리스트!C:C,D16) -> 100897 | H16: =G16*0.05 -> 5044.85 | I16: =G16-H16 -> 95852.15
B17: 델리툰_프랑스 | C17: =VLOOKUP(B17,raw_a,2,0) -> 12월분 | D17: 어이상실의 시대 | E17: =SUMIFS(전체리스트!D:D,전체리스트!A:A,B17,전체리스트!C:C,D17) -> 74651 | F17: =E17-G17 -> 0 | G17: =SUMIFS(전체리스트!E:E,전체리스트!A:A,B17,전체리스트!C:C,D17) -> 74651 | H17: =G17*0.05 -> 3732.55 | I17: =G17-H17 -> 70918.45
... B22: 델리툰_독일 | C22: =VLOOKUP(B22,raw_a,2,0) -> 12월분 | D22: 아랫집 웬수 | E22: =SUMIFS(전체리스트!D:D,전체리스트!A:A,B22,전체리스트!C:C,D22) -> 29253 | F22: =E22-G22 -> 0 | G22: =SUMIFS(전체리스트!E:E,전체리스트!A:A,B22,전체리스트!C:C,D22) -> 29253 | H22: =G22*0.05 -> 1462.65 | I22: =G22-H22 -> 27790.35
B23: 합계 | E23: =SUM(E6:E22) -> 5334968 | F23: =SUM(F6:F22) -> 0 | G23: =SUM(G6:G22) -> 5334968 | H23: =SUM(H6:H22) -> 266748.4 | I23: =SUM(I6:I22) -> 5068219.6 | J23: =SUM(J6:J22) -> 0

Sheet 픽코마_일본
B4: [RS 정산 기준]
B5: 사이트명 | C5: 매출월 | D5: 작품명 | E5: 소비자매출액 | F5: 유통사수수료 | G5: 스토리위즈매출액 | H5: 스토리위즈수익 | I5: 스토리숲 수익 | J5: 비고
B6: 픽코마_일본 | C6: =VLOOKUP(B6,raw_a,2,0) -> 12월분 | D6: 옆집 최애 | E6: =SUMIFS(전체리스트!D:D,전체리스트!A:A,B6,전체리스트!C:C,D6) -> 205450 | F6: =E6-G6 -> 0 | G6: =SUMIFS(전체리스트!E:E,전체리스트!A:A,B6,전체리스트!C:C,D6) -> 205450 | H6: =G6*0.05 -> 10272.5 | I6: =G6-H6 -> 195177.5
B7: 픽코마_일본 | C7: =VLOOKUP(B7,raw_a,2,0) -> 12월분 | D7: 내자기님이 로그인하셨습니다 | E7: =SUMIFS(전체리스트!D:D,전체리스트!A:A,B7,전체리스트!C:C,D7) -> 1477224 | F7: =E7-G7 -> 0 | G7: =SUMIFS(전체리스트!E:E,전체리스트!A:A,B7,전체리스트!C:C,D7) -> 1477224 | H7: =G7*0.05 -> 73861.2 | I7: =G7-H7 -> 1403362.8
B8: 픽코마_일본 | C8: =VLOOKUP(B8,raw_a,2,0) -> 12월분 | D8: 츤데레 흥신소 | E8: =SUMIFS(전체리스트!D:D,전체리스트!A:A,B8,전체리스트!C:C,D8) -> 18157 | F8: =E8-G8 -> 0 | G8: =SUMIFS(전체리스트!E:E,전체리스트!A:A,B8,전체리스트!C:C,D8) -> 18157 | H8: =G8*0.05 -> 907.85 | I8: =G8-H8 -> 17249.15
B9: 픽코마_일본 | C9: =VLOOKUP(B9,raw_a,2,0) -> 12월분 | D9: 츤데레 흥신소 -WEB한정버전- | E9: =SUMIFS(전체리스트!D:D,전체리스트!A:A,B9,전체리스트!C:C,D9) -> 2008 | F9: =E9-G9 -> 0 | G9: =SUMIFS(전체리스트!E:E,전체리스트!A:A,B9,전체리스트!C:C,D9) -> 2008 | H9: =G9*0.05 -> 100.4 | I9: =G9-H9 -> 1907.6
B10: 픽코마_일본 | C10: =VLOOKUP(B10,raw_a,2,0) -> 12월분 | D10: 사랑과 우정사이에서 | E10: =SUMIFS(전체리스트!D:D,전체리스트!A:A,B10,전체리스트!C:C,D10) -> 559847 | F10: =E10-G10 -> 0 | G10: =SUMIFS(전체리스트!E:E,전체리스트!A:A,B10,전체리스트!C:C,D10) -> 559847 | H10: =G10*0.05 -> 27992.35 | I10: =G10-H10 -> 531854.65
B11: 픽코마_일본 | C11: =VLOOKUP(B11,raw_a,2,0) -> 12월분 | D11: 말도 안되는 관계 | E11: =SUMIFS(전체리스트!D:D,전체리스트!A:A,B11,전체리스트!C:C,D11) -> 214856 | F11: =E11-G11 -> 0 | G11: =SUMIFS(전체리스트!E:E,전체리스트!A:A,B11,전체리스트!C:C,D11) -> 214856 | H11: =G11*0.05 -> 10742.8 | I11: =G11-H11 -> 204113.2
B12: 픽코마_일본 | C12: =VLOOKUP(B12,raw_a,2,0) -> 12월분 | D12: 파쿠리인 내가 어시를?! | E12: =SUMIFS(전체리스트!D:D,전체리스트!A:A,B12,전체리스트!C:C,D12) -> 90749 | F12: =E12-G12 -> 0 | G12: =SUMIFS(전체리스트!E:E,전체리스트!A:A,B12,전체리스트!C:C,D12) -> 90749 | H12: =G12*0.05 -> 4537.45 | I12: =G12-H12 -> 86211.55
B13: 픽코마_일본 | C13: =VLOOKUP(B13,raw_a,2,0) -> 12월분 | D13: 슬기로운 생활 | E13: =SUMIFS(전체리스트!D:D,전체리스트!A:A,B13,전체리스트!C:C,D13) -> 19613 | F13: =E13-G13 -> 0 | G13: =SUMIFS(전체리스트!E:E,전체리스트!A:A,B13,전체리스트!C:C,D13) -> 19613 | H13: =G13*0.05 -> 980.65 | I13: =G13-H13 -> 18632.35
B14: 픽코마_일본 | C14: =VLOOKUP(B14,raw_a,2,0) -> 12월분 | D14: 거짓말, 뱀파이어가 어디 있어? | E14: =SUMIFS(전체리스트!D:D,전체리스트!A:A,B14,전체리스트!C:C,D14) -> 275695 | F14: =E14-G14 -> 0 | G14: =SUMIFS(전체리스트!E:E,전체리스트!A:A,B14,전체리스트!C:C,D14) -> 275695 | H14: =G14*0.05 -> 13784.75 | I14: =G14-H14 -> 261910.25
B15: 픽코마_일본 | C15: =VLOOKUP(B15,raw_a,2,0) -> 12월분 | D15: 황비님!? 황비님! | E15: =SUMIFS(전체리스트!D:D,전체리스트!A:A,B15,전체리스트!C:C,D15) -> 3782483 | F15: =E15-G15 -> 0 | G15: =SUMIFS(전체리스트!E:E,전체리스트!A:A,B15,전체리스트!C:C,D15) -> 3782483 | H15: =G15*0.05 -> 189124.15 | I15: =G15-H15 -> 3593358.9
B16: 픽코마_일본 | C16: =VLOOKUP(B16,raw_a,2,0) -> 12월분 | D16: 프렌시아의 꽃 | E16: =SUMIFS(전체리스트!D:D,전체리스트!A:A,B16,전체리스트!C:C,D16) -> 451989 | F16: =E16-G16 -> 0 | G16: =SUMIFS(전체리스트!E:E,전체리스트!A:A,B16,전체리스트!C:C,D16) -> 451989 | H16: =G16*0.05 -> 22599.45 | I16: =G16-H16 -> 429389.55
B17: 픽코마_일본 | C17: =VLOOKUP(B17,raw_a,2,0) -> 12월분 | D17: 극한 공녀 | E17: =SUMIFS(전체리스트!D:D,전체리스트!A:A,B17,전체리스트!C:C,D17) -> 1243141 | F17: =E17-G17 -> 0 | G17: =SUMIFS(전체리스트!E:E,전체리스트!A:A,B17,전체리스트!C:C,D17) -> 1243141 | H17: =G17*0.05 -> 62157.05 | I17: =G17-H17 -> 1180983.9
B18: 픽코마_일본 | C18: =VLOOKUP(B18,raw_a,2,0) -> 12월분 | D18: In Your Dream | E18: =SUMIFS(전체리스트!D:D,전체리스트!A:A,B18,전체리스트!C:C,D18) -> 10591 | F18: =E18-G18 -> 0 | G18: =SUMIFS(전체리스트!E:E,전체리스트!A:A,B18,전체리스트!C:C,D18) -> 10591 | H18: =G18*0.05 -> 529.55 | I18: =G18-H18 -> 10061.45
B19: 합계 | E19: =SUM(E6:E18) -> 8351803 | F19: =SUM(F6:F18) -> 0 | G19: =SUM(G6:G18) -> 8351803 | H19: =SUM(H6:H18) -> 417590.15 | I19: =SUM(I6:I18) -> 7934212.9 | J19: =SUM(J6:J18) -> 0

Sheet 픽코마_동영상
B4: [RS 정산 기준]
B5: 사이트명 | C5: 매출월 | D5: 작품명 | E5: 소비자매출액 | F5: 유통사수수료 | G5: 스토리위즈매출액 | H5: 스토리위즈수익 | I5: 스토리숲 수익 | J5: 비고
B6: 픽코마_동영상 | C6: =VLOOKUP(B6,raw_a,2,0) -> 9월분 | D6: In Your Dream | E6: =SUMIFS(전체리스트!D:D,전체리스트!A:A,B6,전체리스트!C:C,D6) -> 1531 | F6: =E6-G6 -> 0 | G6: =SUMIFS(전체리스트!E:E,전체리스트!A:A,B6,전체리스트!C:C,D6) -> 1531 | H6: =G6*0.05 -> 76.55 | I6: =G6-H6 -> 1454.45
B7: 픽코마_동영상 | C7: =VLOOKUP(B7,raw_a,2,0) -> 9월분 | D7: 말도 안되는 관계 | E7: =SUMIFS(전체리스트!D:D,전체리스트!A:A,B7,전체리스트!C:C,D7) -> 25668 | F7: =E7-G7 -> 0 | G7: =SUMIFS(전체리스트!E:E,전체리스트!A:A,B7,전체리스트!C:C,D7) -> 25668 | H7: =G7*0.05 -> 1283.4 | I7: =G7-H7 -> 24384.6
B8: 픽코마_동영상 | C8: =VLOOKUP(B8,raw_a,2,0) -> 9월분 | D8: 츤데레 흥신소 | E8: =SUMIFS(전체리스트!D:D,전체리스트!A:A,B8,전체리스트!C:C,D8) -> 6159 | F8: =E8-G8 -> 0 | G8: =SUMIFS(전체리스트!E:E,전체리스트!A:A,B8,전체리스트!C:C,D8) -> 6159 | H8: =G8*0.05 -> 307.95 | I8: =G8-H8 -> 5851.05
B9: 픽코마_동영상 | C9: =VLOOKUP(B9,raw_a,2,0) -> 9월분 | D9: 내자기님이 로그인하셨습니다 | E9: =SUMIFS(전체리스트!D:D,전체리스트!A:A,B9,전체리스트!C:C,D9) -> 75796 | F9: =E9-G9 -> 0 | G9: =SUMIFS(전체리스트!E:E,전체리스트!A:A,B9,전체리스트!C:C,D9) -> 75796 | H9: =G9*0.05 -> 3789.8 | I9: =G9-H9 -> 72006.2
B10: 픽코마_동영상 | C10: =VLOOKUP(B10,raw_a,2,0) -> 9월분 | D10: 파쿠리인 내가 어시를? | E10: =SUMIFS(전체리스트!D:D,전체리스트!A:A,B10,전체리스트!C:C,D10) -> 26601 | F10: =E10-G10 -> 0 | G10: =SUMIFS(전체리스트!E:E,전체리스트!A:A,B10,전체리스트!C:C,D10) -> 26601 | H10: =G10*0.05 -> 1330.05 | I10: =G10-H10 -> 25270.95
B11: 픽코마_동영상 | C11: =VLOOKUP(B11,raw_a,2,0) -> 9월분 | D11: 거짓말 뱀파이어가 어디있어? | E11: =SUMIFS(전체리스트!D:D,전체리스트!A:A,B11,전체리스트!C:C,D11) -> 63326 | F11: =E11-G11 -> 0 | G11: =SUMIFS(전체리스트!E:E,전체리스트!A:A,B11,전체리스트!C:C,D11) -> 63326 | H11: =G11*0.05 -> 3166.3 | I11: =G11-H11 -> 60159.7
B12: 픽코마_동영상 | C12: =VLOOKUP(B12,raw_a,2,0) -> 9월분 | D12: 사랑과 우정사이에서 | E12: =SUMIFS(전체리스트!D:D,전체리스트!A:A,B12,전체리스트!C:C,D12) -> 62868 | F12: =E12-G12 -> 0 | G12: =SUMIFS(전체리스트!E:E,전체리스트!A:A,B12,전체리스트!C:C,D12) -> 62868 | H12: =G12*0.05 -> 3143.4 | I12: =G12-H12 -> 59724.6
B13: 픽코마_동영상 | C13: =VLOOKUP(B13,raw_a,2,0) -> 9월분 | D13: 슬기로운 생활 | E13: =SUMIFS(전체리스트!D:D,전체리스트!A:A,B13,전체리스트!C:C,D13) -> 5963 | F13: =E13-G13 -> 0 | G13: =SUMIFS(전체리스트!E:E,전체리스트!A:A,B13,전체리스트!C:C,D13) -> 5963 | H13: =G13*0.05 -> 298.15 | I13: =G13-H13 -> 5664.85
B14: 픽코마_동영상 | C14: =VLOOKUP(B14,raw_a,2,0) -> 9월분 | D14: 옆집 최애 | E14: =SUMIFS(전체리스트!D:D,전체리스트!A:A,B14,전체리스트!C:C,D14) -> 17426 | F14: =E14-G14 -> 0 | G14: =SUMIFS(전체리스트!E:E,전체리스트!A:A,B14,전체리스트!C:C,D14) -> 17426 | H14: =G14*0.05 -> 871.3 | I14: =G14-H14 -> 16554.7
B15: 합계 | E15: =SUM(E6:E14) -> 285338 | F15: =SUM(F6:F14) -> 0 | G15: =SUM(G6:G14) -> 285338 | H15: =SUM(H6:H14) -> 14266.9 | I15: =SUM(I6:I14) -> 271071.1 | J15: =SUM(J6:J14) -> 0

Sheet 네오바자르_인도네시아
B4: [RS 정산 기준]
B5: 사이트명 | C5: 매출월 | D5: 작품명 | E5: 소비자매출액 | F5: 유통사수수료 | G5: 스토리위즈매출액 | H5: 스토리위즈수익 | I5: 스토리숲 수익 | J5: 비고
B6: 네오바자르 | C6: =VLOOKUP(B6,raw_a,2,0) -> 12월분 | D6: 황비님 황비님 | E6: =SUMIFS(전체리스트!D:D,전체리스트!A:A,B6,전체리스트!C:C,D6) -> 64564 | F6: =E6-G6 -> 0 | G6: =SUMIFS(전체리스트!E:E,전체리스트!A:A,B6,전체리스트!C:C,D6) -> 64564 | H6: =G6*0.05 -> 3228.2 | I6: =G6-H6 -> 61335.8
B7: 네오바자르 | C7: =VLOOKUP(B7,raw_a,2,0) -> 12월분 | D7: 프렌시아의 꽃 | E7: =SUMIFS(전체리스트!D:D,전체리스트!A:A,B7,전체리스트!C:C,D7) -> 13499.45 | F7: =E7-G7 -> 0 | G7: =SUMIFS(전체리스트!E:E,전체리스트!A:A,B7,전체리스트!C:C,D7) -> 13499.45 | H7: =G7*0.05 -> 674.9725 | I7: =G7-H7 -> 12824.478
B8: 네오바자르 | C8: =VLOOKUP(B8,raw_a,2,0) -> 12월분 | D8: 극한공녀 | E8: =SUMIFS(전체리스트!D:D,전체리스트!A:A,B8,전체리스트!C:C,D8) -> 27577.45 | F8: =E8-G8 -> 0 | G8: =SUMIFS(전체리스트!E:E,전체리스트!A:A,B8,전체리스트!C:C,D8) -> 27577.45 | H8: =G8*0.05 -> 1378.8725 | I8: =G8-H8 -> 26198.577
B9: 합계 | E9: =SUM(E6:E8) -> 105640.9 | F9: =SUM(F6:F8) -> 0 | G9: =SUM(G6:G8) -> 105640.9 | H9: =SUM(H6:H8) -> 5282.045 | I9: =SUM(I6:I8) -> 100358.85 | J9: =SUM(J6:J8) -> 0

Sheet 코미코_태국
G3: 3개월 평균
B4: [RS 정산 기준] | F4: 환율(THB) | G4: =VLOOKUP(B6,raw_a,6,0) -> 35.76
B5: 사이트명 | C5: 매출월 | D5: 작품명 | E5: 소비자매출액 | F5: 유통사수수료 | G5: 스토리위즈매출액 | H5: 스토리위즈수익 | I5: 스토리숲 수익 | J5: 비고
B6: 코미코_태국 | C6: =VLOOKUP(B6,raw_a,2,0) -> 12월분 | D6: 옆집 최애 개정판 | E6: =SUMIFS(전체리스트!D:D,전체리스트!A:A,B6,전체리스트!C:C,D6) -> 402.36 | G6: =SUMIFS(전체리스트!E:E,전체리스트!A:A,B6,전체리스트!C:C,D6) -> 14388.394 | H6: =G6*0.05 -> 719.41968 | I6: =G6-H6 -> 13668.974
B7: 코미코_태국 | C7: =VLOOKUP(B7,raw_a,2,0) -> 12월분 | D7: 내 자기님이 로그인 하셨습니다 | E7: =SUMIFS(전체리스트!D:D,전체리스트!A:A,B7,전체리스트!C:C,D7) -> 6264.56 | G7: =SUMIFS(전체리스트!E:E,전체리스트!A:A,B7,전체리스트!C:C,D7) -> 224020.67 | H7: =G7*0.05 -> 11201.033 | I7: =G7-H7 -> 212819.63
B8: 코미코_태국 | C8: =VLOOKUP(B8,raw_a,2,0) -> 12월분 | D8: 사랑과 우정 사이에서 개정판 | E8: =SUMIFS(전체리스트!D:D,전체리스트!A:A,B8,전체리스트!C:C,D8) -> 1058.86 | G8: =SUMIFS(전체리스트!E:E,전체리스트!A:A,B8,전체리스트!C:C,D8) -> 37864.834 | H8: =G8*0.05 -> 1893.2417 | I8: =G8-H8 -> 35971.592
B9: 코미코_태국 | C9: =VLOOKUP(B9,raw_a,2,0) -> 12월분 | D9: 거짓말, 뱀파이어가 어디있어? | E9: =SUMIFS(전체리스트!D:D,전체리스트!A:A,B9,전체리스트!C:C,D9) -> 6157.15 | G9: =SUMIFS(전체리스트!E:E,전체리스트!A:A,B9,전체리스트!C:C,D9) -> 220179.68 | H9: =G9*0.05 -> 11008.984 | I9: =G9-H9 -> 209170.7
B10: 코미코_태국 | C10: =VLOOKUP(B10,raw_a,2,0) -> 12월분 | D10: 황비님? 황비님! | E10: =SUMIFS(전체리스트!D:D,전체리스트!A:A,B10,전체리스트!C:C,D10) -> 11148.92 | G10: =SUMIFS(전체리스트!E:E,전체리스트!A:A,B10,전체리스트!C:C,D10) -> 398685.38 | H10: =G10*0.05 -> 19934.269 | I10: =G10-H10 -> 378751.11
B11: 코미코_태국 | C11: =VLOOKUP(B11,raw_a,2,0) -> 12월분 | D11: 극한공녀 | E11: =SUMIFS(전체리스트!D:D,전체리스트!A:A,B11,전체리스트!C:C,D11) -> 1783.39 | G11: =SUMIFS(전체리스트!E:E,전체리스트!A:A,B11,전체리스트!C:C,D11) -> 63774.026 | H11: =G11*0.05 -> 3188.7013 | I11: =G11-H11 -> 60585.325
B12: 코미코_태국 | C12: =VLOOKUP(B12,raw_a,2,0) -> 12월분 | D12: 프렌시아의 꽃! | E12: =SUMIFS(전체리스트!D:D,전체리스트!A:A,B12,전체리스트!C:C,D12) -> 1147.15 | G12: =SUMIFS(전체리스트!E:E,전체리스트!A:A,B12,전체리스트!C:C,D12) -> 41022.084 | H12: =G12*0.05 -> 2051.1042 | I12: =G12-H12 -> 38970.98
B13: 코미코_태국 | C13: =VLOOKUP(B13,raw_a,2,0) -> 12월분 | D13: 한번만 부탁해 | E13: =SUMIFS(전체리스트!D:D,전체리스트!A:A,B13,전체리스트!C:C,D13) -> 3230.88 | G13: =SUMIFS(전체리스트!E:E,전체리스트!A:A,B13,전체리스트!C:C,D13) -> 115536.27 | H13: =G13*0.05 -> 5776.8134 | I13: =G13-H13 -> 109759.46
B14: 코미코_태국 | C14: =VLOOKUP(B14,raw_a,2,0) -> 12월분 | D14: 호랑이 장가 드는 날 | E14: =SUMIFS(전체리스트!D:D,전체리스트!A:A,B14,전체리스트!C:C,D14) -> 7484.82 | G14: =SUMIFS(전체리스트!E:E,전체리스트!A:A,B14,전체리스트!C:C,D14) -> 267657.16 | H14: =G14*0.05 -> 13382.858 | I14: =G14-H14 -> 254274.31
B15: 합계 | E15: =SUM(E6:E14) -> 38678.09 | F15: =SUM(F6:F14) -> 0 | G15: =SUM(G6:G14) -> 1383128.5 | H15: =SUM(H6:H14) -> 69156.425 | I15: =SUM(I6:I14) -> 1313972.1 | J15: =SUM(J6:J14) -> 0

Sheet 코미코_일본_대만
G3: 3개월 평균
B4: [RS 정산 기준] | F4: 환율(JPY) | G4: =VLOOKUP(B6,raw_a,6,0) -> 10.4
B5: 사이트명 | C5: 매출월 | D5: 작품명 | E5: 소비자매출액 | F5: 유통사수수료 | G5: 스토리위즈매출액 | H5: 스토리위즈수익 | I5: 스토리숲 수익 | J5: 비고
B6: 코미코_일본 | C6: =VLOOKUP(B6,raw_a,2,0) -> 12월분 | D6: 내 자기님이 로그인하셨습니다. | E6: =SUMIFS(전체리스트!D:D,전체리스트!A:A,B6,전체리스트!C:C,D6) -> 5129.1 | G6: =SUMIFS(전체리스트!E:E,전체리스트!A:A,B6,전체리스트!C:C,D6) -> 53342.64 | H6: =G6*0.05 -> 2667.132 | I6: =G6-H6 -> 50675.508
B7: 코미코_일본 | C7: =VLOOKUP(B7,raw_a,2,0) -> 12월분 | D7: 사랑과 우정사이 | E7: =SUMIFS(전체리스트!D:D,전체리스트!A:A,B7,전체리스트!C:C,D7) -> 963.9 | G7: =SUMIFS(전체리스트!E:E,전체리스트!A:A,B7,전체리스트!C:C,D7) -> 10024.56 | H7: =G7*0.05 -> 501.228 | I7: =G7-H7 -> 9523.332
B8: 코미코_일본 | C8: =VLOOKUP(B8,raw_a,2,0) -> 12월분 | D8: 옆집최애 | E8: =SUMIFS(전체리스트!D:D,전체리스트!A:A,B8,전체리스트!C:C,D8) -> 924.3 | G8: =SUMIFS(전체리스트!E:E,전체리스트!A:A,B8,전체리스트!C:C,D8) -> 9612.72 | H8: =G8*0.05 -> 480.636 | I8: =G8-H8 -> 9132.084
B9: 합계 | E9: =SUM(E6:E8) -> 7017.3 | F9: =SUM(F6:F8) -> 0 | G9: =SUM(G6:G8) -> 72979.92 | H9: =SUM(H6:H8) -> 3648.996 | I9: =SUM(I6:I8) -> 69330.924

Sheet 미스터블루
B4: [RS 정산 기준]
B5: 사이트명 | C5: 매출월 | E5: 소비자매출액 | F5: 유통사수수료 | G5: 스토리위즈매출액 | H5: 스토리위즈수익 | I5: 스토리숲 수익 | J5: 비고
B6: 미스터블루 | C6: =VLOOKUP(B6,raw_a,2,0) -> 1월분 | D6: 거짓말, 뱀파이어가 어디있어? | E6: =SUMIFS(전체리스트!D:D,전체리스트!A:A,B6,전체리스트!C:C,D6) -> 200990 | F6: =E6-G6 -> 80396 | G6: =SUMIFS(전체리스트!E:E,전체리스트!A:A,B6,전체리스트!C:C,D6) -> 120594 | H6: =G6*0.05 -> 6029.7 | I6: =G6-H6 -> 114564.3
B7: 미스터블루 | C7: =VLOOKUP(B7,raw_a,2,0) -> 1월분 | D7: 꿰인 사이 | E7: =SUMIFS(전체리스트!D:D,전체리스트!A:A,B7,전체리스트!C:C,D7) -> 556690 | F7: =E7-G7 -> 222676 | G7: =SUMIFS(전체리스트!E:E,전체리스트!A:A,B7,전체리스트!C:C,D7) -> 334014 | H7: =G7*0.05 -> 16700.7 | I7: =G7-H7 -> 317313.3
B8: 미스터블루 | C8: =VLOOKUP(B8,raw_a,2,0) -> 1월분 | D8: 대표님, 사모님이 도망가요 | E8: =SUMIFS(전체리스트!D:D,전체리스트!A:A,B8,전체리스트!C:C,D8) -> 1856800 | F8: =E8-G8 -> 742720 | G8: =SUMIFS(전체리스트!E:E,전체리스트!A:A,B8,전체리스트!C:C,D8) -> 1114080 | H8: =G8*0.05 -> 55704 | I8: =G8-H8 -> 1058376
B9: 미스터블루 | C9: =VLOOKUP(B9,raw_a,2,0) -> 1월분 | D9: 대표님의 삐뚤어진 사랑 | E9: =SUMIFS(전체리스트!D:D,전체리스트!A:A,B9,전체리스트!C:C,D9) -> 6011880 | F9: =E9-G9 -> 2404752 | G9: =SUMIFS(전체리스트!E:E,전체리스트!A:A,B9,전체리스트!C:C,D9) -> 3607128 | H9: =G9*0.05 -> 180356.4 | I9: =G9-H9 -> 3426771.6
B10: 미스터블루 | C10: =VLOOKUP(B10,raw_a,2,0) -> 1월분 | D10: 만지고 싶어! | E10: =SUMIFS(전체리스트!D:D,전체리스트!A:A,B10,전체리스트!C:C,D10) -> 378680 | F10: =E10-G10 -> 151472 | G10: =SUMIFS(전체리스트!E:E,전체리스트!A:A,B10,전체리스트!C:C,D10) -> 227208 | H10: =G10*0.05 -> 11360.4 | I10: =G10-H10 -> 215847.6
B11: 미스터블루 | C11: =VLOOKUP(B11,raw_a,2,0) -> 1월분 | D11: 명판관 장평 | E11: =SUMIFS(전체리스트!D:D,전체리스트!A:A,B11,전체리스트!C:C,D11) -> 100 | F11: =E11-G11 -> 40 | G11: =SUMIFS(전체리스트!E:E,전체리스트!A:A,B11,전체리스트!C:C,D11) -> 60 | H11: =G11*0.05 -> 3 | I11: =G11-H11 -> 57
B12: 미스터블루 | C12: =VLOOKUP(B12,raw_a,2,0) -> 1월분 | D12: 사랑과 우정 사이에서 | E12: =SUMIFS(전체리스트!D:D,전체리스트!A:A,B12,전체리스트!C:C,D12) -> 31200 | F12: =E12-G12 -> 12480 | G12: =SUMIFS(전체리스트!E:E,전체리스트!A:A,B12,전체리스트!C:C,D12) -> 18720 | H12: =G12*0.05 -> 936 | I12: =G12-H12 -> 17784
B13: 미스터블루 | C13: =VLOOKUP(B13,raw_a,2,0) -> 1월분 | D13: 사랑과 우정 사이에서 [개정판] | E13: =SUMIFS(전체리스트!D:D,전체리스트!A:A,B13,전체리스트!C:C,D13) -> 31800 | F13: =E13-G13 -> 12720 | G13: =SUMIFS(전체리스트!E:E,전체리스트!A:A,B13,전체리스트!C:C,D13) -> 19080 | H13: =G13*0.05 -> 954 | I13: =G13-H13 -> 18126
B14: 미스터블루 | C14: =VLOOKUP(B14,raw_a,2,0) -> 1월분 | D14: 사랑할 수 없는 그녀 | E14: =SUMIFS(전체리스트!D:D,전체리스트!A:A,B14,전체리스트!C:C,D14) -> 490208 | F14: =E14-G14 -> 196083.2 | G14: =SUMIFS(전체리스트!E:E,전체리스트!A:A,B14,전체리스트!C:C,D14) -> 294124.8 | H14: =G14*0.05 -> 14706.24 | I14: =G14-H14 -> 279418.56
B15: 미스터블루 | C15: =VLOOKUP(B15,raw_a,2,0) -> 1월분 | D15: 속도위반 대표님과 계약 아내 | E15: =SUMIFS(전체리스트!D:D,전체리스트!A:A,B15,전체리스트!C:C,D15) -> 11964376 | F15: =E15-G15 -> 4785750.4 | G15: =SUMIFS(전체리스트!E:E,전체리스트!A:A,B15,전체리스트!C:C,D15) -> 7178625.6 | H15: =G15*0.05 -> 358931.28 | I15: =G15-H15 -> 6819694.3
B16: 미스터블루 | C16: =VLOOKUP(B16,raw_a,2,0) -> 1월분 | D16: 수렁 | E16: =SUMIFS(전체리스트!D:D,전체리스트!A:A,B16,전체리스트!C:C,D16) -> 210980 | F16: =E16-G16 -> 84392 | G16: =SUMIFS(전체리스트!E:E,전체리스트!A:A,B16,전체리스트!C:C,D16) -> 126588 | H16: =G16*0.05 -> 6329.4 | I16: =G16-H16 -> 120258.6
B17: 미스터블루 | C17: =VLOOKUP(B17,raw_a,2,0) -> 1월분 | D17: 수컷하우스 맨심 | E17: =SUMIFS(전체리스트!D:D,전체리스트!A:A,B17,전체리스트!C:C,D17) -> 8640 | F17: =E17-G17 -> 3456 | G17: =SUMIFS(전체리스트!E:E,전체리스트!A:A,B17,전체리스트!C:C,D17) -> 5184 | H17: =G17*0.05 -> 259.2 | I17: =G17-H17 -> 4924.8
... B41: 미스터블루 | C41: =VLOOKUP(B41,raw_a,2,0) -> 1월분 | D41: 한번 해볼래? [스크롤] | E41: =SUMIFS(전체리스트!D:D,전체리스트!A:A,B41,전체리스트!C:C,D41) -> 875080 | F41: =E41-G41 -> 350032 | G41: =SUMIFS(전체리스트!E:E,전체리스트!A:A,B41,전체리스트!C:C,D41) -> 525048 | H41: =G41*0.05 -> 26252.4 | I41: =G41-H41 -> 498795.6
B42: 합계 | E42: =SUM(E6:E41) -> 26505138 | F42: =SUM(F6:F41) -> 10602055 | G42: =SUM(G6:G41) -> 15903083 | H42: =SUM(H6:H41) -> 795154.14 | I42: =SUM(I6:I41) -> 15107929 | J42: =SUM(J6:J41) -> 0

Sheet 원스토어
B4: [RS 정산 기준]
B5: 사이트명 | C5: 매출월 | D5: 작품명 | E5: 소비자매출액 | F5: 유통사수수료 | G5: 스토리위즈매출액 | H5: 스토리위즈수익 | I5: 스토리숲 수익 | J5: 비고
B6: 원스토어 | C6: =VLOOKUP(B6,raw_a,2,0) -> 12월분 | D6: 거짓말, 뱀파이어가 어디 있어? | E6: =SUMIFS(전체리스트!D:D,전체리스트!A:A,B6,전체리스트!C:C,D6) -> 8900 | F6: =E6-G6 -> 2670 | G6: =SUMIFS(전체리스트!E:E,전체리스트!A:A,B6,전체리스트!C:C,D6) -> 6230 | H6: =G6*0.05 -> 311.5 | I6: =G6-H6 -> 5918.5
B7: 원스토어 | C7: =VLOOKUP(B7,raw_a,2,0) -> 12월분 | D7: 꿈꾸는 먹잇감 | E7: =SUMIFS(전체리스트!D:D,전체리스트!A:A,B7,전체리스트!C:C,D7) -> 15540 | F7: =E7-G7 -> 4662 | G7: =SUMIFS(전체리스트!E:E,전체리스트!A:A,B7,전체리스트!C:C,D7) -> 10878 | H7: =G7*0.05 -> 543.9 | I7: =G7-H7 -> 10334.1
B8: 원스토어 | C8: =VLOOKUP(B8,raw_a,2,0) -> 12월분 | D8: 꿰인 사이 | E8: =SUMIFS(전체리스트!D:D,전체리스트!A:A,B8,전체리스트!C:C,D8) -> 82300 | F8: =E8-G8 -> 24690 | G8: =SUMIFS(전체리스트!E:E,전체리스트!A:A,B8,전체리스트!C:C,D8) -> 57610 | H8: =G8*0.05 -> 2880.5 | I8: =G8-H8 -> 54729.5
B9: 원스토어 | C9: =VLOOKUP(B9,raw_a,2,0) -> 12월분 | D9: 너에게만 음성인식 | E9: =SUMIFS(전체리스트!D:D,전체리스트!A:A,B9,전체리스트!C:C,D9) -> 43540 | F9: =E9-G9 -> 13062 | G9: =SUMIFS(전체리스트!E:E,전체리스트!A:A,B9,전체리스트!C:C,D9) -> 30478 | H9: =G9*0.05 -> 1523.9 | I9: =G9-H9 -> 28954.1
B10: 원스토어 | C10: =VLOOKUP(B10,raw_a,2,0) -> 12월분 | D10: 대표님, 사모님이 도망가요 | E10: =SUMIFS(전체리스트!D:D,전체리스트!A:A,B10,전체리스트!C:C,D10) -> 544270 | F10: =E10-G10 -> 163281 | G10: =SUMIFS(전체리스트!E:E,전체리스트!A:A,B10,전체리스트!C:C,D10) -> 380989 | H10: =G10*0.05 -> 19049.45 | I10: =G10-H10 -> 361939.55
B11: 원스토어 | C11: =VLOOKUP(B11,raw_a,2,0) -> 12월분 | D11: 대표님의 삐뚤어진 사랑 | E11: =SUMIFS(전체리스트!D:D,전체리스트!A:A,B11,전체리스트!C:C,D11) -> 918030 | F11: =E11-G11 -> 275409 | G11: =SUMIFS(전체리스트!E:E,전체리스트!A:A,B11,전체리스트!C:C,D11) -> 642621 | H11: =G11*0.05 -> 32131.05 | I11: =G11-H11 -> 610489.95
B12: 원스토어 | C12: =VLOOKUP(B12,raw_a,2,0) -> 12월분 | D12: 마녀 따위 안 할래요 | E12: =SUMIFS(전체리스트!D:D,전체리스트!A:A,B12,전체리스트!C:C,D12) -> 11200 | F12: =E12-G12 -> 3360 | G12: =SUMIFS(전체리스트!E:E,전체리스트!A:A,B12,전체리스트!C:C,D12) -> 7840 | H12: =G12*0.05 -> 392 | I12: =G12-H12 -> 7448
B13: 원스토어 | C13: =VLOOKUP(B13,raw_a,2,0) -> 12월분 | D13: 만지고 싶어! | E13: =SUMIFS(전체리스트!D:D,전체리스트!A:A,B13,전체리스트!C:C,D13) -> 67900 | F13: =E13-G13 -> 20370 | G13: =SUMIFS(전체리스트!E:E,전체리스트!A:A,B13,전체리스트!C:C,D13) -> 47530 | H13: =G13*0.05 -> 2376.5 | I13: =G13-H13 -> 45153.5
B14: 원스토어 | C14: =VLOOKUP(B14,raw_a,2,0) -> 12월분 | D14: 사랑과 우정 사이에서 | E14: =SUMIFS(전체리스트!D:D,전체리스트!A:A,B14,전체리스트!C:C,D14) -> 70800 | F14: =E14-G14 -> 21240 | G14: =SUMIFS(전체리스트!E:E,전체리스트!A:A,B14,전체리스트!C:C,D14) -> 49560 | H14: =G14*0.05 -> 2478 | I14: =G14-H14 -> 47082
B15: 원스토어 | C15: =VLOOKUP(B15,raw_a,2,0) -> 12월분 | D15: 사랑의 형태 : 마음이 향하는 곳 | E15: =SUMIFS(전체리스트!D:D,전체리스트!A:A,B15,전체리스트!C:C,D15) -> 23000 | F15: =E15-G15 -> 6900 | G15: =SUMIFS(전체리스트!E:E,전체리스트!A:A,B15,전체리스트!C:C,D15) -> 16100 | H15: =G15*0.05 -> 805 | I15: =G15-H15 -> 15295
B16: 원스토어 | C16: =VLOOKUP(B16,raw_a,2,0) -> 12월분 | D16: 사랑할 수 없는 그녀 | E16: =SUMIFS(전체리스트!D:D,전체리스트!A:A,B16,전체리스트!C:C,D16) -> 219740 | F16: =E16-G16 -> 65922 | G16: =SUMIFS(전체리스트!E:E,전체리스트!A:A,B16,전체리스트!C:C,D16) -> 153818 | H16: =G16*0.05 -> 7690.9 | I16: =G16-H16 -> 146127.1
B17: 원스토어 | C17: =VLOOKUP(B17,raw_a,2,0) -> 12월분 | D17: 속도위반 대표님과 계약 아내 | E17: =SUMIFS(전체리스트!D:D,전체리스트!A:A,B17,전체리스트!C:C,D17) -> 1884000 | F17: =E17-G17 -> 565199.95 | G17: =SUMIFS(전체리스트!E:E,전체리스트!A:A,B17,전체리스트!C:C,D17) -> 1318800.1 | H17: =G17*0.05 -> 65940.003 | I17: =G17-H17 -> 1252860.1
... B32: 원스토어 | C32: =VLOOKUP(B32,raw_a,2,0) -> 12월분 | D32: 호랑이 장가드는 날 | E32: =SUMIFS(전체리스트!D:D,전체리스트!A:A,B32,전체리스트!C:C,D32) -> 25620 | F32: =E32-G32 -> 7686 | G32: =SUMIFS(전체리스트!E:E,전체리스트!A:A,B32,전체리스트!C:C,D32) -> 17934 | H32: =G32*0.05 -> 896.7 | I32: =G32-H32 -> 17037.3
B33: 합계 | E33: =SUM(E6:E32) -> 4620560 | F33: =SUM(F6:F32) -> 1386167.9 | G33: =SUM(G6:G32) -> 3234392.1 | H33: =SUM(H6:H32) -> 161719.61 | I33: =SUM(I6:I32) -> 3072672.5 | J33: =SUM(J6:J32) -> 0

Sheet 피너툰
B4: [RS 정산 기준]
B5: 사이트명 | C5: 매출월 | D5: 작품명 | E5: 소비자매출액 | F5: 유통사수수료 | G5: 스토리위즈매출액 | H5: 스토리위즈수익 | I5: 스토리숲 수익 | J5: 비고
B6: 피너툰 | C6: =VLOOKUP(B6,raw_a,2,0) -> 12월분 | D6: 속도위반 대표님과 계약 아내 | E6: =SUMIFS(전체리스트!D:D,전체리스트!A:A,B6,전체리스트!C:C,D6) -> 5109300 | F6: =E6-G6 -> 2043720 | G6: =SUMIFS(전체리스트!E:E,전체리스트!A:A,B6,전체리스트!C:C,D6) -> 3065580 | H6: =G6*0.05 -> 153279 | I6: =G6-H6 -> 2912301
B7: 피너툰 | C7: =VLOOKUP(B7,raw_a,2,0) -> 12월분 | D7: 꿰인 사이 | E7: =SUMIFS(전체리스트!D:D,전체리스트!A:A,B7,전체리스트!C:C,D7) -> 4421340 | F7: =E7-G7 -> 1768536 | G7: =SUMIFS(전체리스트!E:E,전체리스트!A:A,B7,전체리스트!C:C,D7) -> 2652804 | H7: =G7*0.05 -> 132640.2 | I7: =G7-H7 -> 2520163.8
B8: 피너툰 | C8: =VLOOKUP(B8,raw_a,2,0) -> 12월분 | D8: 대표님의 삐뚤어진 사랑 | E8: =SUMIFS(전체리스트!D:D,전체리스트!A:A,B8,전체리스트!C:C,D8) -> 2782360 | F8: =E8-G8 -> 1112944 | G8: =SUMIFS(전체리스트!E:E,전체리스트!A:A,B8,전체리스트!C:C,D8) -> 1669416 | H8: =G8*0.05 -> 83470.8 | I8: =G8-H8 -> 1585945.2
B9: 피너툰 | C9: =VLOOKUP(B9,raw_a,2,0) -> 12월분 | D9: 사랑할 수 없는 그녀 | E9: =SUMIFS(전체리스트!D:D,전체리스트!A:A,B9,전체리스트!C:C,D9) -> 1729840 | F9: =E9-G9 -> 691936 | G9: =SUMIFS(전체리스트!E:E,전체리스트!A:A,B9,전체리스트!C:C,D9) -> 1037904 | H9: =G9*0.05 -> 51895.2 | I9: =G9-H9 -> 986008.8
B10: 피너툰 | C10: =VLOOKUP(B10,raw_a,2,0) -> 12월분 | D10: 거짓말, 뱀파이어가 어디 있어? | E10: =SUMIFS(전체리스트!D:D,전체리스트!A:A,B10,전체리스트!C:C,D10) -> 1682940 | F10: =E10-G10 -> 673176 | G10: =SUMIFS(전체리스트!E:E,전체리스트!A:A,B10,전체리스트!C:C,D10) -> 1009764 | H10: =G10*0.05 -> 50488.2 | I10: =G10-H10 -> 959275.8
B11: 피너툰 | C11: =VLOOKUP(B11,raw_a,2,0) -> 12월분 | D11: 대표님, 사모님이 도망가요 | E11: =SUMIFS(전체리스트!D:D,전체리스트!A:A,B11,전체리스트!C:C,D11) -> 636160 | F11: =E11-G11 -> 254464 | G11: =SUMIFS(전체리스트!E:E,전체리스트!A:A,B11,전체리스트!C:C,D11) -> 381696 | H11: =G11*0.05 -> 19084.8 | I11: =G11-H11 -> 362611.2
B12: 피너툰 | C12: =VLOOKUP(B12,raw_a,2,0) -> 12월분 | D12: 한번 해볼래? | E12: =SUMIFS(전체리스트!D:D,전체리스트!A:A,B12,전체리스트!C:C,D12) -> 541800 | F12: =E12-G12 -> 216720 | G12: =SUMIFS(전체리스트!E:E,전체리스트!A:A,B12,전체리스트!C:C,D12) -> 325080 | H12: =G12*0.05 -> 16254 | I12: =G12-H12 -> 308826
B13: 피너툰 | C13: =VLOOKUP(B13,raw_a,2,0) -> 12월분 | D13: 만지고 싶어! | E13: =SUMIFS(전체리스트!D:D,전체리스트!A:A,B13,전체리스트!C:C,D13) -> 257040 | F13: =E13-G13 -> 102816 | G13: =SUMIFS(전체리스트!E:E,전체리스트!A:A,B13,전체리스트!C:C,D13) -> 154224 | H13: =G13*0.05 -> 7711.2 | I13: =G13-H13 -> 146512.8
B14: 피너툰 | C14: =VLOOKUP(B14,raw_a,2,0) -> 12월분 | D14: 너에게만 음성인식 | E14: =SUMIFS(전체리스트!D:D,전체리스트!A:A,B14,전체리스트!C:C,D14) -> 180180 | F14: =E14-G14 -> 72072 | G14: =SUMIFS(전체리스트!E:E,전체리스트!A:A,B14,전체리스트!C:C,D14) -> 108108 | H14: =G14*0.05 -> 5405.4 | I14: =G14-H14 -> 102702.6
B15: 피너툰 | C15: =VLOOKUP(B15,raw_a,2,0) -> 12월분 | D15: 용의주도 대표님의 연애 게임 | E15: =SUMIFS(전체리스트!D:D,전체리스트!A:A,B15,전체리스트!C:C,D15) -> 165060 | F15: =E15-G15 -> 66024 | G15: =SUMIFS(전체리스트!E:E,전체리스트!A:A,B15,전체리스트!C:C,D15) -> 99036 | H15: =G15*0.05 -> 4951.8 | I15: =G15-H15 -> 94084.2
B16: 피너툰 | C16: =VLOOKUP(B16,raw_a,2,0) -> 12월분 | D16: 마녀 따위 안 할래요 | E16: =SUMIFS(전체리스트!D:D,전체리스트!A:A,B16,전체리스트!C:C,D16) -> 143920 | F16: =E16-G16 -> 57568 | G16: =SUMIFS(전체리스트!E:E,전체리스트!A:A,B16,전체리스트!C:C,D16) -> 86352 | H16: =G16*0.05 -> 4317.6 | I16: =G16-H16 -> 82034.4
B17: 피너툰 | C17: =VLOOKUP(B17,raw_a,2,0) -> 12월분 | D17: 호랑이 장가드는 날(개정판) | E17: =SUMIFS(전체리스트!D:D,전체리스트!A:A,B17,전체리스트!C:C,D17) -> 142240 | F17: =E17-G17 -> 56896 | G17: =SUMIFS(전체리스트!E:E,전체리스트!A:A,B17,전체리스트!C:C,D17) -> 85344 | H17: =G17*0.05 -> 4267.2 | I17: =G17-H17 -> 81076.8
... B30: 피너툰 | C30: =VLOOKUP(B30,raw_a,2,0) -> 12월분 | D30: 악마와 나 사이에는 | E30: =SUMIFS(전체리스트!D:D,전체리스트!A:A,B30,전체리스트!C:C,D30) -> 420 | F30: =E30-G30 -> 168 | G30: =SUMIFS(전체리스트!E:E,전체리스트!A:A,B30,전체리스트!C:C,D30) -> 252 | H30: =G30*0.05 -> 12.6 | I30: =G30-H30 -> 239.4
B31: 합계 | E31: =SUM(E6:E30) -> 18259360 | F31: =SUM(F6:F30) -> 7303744 | G31: =SUM(G6:G30) -> 10955616 | H31: =SUM(H6:H30) -> 547780.8 | I31: =SUM(I6:I30) -> 10407835 | J31: =SUM(J6:J30) -> 0

Sheet 투믹스
B4: [RS 정산 기준]
B5: 사이트명 | C5: 매출월 | D5: 작품명 | E5: 소비자매출액 | F5: 유통사수수료 | G5: 스토리위즈매출액 | H5: 스토리위즈수익 | I5: 스토리숲 수익 | J5: 비고
B6: 투믹스 | C6: =VLOOKUP(B6,raw_a,2,0) -> 12월분 | D6: 속도위반 대표님과 계약 아내 | E6: =SUMIFS(전체리스트!D:D,전체리스트!A:A,B6,전체리스트!C:C,D6) -> 460404 | F6: =E6-G6 -> 0 | G6: =SUMIFS(전체리스트!E:E,전체리스트!A:A,B6,전체리스트!C:C,D6) -> 460404 | H6: =G6*0.05 -> 23020.2 | I6: =G6-H6 -> 437383.8
B7: 투믹스 | C7: =VLOOKUP(B7,raw_a,2,0) -> 12월분 | D7: 사랑할 수 없는 그녀 | E7: =SUMIFS(전체리스트!D:D,전체리스트!A:A,B7,전체리스트!C:C,D7) -> 61740 | F7: =E7-G7 -> 0 | G7: =SUMIFS(전체리스트!E:E,전체리스트!A:A,B7,전체리스트!C:C,D7) -> 61740 | H7: =G7*0.05 -> 3087 | I7: =G7-H7 -> 58653
B8: 투믹스 | C8: =VLOOKUP(B8,raw_a,2,0) -> 12월분 | D8: 호랑이 장가 드는 날 | E8: =SUMIFS(전체리스트!D:D,전체리스트!A:A,B8,전체리스트!C:C,D8) -> 32508 | F8: =E8-G8 -> 0 | G8: =SUMIFS(전체리스트!E:E,전체리스트!A:A,B8,전체리스트!C:C,D8) -> 32508 | H8: =G8*0.05 -> 1625.4 | I8: =G8-H8 -> 30882.6
B9: 투믹스 | C9: =VLOOKUP(B9,raw_a,2,0) -> 12월분 | D9: 호랑이 장가 드는 날 (개정판) | E9: =SUMIFS(전체리스트!D:D,전체리스트!A:A,B9,전체리스트!C:C,D9) -> 588 | F9: =E9-G9 -> 0 | G9: =SUMIFS(전체리스트!E:E,전체리스트!A:A,B9,전체리스트!C:C,D9) -> 588 | H9: =G9*0.05 -> 29.4 | I9: =G9-H9 -> 558.6
B10: 투믹스 | C10: =VLOOKUP(B10,raw_a,2,0) -> 12월분 | D10: 파쿠리인 내가 어시를?! | E10: =SUMIFS(전체리스트!D:D,전체리스트!A:A,B10,전체리스트!C:C,D10) -> 335 | F10: =E10-G10 -> 0 | G10: =SUMIFS(전체리스트!E:E,전체리스트!A:A,B10,전체리스트!C:C,D10) -> 335 | H10: =G10*0.05 -> 16.75 | I10: =G10-H10 -> 318.25
B11: 투믹스 | C11: =VLOOKUP(B11,raw_a,2,0) -> 12월분 | D11: 츤데레 흥신소 | E11: =SUMIFS(전체리스트!D:D,전체리스트!A:A,B11,전체리스트!C:C,D11) -> 10332 | F11: =E11-G11 -> 0 | G11: =SUMIFS(전체리스트!E:E,전체리스트!A:A,B11,전체리스트!C:C,D11) -> 10332 | H11: =G11*0.05 -> 516.6 | I11: =G11-H11 -> 9815.4
B12: 투믹스 | C12: =VLOOKUP(B12,raw_a,2,0) -> 12월분 | D12: 수컷하우스 맨심 | E12: =SUMIFS(전체리스트!D:D,전체리스트!A:A,B12,전체리스트!C:C,D12) -> 447 | F12: =E12-G12 -> 0 | G12: =SUMIFS(전체리스트!E:E,전체리스트!A:A,B12,전체리스트!C:C,D12) -> 447 | H12: =G12*0.05 -> 22.35 | I12: =G12-H12 -> 424.65
B13: 투믹스 | C13: =VLOOKUP(B13,raw_a,2,0) -> 12월분 | D13: 옆집 최애 | E13: =SUMIFS(전체리스트!D:D,전체리스트!A:A,B13,전체리스트!C:C,D13) -> 30744 | F13: =E13-G13 -> 0 | G13: =SUMIFS(전체리스트!E:E,전체리스트!A:A,B13,전체리스트!C:C,D13) -> 30744 | H13: =G13*0.05 -> 1537.2 | I13: =G13-H13 -> 29206.8
B14: 투믹스 | C14: =VLOOKUP(B14,raw_a,2,0) -> 12월분 | D14: 옆집 최애 (개정판) | E14: =SUMIFS(전체리스트!D:D,전체리스트!A:A,B14,전체리스트!C:C,D14) -> 810 | F14: =E14-G14 -> 0 | G14: =SUMIFS(전체리스트!E:E,전체리스트!A:A,B14,전체리스트!C:C,D14) -> 810 | H14: =G14*0.05 -> 40.5 | I14: =G14-H14 -> 769.5
B15: 투믹스 | C15: =VLOOKUP(B15,raw_a,2,0) -> 12월분 | D15: 사랑과 우정 사이에서 | E15: =SUMIFS(전체리스트!D:D,전체리스트!A:A,B15,전체리스트!C:C,D15) -> 83664 | F15: =E15-G15 -> 0 | G15: =SUMIFS(전체리스트!E:E,전체리스트!A:A,B15,전체리스트!C:C,D15) -> 83664 | H15: =G15*0.05 -> 4183.2 | I15: =G15-H15 -> 79480.8
B16: 투믹스 | C16: =VLOOKUP(B16,raw_a,2,0) -> 12월분 | D16: 사랑과 우정 사이에서 (개정판) | E16: =SUMIFS(전체리스트!D:D,전체리스트!A:A,B16,전체리스트!C:C,D16) -> 18560 | F16: =E16-G16 -> 0 | G16: =SUMIFS(전체리스트!E:E,전체리스트!A:A,B16,전체리스트!C:C,D16) -> 18560 | H16: =G16*0.05 -> 928 | I16: =G16-H16 -> 17632
B17: 투믹스 | C17: =VLOOKUP(B17,raw_a,2,0) -> 12월분 | D17: 연애포차 | E17: =SUMIFS(전체리스트!D:D,전체리스트!A:A,B17,전체리스트!C:C,D17) -> 378 | F17: =E17-G17 -> 0 | G17: =SUMIFS(전체리스트!E:E,전체리스트!A:A,B17,전체리스트!C:C,D17) -> 378 | H17: =G17*0.05 -> 18.9 | I17: =G17-H17 -> 359.1
... B38: 투믹스 | C38: =VLOOKUP(B38,raw_a,2,0) -> 12월분 | D38: 어디에서든 널 원해! [라라툰] | E38: =SUMIFS(전체리스트!D:D,전체리스트!A:A,B38,전체리스트!C:C,D38) -> 2458 | F38: =E38-G38 -> 0 | G38: =SUMIFS(전체리스트!E:E,전체리스트!A:A,B38,전체리스트!C:C,D38) -> 2458 | H38: =G38*0.05 -> 122.9 | I38: =G38-H38 -> 2335.1
B39: 합계 | E39: =SUM(E6:E38) -> 1679510 | F39: =SUM(F6:F38) -> 0 | G39: =SUM(G6:G38) -> 1679510 | H39: =SUM(H6:H38) -> 83975.5 | I39: =SUM(I6:I38) -> 1595534.5 | J39: =SUM(J6:J38) -> 0

Sheet 빌리빌리
G3: 3개월 평균
B4: [RS 정산 기준] | F4: 환율(CNY) | G4: =VLOOKUP(B6,raw_a,6,0) -> 189.1
B5: 사이트명 | C5: 매출월 | D5: 작품명 | E5: 소비자매출액 | F5: 유통사수수료 | G5: 스토리위즈매출액 | H5: 스토리위즈수익 | I5: 스토리숲 수익 | J5: 비고
B6: 빌리빌리 | C6: =VLOOKUP(B6,raw_a,2,0) -> 12월분 | D6: 和她们同居了（一家两个人）한집 두 살림 | E6: =SUMIFS(전체리스트!D:D,전체리스트!A:A,B6,전체리스트!C:C,D6) -> 946.44712 | G6: =SUMIFS(전체리스트!E:E,전체리스트!A:A,B6,전체리스트!C:C,D6) -> 178973.15 | H6: =G6*0.05 -> 8948.6576 | I6: =G6-H6 -> 170024.49
B7: 빌리빌리 | C7: =VLOOKUP(B7,raw_a,2,0) -> 12월분 | D7: 我与恶魔之间（恶魔和我之间）악마와 나 사이에는 | E7: =SUMIFS(전체리스트!D:D,전체리스트!A:A,B7,전체리스트!C:C,D7) -> 56.980125 | G7: =SUMIFS(전체리스트!E:E,전체리스트!A:A,B7,전체리스트!C:C,D7) -> 10774.942 | H7: =G7*0.05 -> 538.74708 | I7: =G7-H7 -> 10236.195
B8: 빌리빌리 | C8: =VLOOKUP(B8,raw_a,2,0) -> 12월분 | D8: 模仿者的我竟成为了作家助理 파쿠리인 내가 어시를?! | E8: =SUMIFS(전체리스트!D:D,전체리스트!A:A,B8,전체리스트!C:C,D8) -> 199.68675 | G8: =SUMIFS(전체리스트!E:E,전체리스트!A:A,B8,전체리스트!C:C,D8) -> 37760.764 | H8: =G8*0.05 -> 1888.0382 | I8: =G8-H8 -> 35872.726
B9: 빌리빌리 | C9: =VLOOKUP(B9,raw_a,2,0) -> 12월분 | D9: 求你让我做个人吧（和我做一次有那么难吗？）한번만 부탁해! | E9: =SUMIFS(전체리스트!D:D,전체리스트!A:A,B9,전체리스트!C:C,D9) -> 1390.419 | G9: =SUMIFS(전체리스트!E:E,전체리스트!A:A,B9,전체리스트!C:C,D9) -> 262928.23 | H9: =G9*0.05 -> 13146.412 | I9: =G9-H9 -> 249781.82
B10: 빌리빌리 | C10: =VLOOKUP(B10,raw_a,2,0) -> 12월분 | D10: 我加热了魔王的冷血（普伦西娅之花）프렌시아의 꽃 | E10: =SUMIFS(전체리스트!D:D,전체리스트!A:A,B10,전체리스트!C:C,D10) -> 1883.8335 | G10: =SUMIFS(전체리스트!E:E,전체리스트!A:A,B10,전체리스트!C:C,D10) -> 356232.91 | H10: =G10*0.05 -> 17811.646 | I10: =G10-H10 -> 338421.27
B11: 빌리빌리 | C11: =VLOOKUP(B11,raw_a,2,0) -> 12월분 | D11: 老虎出嫁的那一天 호랑이 장가드는 날 | E11: =SUMIFS(전체리스트!D:D,전체리스트!A:A,B11,전체리스트!C:C,D11) -> 1541.6651 | G11: =SUMIFS(전체리스트!E:E,전체리스트!A:A,B11,전체리스트!C:C,D11) -> 291528.88 | H11: =G11*0.05 -> 14576.444 | I11: =G11-H11 -> 276952.43
B12: 빌리빌리 | C12: =VLOOKUP(B12,raw_a,2,0) -> 12월분 | D12: 看见鬼怪的公爵夫人 귀신 보는 공작부인 | E12: =SUMIFS(전체리스트!D:D,전체리스트!A:A,B12,전체리스트!C:C,D12) -> 1149.4403 | G12: =SUMIFS(전체리스트!E:E,전체리스트!A:A,B12,전체리스트!C:C,D12) -> 217359.15 | H12: =G12*0.05 -> 10867.958 | I12: =G12-H12 -> 206491.19
B13: 합계 | E13: =SUM(E6:E12) -> 7168.4719 | F13: =SUM(F6:F12) -> 0 | G13: =SUM(G6:G12) -> 1355558 | H13: =SUM(H6:H12) -> 67777.902 | I13: =SUM(I6:I12) -> 1287780.1 | J13: =SUM(J6:J12) -> 0

Sheet INKR
G3: 3개월 평균
B4: [RS 정산 기준] | F4: 환율(USD) | G4: =VLOOKUP(B6,raw_a,6,0) -> 1199.4
B5: 사이트명 | C5: 매출월 | D5: 작품명 | E5: 소비자매출액 | F5: 유통사수수료 | G5: 스토리위즈매출액 | H5: 스토리위즈수익 | I5: 스토리숲 수익 | J5: 비고
B6: INKR | C6: =VLOOKUP(B6,raw_a,2,0) -> 월분 | D6: 말도 안되는 관계 | E6: =SUMIFS(전체리스트!D:D,전체리스트!A:A,B6,전체리스트!C:C,D6) -> 0 | G6: =SUMIFS(전체리스트!E:E,전체리스트!A:A,B6,전체리스트!C:C,D6) -> 0 | H6: =G6*0.05 -> 0 | I6: =G6-H6 -> 0
B7: INKR | C7: =VLOOKUP(B7,raw_a,2,0) -> 월분 | D7: 인 유어드림 | E7: =SUMIFS(전체리스트!D:D,전체리스트!A:A,B7,전체리스트!C:C,D7) -> 0 | G7: =SUMIFS(전체리스트!E:E,전체리스트!A:A,B7,전체리스트!C:C,D7) -> 0 | H7: =G7*0.05 -> 0 | I7: =G7-H7 -> 0
B8: INKR | C8: =VLOOKUP(B8,raw_a,2,0) -> 월분 | D8: 수컷하우스 맨심 | E8: =SUMIFS(전체리스트!D:D,전체리스트!A:A,B8,전체리스트!C:C,D8) -> 0 | G8: =SUMIFS(전체리스트!E:E,전체리스트!A:A,B8,전체리스트!C:C,D8) -> 0 | H8: =G8*0.05 -> 0 | I8: =G8-H8 -> 0
B9: INKR | C9: =VLOOKUP(B9,raw_a,2,0) -> 월분 | D9: BL 패티쉬 단편선 | E9: =SUMIFS(전체리스트!D:D,전체리스트!A:A,B9,전체리스트!C:C,D9) -> 0 | G9: =SUMIFS(전체리스트!E:E,전체리스트!A:A,B9,전체리스트!C:C,D9) -> 0 | H9: =G9*0.05 -> 0 | I9: =G9-H9 -> 0
B10: INKR | C10: =VLOOKUP(B10,raw_a,2,0) -> 월분 | D10: 슬기로운 생활 | E10: =SUMIFS(전체리스트!D:D,전체리스트!A:A,B10,전체리스트!C:C,D10) -> 0 | G10: =SUMIFS(전체리스트!E:E,전체리스트!A:A,B10,전체리스트!C:C,D10) -> 0 | H10: =G10*0.05 -> 0 | I10: =G10-H10 -> 0
B11: INKR | C11: =VLOOKUP(B11,raw_a,2,0) -> 월분 | D11: 옆집최애 | E11: =SUMIFS(전체리스트!D:D,전체리스트!A:A,B11,전체리스트!C:C,D11) -> 0 | G11: =SUMIFS(전체리스트!E:E,전체리스트!A:A,B11,전체리스트!C:C,D11) -> 0 | H11: =G11*0.05 -> 0 | I11: =G11-H11 -> 0
B12: INKR | C12: =VLOOKUP(B12,raw_a,2,0) -> 월분 | D12: 사랑과 우정 사이에서 | E12: =SUMIFS(전체리스트!D:D,전체리스트!A:A,B12,전체리스트!C:C,D12) -> 0 | G12: =SUMIFS(전체리스트!E:E,전체리스트!A:A,B12,전체리스트!C:C,D12) -> 0 | H12: =G12*0.05 -> 0 | I12: =G12-H12 -> 0
B13: INKR | C13: =VLOOKUP(B13,raw_a,2,0) -> 월분 | D13: 내 자기님이 로그인하셨습니다 | E13: =SUMIFS(전체리스트!D:D,전체리스트!A:A,B13,전체리스트!C:C,D13) -> 0 | G13: =SUMIFS(전체리스트!E:E,전체리스트!A:A,B13,전체리스트!C:C,D13) -> 0 | H13: =G13*0.05 -> 0 | I13: =G13-H13 -> 0
B14: INKR | C14: =VLOOKUP(B14,raw_a,2,0) -> 월분 | D14: 아랫집 웬수 | E14: =SUMIFS(전체리스트!D:D,전체리스트!A:A,B14,전체리스트!C:C,D14) -> 0 | G14: =SUMIFS(전체리스트!E:E,전체리스트!A:A,B14,전체리스트!C:C,D14) -> 0 | H14: =G14*0.05 -> 0 | I14: =G14-H14 -> 0
B15: 합계 | E15: =SUM(E6:E14) -> 0 | F15: =SUM(F6:F14) -> 0 | G15: =SUM(G6:G14) -> 0 | H15: =SUM(H6:H14) -> 0 | I15: =SUM(I6:I14) -> 0 | J15: =SUM(J6:J14) -> 0

Sheet 타파스
G3: 3개월 평균
B4: [RS 정산 기준] | D4: 분기정산 | F4: 환율(USD) | G4: =VLOOKUP(B6,raw_a,6,0) -> 1188.2
B5: 사이트명 | C5: 매출월 | D5: 작품명 | E5: 소비자매출액 | F5: 유통사수수료 | G5: 스토리위즈매출액 | H5: 스토리위즈수익 | I5: 스토리숲 수익 | J5: 비고
B6: 타파스 | C6: =VLOOKUP(B6,raw_a,2,0) -> 10~12월분 | D6: Tied Up in Twins(사랑과 우정사이에서) | E6: =SUMIFS(전체리스트!D:D,전체리스트!A:A,B6,전체리스트!C:C,D6) -> 417.95 | G6: =SUMIFS(전체리스트!E:E,전체리스트!A:A,B6,전체리스트!C:C,D6) -> 496608.19 | H6: =G6*0.05 -> 24830.41 | I6: =G6-H6 -> 471777.78
B7: 타파스 | C7: =VLOOKUP(B7,raw_a,2,0) -> 10~12월분 | D7: The Voice Next Door(옆집최애) | E7: =SUMIFS(전체리스트!D:D,전체리스트!A:A,B7,전체리스트!C:C,D7) -> 645 | G7: =SUMIFS(전체리스트!E:E,전체리스트!A:A,B7,전체리스트!C:C,D7) -> 766389 | H7: =G7*0.05 -> 38319.45 | I7: =G7-H7 -> 728069.55
B8: 타파스 | C8: =VLOOKUP(B8,raw_a,2,0) -> 10~12월분 | D8: In Your Dream(인유어 드림) | E8: =SUMIFS(전체리스트!D:D,전체리스트!A:A,B8,전체리스트!C:C,D8) -> 9.02 | G8: =SUMIFS(전체리스트!E:E,전체리스트!A:A,B8,전체리스트!C:C,D8) -> 10717.564 | H8: =G8*0.05 -> 535.8782 | I8: =G8-H8 -> 10181.686
B9: 합계 | E9: =SUM(E6:E8) -> 1071.97 | F9: =SUM(F6:F8) -> 0 | G9: =SUM(G6:G8) -> 1273714.8 | H9: =SUM(H6:H8) -> 63685.738 | I9: =SUM(I6:I8) -> 1210029 | J9: =SUM(J6:J8) -> 0

Sheet 코믹툰
B4: [RS 정산 기준]
B5: 사이트명 | C5: 매출월 | D5: 작품명 | E5: 소비자매출액 | F5: 유통사수수료 | G5: 스토리위즈매출액 | H5: 스토리위즈수익 | I5: 스토리숲 수익 | J5: 비고
B6: 코믹툰 | C6: =VLOOKUP(B6,raw_a,2,0) -> 12월분 | D6: 거짓말! 뱀파이어가 어디있어 | E6: =SUMIFS(전체리스트!D:D,전체리스트!A:A,B6,전체리스트!C:C,D6) -> 2813332.3 | F6: =E6-G6 -> 0 | G6: =SUMIFS(전체리스트!E:E,전체리스트!A:A,B6,전체리스트!C:C,D6) -> 2813332.3 | H6: =G6*0.05 -> 140666.62 | I6: =G6-H6 -> 2672665.7
B7: 코믹툰 | C7: =VLOOKUP(B7,raw_a,2,0) -> 12월분 | D7: 극한공녀 | E7: =SUMIFS(전체리스트!D:D,전체리스트!A:A,B7,전체리스트!C:C,D7) -> 118075.92 | F7: =E7-G7 -> 0 | G7: =SUMIFS(전체리스트!E:E,전체리스트!A:A,B7,전체리스트!C:C,D7) -> 118075.92 | H7: =G7*0.05 -> 5903.7958 | I7: =G7-H7 -> 112172.12
B8: 코믹툰 | C8: =VLOOKUP(B8,raw_a,2,0) -> 12월분 | D8: 내 자기님이 로그인 하셨습니다. | E8: =SUMIFS(전체리스트!D:D,전체리스트!A:A,B8,전체리스트!C:C,D8) -> 179074.02 | F8: =E8-G8 -> 0 | G8: =SUMIFS(전체리스트!E:E,전체리스트!A:A,B8,전체리스트!C:C,D8) -> 179074.02 | H8: =G8*0.05 -> 8953.7012 | I8: =G8-H8 -> 170120.32
B9: 코믹툰 | C9: =VLOOKUP(B9,raw_a,2,0) -> 12월분 | D9: 말도 안되는 관계 | E9: =SUMIFS(전체리스트!D:D,전체리스트!A:A,B9,전체리스트!C:C,D9) -> 74694.067 | F9: =E9-G9 -> 0 | G9: =SUMIFS(전체리스트!E:E,전체리스트!A:A,B9,전체리스트!C:C,D9) -> 74694.067 | H9: =G9*0.05 -> 3734.7033 | I9: =G9-H9 -> 70959.363
B10: 코믹툰 | C10: =VLOOKUP(B10,raw_a,2,0) -> 12월분 | D10: 사랑과 우정 사이에서 | E10: =SUMIFS(전체리스트!D:D,전체리스트!A:A,B10,전체리스트!C:C,D10) -> 120038.49 | F10: =E10-G10 -> 0 | G10: =SUMIFS(전체리스트!E:E,전체리스트!A:A,B10,전체리스트!C:C,D10) -> 120038.49 | H10: =G10*0.05 -> 6001.9246 | I10: =G10-H10 -> 114036.57
B11: 코믹툰 | C11: =VLOOKUP(B11,raw_a,2,0) -> 12월분 | D11: 수컷하우스 맨심 | E11: =SUMIFS(전체리스트!D:D,전체리스트!A:A,B11,전체리스트!C:C,D11) -> 1881.3629 | F11: =E11-G11 -> 0 | G11: =SUMIFS(전체리스트!E:E,전체리스트!A:A,B11,전체리스트!C:C,D11) -> 1881.3629 | H11: =G11*0.05 -> 94.068145 | I11: =G11-H11 -> 1787.2948
B12: 코믹툰 | C12: =VLOOKUP(B12,raw_a,2,0) -> 12월분 | D12: 슬기로운 생활 | E12: =SUMIFS(전체리스트!D:D,전체리스트!A:A,B12,전체리스트!C:C,D12) -> 82220.688 | F12: =E12-G12 -> 0 | G12: =SUMIFS(전체리스트!E:E,전체리스트!A:A,B12,전체리스트!C:C,D12) -> 82220.688 | H12: =G12*0.05 -> 4111.0344 | I12: =G12-H12 -> 78109.654
B13: 코믹툰 | C13: =VLOOKUP(B13,raw_a,2,0) -> 12월분 | D13: 아랫집 웬수 | E13: =SUMIFS(전체리스트!D:D,전체리스트!A:A,B13,전체리스트!C:C,D13) -> 92299.719 | F13: =E13-G13 -> 0 | G13: =SUMIFS(전체리스트!E:E,전체리스트!A:A,B13,전체리스트!C:C,D13) -> 92299.719 | H13: =G13*0.05 -> 4614.986 | I13: =G13-H13 -> 87684.733
B14: 코믹툰 | C14: =VLOOKUP(B14,raw_a,2,0) -> 12월분 | D14: 악마와 나 사이에는 | E14: =SUMIFS(전체리스트!D:D,전체리스트!A:A,B14,전체리스트!C:C,D14) -> 61901.131 | F14: =E14-G14 -> 0 | G14: =SUMIFS(전체리스트!E:E,전체리스트!A:A,B14,전체리스트!C:C,D14) -> 61901.131 | H14: =G14*0.05 -> 3095.0565 | I14: =G14-H14 -> 58806.074
B15: 코믹툰 | C15: =VLOOKUP(B15,raw_a,2,0) -> 12월분 | D15: 어디에서든 널 원해 | E15: =SUMIFS(전체리스트!D:D,전체리스트!A:A,B15,전체리스트!C:C,D15) -> 26037.541 | F15: =E15-G15 -> 0 | G15: =SUMIFS(전체리스트!E:E,전체리스트!A:A,B15,전체리스트!C:C,D15) -> 26037.541 | H15: =G15*0.05 -> 1301.877 | I15: =G15-H15 -> 24735.664
B16: 코믹툰 | C16: =VLOOKUP(B16,raw_a,2,0) -> 12월분 | D16: 어이상실의 시대 | E16: =SUMIFS(전체리스트!D:D,전체리스트!A:A,B16,전체리스트!C:C,D16) -> 4101.0787 | F16: =E16-G16 -> 0 | G16: =SUMIFS(전체리스트!E:E,전체리스트!A:A,B16,전체리스트!C:C,D16) -> 4101.0787 | H16: =G16*0.05 -> 205.05394 | I16: =G16-H16 -> 3896.0248
B17: 코믹툰 | C17: =VLOOKUP(B17,raw_a,2,0) -> 12월분 | D17: 옆집 최애 | E17: =SUMIFS(전체리스트!D:D,전체리스트!A:A,B17,전체리스트!C:C,D17) -> 471880.4 | F17: =E17-G17 -> 0 | G17: =SUMIFS(전체리스트!E:E,전체리스트!A:A,B17,전체리스트!C:C,D17) -> 471880.4 | H17: =G17*0.05 -> 23594.02 | I17: =G17-H17 -> 448286.38
... B23: 코믹툰 | C23: =VLOOKUP(B23,raw_a,2,0) -> 12월분 | D23: 황비님? 황비님! | E23: =SUMIFS(전체리스트!D:D,전체리스트!A:A,B23,전체리스트!C:C,D23) -> 288182.91 | F23: =E23-G23 -> 0 | G23: =SUMIFS(전체리스트!E:E,전체리스트!A:A,B23,전체리스트!C:C,D23) -> 288182.91 | H23: =G23*0.05 -> 14409.145 | I23: =G23-H23 -> 273773.76
B24: 합계 | E24: =SUM(E6:E23) -> 4609874 | F24: =SUM(F6:F23) -> 0 | G24: =SUM(G6:G23) -> 4609874 | H24: =SUM(H6:H23) -> 230493.7 | I24: =SUM(I6:I23) -> 4379380.3 | J24: =SUM(J6:J23) -> 0

Sheet 코핀코믹스
B4: [RS 정산 기준]
B5: 사이트명 | C5: 매출월 | D5: 작품명 | E5: 소비자매출액 | F5: 유통사수수료 | G5: 스토리위즈매출액 | H5: 스토리위즈수익 | I5: 스토리숲 수익 | J5: 비고
B6: 코핀코믹스 | C6: =VLOOKUP(B6,raw_a,2,0) -> 12월분 | D6: 파쿠리인 내가 어시를 | E6: =SUMIFS(전체리스트!D:D,전체리스트!A:A,B6,전체리스트!C:C,D6) -> 974359 | F6: =E6-G6 -> 0 | G6: =SUMIFS(전체리스트!E:E,전체리스트!A:A,B6,전체리스트!C:C,D6) -> 974359 | H6: =G6*0.05 -> 48717.95 | I6: =G6-H6 -> 925641.05
B7: 코핀코믹스 | C7: =VLOOKUP(B7,raw_a,2,0) -> 12월분 | D7: 어이상실의 시대 | E7: =SUMIFS(전체리스트!D:D,전체리스트!A:A,B7,전체리스트!C:C,D7) -> 22956 | F7: =E7-G7 -> 0 | G7: =SUMIFS(전체리스트!E:E,전체리스트!A:A,B7,전체리스트!C:C,D7) -> 22956 | H7: =G7*0.05 -> 1147.8 | I7: =G7-H7 -> 21808.2
B8: 코핀코믹스 | C8: =VLOOKUP(B8,raw_a,2,0) -> 12월분 | D8: 어디에서든 널 원해! | E8: =SUMIFS(전체리스트!D:D,전체리스트!A:A,B8,전체리스트!C:C,D8) -> 50052.5 | F8: =E8-G8 -> 0 | G8: =SUMIFS(전체리스트!E:E,전체리스트!A:A,B8,전체리스트!C:C,D8) -> 50052.5 | H8: =G8*0.05 -> 2502.625 | I8: =G8-H8 -> 47549.875
B9: 코핀코믹스 | C9: =VLOOKUP(B9,raw_a,2,0) -> 12월분 | D9: 원고를 주세요 | E9: =SUMIFS(전체리스트!D:D,전체리스트!A:A,B9,전체리스트!C:C,D9) -> 499 | F9: =E9-G9 -> 0 | G9: =SUMIFS(전체리스트!E:E,전체리스트!A:A,B9,전체리스트!C:C,D9) -> 499 | H9: =G9*0.05 -> 24.95 | I9: =G9-H9 -> 474.05
B10: 코핀코믹스 | C10: =VLOOKUP(B10,raw_a,2,0) -> 12월분 | D10: 한 집 두 살림 | E10: =SUMIFS(전체리스트!D:D,전체리스트!A:A,B10,전체리스트!C:C,D10) -> 13723.5 | F10: =E10-G10 -> 0 | G10: =SUMIFS(전체리스트!E:E,전체리스트!A:A,B10,전체리스트!C:C,D10) -> 13723.5 | H10: =G10*0.05 -> 686.175 | I10: =G10-H10 -> 13037.325
B11: 코핀코믹스 | C11: =VLOOKUP(B11,raw_a,2,0) -> 12월분 | D11: 슬기로운 생활 | E11: =SUMIFS(전체리스트!D:D,전체리스트!A:A,B11,전체리스트!C:C,D11) -> 1720 | F11: =E11-G11 -> 0 | G11: =SUMIFS(전체리스트!E:E,전체리스트!A:A,B11,전체리스트!C:C,D11) -> 1720 | H11: =G11*0.05 -> 86 | I11: =G11-H11 -> 1634
B12: 코핀코믹스 | C12: =VLOOKUP(B12,raw_a,2,0) -> 12월분 | D12: 페티쉬 BL 단편선 | E12: =SUMIFS(전체리스트!D:D,전체리스트!A:A,B12,전체리스트!C:C,D12) -> 7384.5 | F12: =E12-G12 -> 0 | G12: =SUMIFS(전체리스트!E:E,전체리스트!A:A,B12,전체리스트!C:C,D12) -> 7384.5 | H12: =G12*0.05 -> 369.225 | I12: =G12-H12 -> 7015.275
B13: 코핀코믹스 | C13: =VLOOKUP(B13,raw_a,2,0) -> 12월분 | D13: 호랑이 장가드는 날 | E13: =SUMIFS(전체리스트!D:D,전체리스트!A:A,B13,전체리스트!C:C,D13) -> 385214.5 | F13: =E13-G13 -> 0 | G13: =SUMIFS(전체리스트!E:E,전체리스트!A:A,B13,전체리스트!C:C,D13) -> 385214.5 | H13: =G13*0.05 -> 19260.725 | I13: =G13-H13 -> 365953.78
B14: 코핀코믹스 | C14: =VLOOKUP(B14,raw_a,2,0) -> 12월분 | D14: 탑배우의 이중생활 | E14: =SUMIFS(전체리스트!D:D,전체리스트!A:A,B14,전체리스트!C:C,D14) -> 15369 | F14: =E14-G14 -> 0 | G14: =SUMIFS(전체리스트!E:E,전체리스트!A:A,B14,전체리스트!C:C,D14) -> 15369 | H14: =G14*0.05 -> 768.45 | I14: =G14-H14 -> 14600.55
B15: 코핀코믹스 | C15: =VLOOKUP(B15,raw_a,2,0) -> 12월분 | D15: 악마와 나 사이에는 | E15: =SUMIFS(전체리스트!D:D,전체리스트!A:A,B15,전체리스트!C:C,D15) -> 5941 | F15: =E15-G15 -> 0 | G15: =SUMIFS(전체리스트!E:E,전체리스트!A:A,B15,전체리스트!C:C,D15) -> 5941 | H15: =G15*0.05 -> 297.05 | I15: =G15-H15 -> 5643.95
B16: 코핀코믹스 | C16: =VLOOKUP(B16,raw_a,2,0) -> 12월분 | D16: 옆집 최애 | E16: =SUMIFS(전체리스트!D:D,전체리스트!A:A,B16,전체리스트!C:C,D16) -> 43958.4 | F16: =E16-G16 -> 0 | G16: =SUMIFS(전체리스트!E:E,전체리스트!A:A,B16,전체리스트!C:C,D16) -> 43958.4 | H16: =G16*0.05 -> 2197.92 | I16: =G16-H16 -> 41760.48
B17: 코핀코믹스 | C17: =VLOOKUP(B17,raw_a,2,0) -> 12월분 | D17: 사랑과 우정 사이에서 | E17: =SUMIFS(전체리스트!D:D,전체리스트!A:A,B17,전체리스트!C:C,D17) -> 7963.2 | F17: =E17-G17 -> 0 | G17: =SUMIFS(전체리스트!E:E,전체리스트!A:A,B17,전체리스트!C:C,D17) -> 7963.2 | H17: =G17*0.05 -> 398.16 | I17: =G17-H17 -> 7565.04
... B20: 코핀코믹스 | C20: =VLOOKUP(B20,raw_a,2,0) -> 12월분 | D20: 아랫집 웬수 | E20: =SUMIFS(전체리스트!D:D,전체리스트!A:A,B20,전체리스트!C:C,D20) -> 52157.4 | F20: =E20-G20 -> 0 | G20: =SUMIFS(전체리스트!E:E,전체리스트!A:A,B20,전체리스트!C:C,D20) -> 52157.4 | H20: =G20*0.05 -> 2607.87 | I20: =G20-H20 -> 49549.53
B21: 합계 | E21: =SUM(E6:E20) -> 1661941.1 | F21: =SUM(F6:F20) -> 0 | G21: =SUM(G6:G20) -> 1661941.1 | H21: =SUM(H6:H20) -> 83097.055 | I21: =SUM(I6:I20) -> 1578844 | J21: =SUM(J6:J20) -> 0

Sheet 예스24
B4: [RS 정산 기준]
B5: 사이트명 | C5: 매출월 | D5: 작품명 | E5: 소비자매출액 | F5: 유통사수수료 | G5: 스토리위즈매출액 | H5: 스토리위즈수익 | I5: 스토리숲 수익 | J5: 비고
B6: 예스24 | C6: =VLOOKUP(B6,raw_a,2,0) -> 1월분 | D6: 속도위반 대표님과 계약 아내 | E6: =SUMIFS(전체리스트!D:D,전체리스트!A:A,B6,전체리스트!C:C,D6) -> 114200 | F6: =E6-G6 -> 34260 | G6: =SUMIFS(전체리스트!E:E,전체리스트!A:A,B6,전체리스트!C:C,D6) -> 79940 | H6: =G6*0.05 -> 3997 | I6: =G6-H6 -> 75943
B7: 예스24 | C7: =VLOOKUP(B7,raw_a,2,0) -> 1월분 | D7: 사랑할 수 없는 그녀 | E7: =SUMIFS(전체리스트!D:D,전체리스트!A:A,B7,전체리스트!C:C,D7) -> 4000 | F7: =E7-G7 -> 1200 | G7: =SUMIFS(전체리스트!E:E,전체리스트!A:A,B7,전체리스트!C:C,D7) -> 2800 | H7: =G7*0.05 -> 140 | I7: =G7-H7 -> 2660
B8: 예스24 | C8: =VLOOKUP(B8,raw_a,2,0) -> 1월분 | D8: 호랑이 장가드는 날 | E8: =SUMIFS(전체리스트!D:D,전체리스트!A:A,B8,전체리스트!C:C,D8) -> 5700 | F8: =E8-G8 -> 1710 | G8: =SUMIFS(전체리스트!E:E,전체리스트!A:A,B8,전체리스트!C:C,D8) -> 3990 | H8: =G8*0.05 -> 199.5 | I8: =G8-H8 -> 3790.5
B9: 예스24 | C9: =VLOOKUP(B9,raw_a,2,0) -> 1월분 | D9: 호랑이 장가드는 날 [개정판] | E9: =SUMIFS(전체리스트!D:D,전체리스트!A:A,B9,전체리스트!C:C,D9) -> 900 | F9: =E9-G9 -> 270 | G9: =SUMIFS(전체리스트!E:E,전체리스트!A:A,B9,전체리스트!C:C,D9) -> 630 | H9: =G9*0.05 -> 31.5 | I9: =G9-H9 -> 598.5
B10: 예스24 | C10: =VLOOKUP(B10,raw_a,2,0) -> 1월분 | D10: 사랑과 우정 사이에서 [개정판] | E10: =SUMIFS(전체리스트!D:D,전체리스트!A:A,B10,전체리스트!C:C,D10) -> 900 | F10: =E10-G10 -> 270 | G10: =SUMIFS(전체리스트!E:E,전체리스트!A:A,B10,전체리스트!C:C,D10) -> 630 | H10: =G10*0.05 -> 31.5 | I10: =G10-H10 -> 598.5
B11: 예스24 | C11: =VLOOKUP(B11,raw_a,2,0) -> 1월분 | D11: 대표님, 사모님이 도망가요 | E11: =SUMIFS(전체리스트!D:D,전체리스트!A:A,B11,전체리스트!C:C,D11) -> 17700 | F11: =E11-G11 -> 5310 | G11: =SUMIFS(전체리스트!E:E,전체리스트!A:A,B11,전체리스트!C:C,D11) -> 12390 | H11: =G11*0.05 -> 619.5 | I11: =G11-H11 -> 11770.5
B12: 예스24 | C12: =VLOOKUP(B12,raw_a,2,0) -> 1월분 | D12: 대표님의 삐뚤어진 사랑 | E12: =SUMIFS(전체리스트!D:D,전체리스트!A:A,B12,전체리스트!C:C,D12) -> 66900 | F12: =E12-G12 -> 20070 | G12: =SUMIFS(전체리스트!E:E,전체리스트!A:A,B12,전체리스트!C:C,D12) -> 46830 | H12: =G12*0.05 -> 2341.5 | I12: =G12-H12 -> 44488.5
B13: 예스24 | C13: =VLOOKUP(B13,raw_a,2,0) -> 1월분 | D13: 용의주도 대표님의 연애 게임 | E13: =SUMIFS(전체리스트!D:D,전체리스트!A:A,B13,전체리스트!C:C,D13) -> 31000 | F13: =E13-G13 -> 9300 | G13: =SUMIFS(전체리스트!E:E,전체리스트!A:A,B13,전체리스트!C:C,D13) -> 21700 | H13: =G13*0.05 -> 1085 | I13: =G13-H13 -> 20615
B14: 예스24 | C14: =VLOOKUP(B14,raw_a,2,0) -> 1월분 | D14: 거짓말, 뱀파이어가 어디 있어? | E14: =SUMIFS(전체리스트!D:D,전체리스트!A:A,B14,전체리스트!C:C,D14) -> 2000 | F14: =E14-G14 -> 600 | G14: =SUMIFS(전체리스트!E:E,전체리스트!A:A,B14,전체리스트!C:C,D14) -> 1400 | H14: =G14*0.05 -> 70 | I14: =G14-H14 -> 1330
B15: 예스24 | C15: =VLOOKUP(B15,raw_a,2,0) -> 1월분 | D15: 꿰인 사이 | E15: =SUMIFS(전체리스트!D:D,전체리스트!A:A,B15,전체리스트!C:C,D15) -> 19400 | F15: =E15-G15 -> 5820 | G15: =SUMIFS(전체리스트!E:E,전체리스트!A:A,B15,전체리스트!C:C,D15) -> 13580 | H15: =G15*0.05 -> 679 | I15: =G15-H15 -> 12901
B16: 예스24 | C16: =VLOOKUP(B16,raw_a,2,0) -> 1월분 | D16: 키스했으니 책임져 | E16: =SUMIFS(전체리스트!D:D,전체리스트!A:A,B16,전체리스트!C:C,D16) -> 4300 | F16: =E16-G16 -> 1290 | G16: =SUMIFS(전체리스트!E:E,전체리스트!A:A,B16,전체리스트!C:C,D16) -> 3010 | H16: =G16*0.05 -> 150.5 | I16: =G16-H16 -> 2859.5
B17: 예스24 | C17: =VLOOKUP(B17,raw_a,2,0) -> 1월분 | D17: 마녀 따위 안 할래요 | E17: =SUMIFS(전체리스트!D:D,전체리스트!A:A,B17,전체리스트!C:C,D17) -> 1500 | F17: =E17-G17 -> 450 | G17: =SUMIFS(전체리스트!E:E,전체리스트!A:A,B17,전체리스트!C:C,D17) -> 1050 | H17: =G17*0.05 -> 52.5 | I17: =G17-H17 -> 997.5
... B22: 예스24 | C22: =VLOOKUP(B22,raw_a,2,0) -> 1월분 | D22: 어이상실의 시대 | E22: =SUMIFS(전체리스트!D:D,전체리스트!A:A,B22,전체리스트!C:C,D22) -> 12300 | F22: =E22-G22 -> 3690 | G22: =SUMIFS(전체리스트!E:E,전체리스트!A:A,B22,전체리스트!C:C,D22) -> 8610 | H22: =G22*0.05 -> 430.5 | I22: =G22-H22 -> 8179.5
B23: 합계 | E23: =SUM(E6:E22) -> 290400 | F23: =SUM(F6:F22) -> 87120 | G23: =SUM(G6:G22) -> 203280 | H23: =SUM(H6:H22) -> 10164 | I23: =SUM(I6:I22) -> 193116 | J23: =SUM(J6:J22) -> 0

Sheet 핑거스토리_큐툰
B4: [RS 정산 기준]
B5: 사이트명 | C5: 매출월 | D5: 작품명 | E5: 소비자매출액 | F5: 유통사수수료 | G5: 스토리위즈매출액 | H5: 스토리위즈수익 | I5: 스토리숲 수익 | J5: 비고
B6: 핑거스토리_큐툰 | C6: =VLOOKUP(B6,raw_a,2,0) -> 1월분 | D6: 츤데레 흥신소 | E6: =SUMIFS(전체리스트!D:D,전체리스트!A:A,B6,전체리스트!C:C,D6) -> 7560 | F6: =E6-G6 -> 3024 | G6: =SUMIFS(전체리스트!E:E,전체리스트!A:A,B6,전체리스트!C:C,D6) -> 4536 | H6: =G6*0.05 -> 226.8 | I6: =G6-H6 -> 4309.2
B7: 핑거스토리_큐툰 | C7: =VLOOKUP(B7,raw_a,2,0) -> 1월분 | D7: 한집 두 살림 [성인판] | E7: =SUMIFS(전체리스트!D:D,전체리스트!A:A,B7,전체리스트!C:C,D7) -> 540 | F7: =E7-G7 -> 216 | G7: =SUMIFS(전체리스트!E:E,전체리스트!A:A,B7,전체리스트!C:C,D7) -> 324 | H7: =G7*0.05 -> 16.2 | I7: =G7-H7 -> 307.8
B8: 핑거스토리_큐툰 | C8: =VLOOKUP(B8,raw_a,2,0) -> 1월분 | D8: 악마와 나 사이에는 | E8: =SUMIFS(전체리스트!D:D,전체리스트!A:A,B8,전체리스트!C:C,D8) -> 5220 | F8: =E8-G8 -> 2088 | G8: =SUMIFS(전체리스트!E:E,전체리스트!A:A,B8,전체리스트!C:C,D8) -> 3132 | H8: =G8*0.05 -> 156.6 | I8: =G8-H8 -> 2975.4
B9: 핑거스토리_큐툰 | C9: =VLOOKUP(B9,raw_a,2,0) -> 1월분 | D9: 옆집 최애 [일반판] | E9: =SUMIFS(전체리스트!D:D,전체리스트!A:A,B9,전체리스트!C:C,D9) -> 540 | F9: =E9-G9 -> 216 | G9: =SUMIFS(전체리스트!E:E,전체리스트!A:A,B9,전체리스트!C:C,D9) -> 324 | H9: =G9*0.05 -> 16.2 | I9: =G9-H9 -> 307.8
B10: 핑거스토리_큐툰 | C10: =VLOOKUP(B10,raw_a,2,0) -> 1월분 | D10: 옆집 최애 [성인판] | E10: =SUMIFS(전체리스트!D:D,전체리스트!A:A,B10,전체리스트!C:C,D10) -> 9450 | F10: =E10-G10 -> 3780 | G10: =SUMIFS(전체리스트!E:E,전체리스트!A:A,B10,전체리스트!C:C,D10) -> 5670 | H10: =G10*0.05 -> 283.5 | I10: =G10-H10 -> 5386.5
B11: 핑거스토리_큐툰 | C11: =VLOOKUP(B11,raw_a,2,0) -> 1월분 | D11: 사랑과 우정 사이에서 [일반판] | E11: =SUMIFS(전체리스트!D:D,전체리스트!A:A,B11,전체리스트!C:C,D11) -> 11610 | F11: =E11-G11 -> 4644 | G11: =SUMIFS(전체리스트!E:E,전체리스트!A:A,B11,전체리스트!C:C,D11) -> 6966 | H11: =G11*0.05 -> 348.3 | I11: =G11-H11 -> 6617.7
B12: 핑거스토리_큐툰 | C12: =VLOOKUP(B12,raw_a,2,0) -> 1월분 | D12: 사랑과 우정 사이에서 [성인판] | E12: =SUMIFS(전체리스트!D:D,전체리스트!A:A,B12,전체리스트!C:C,D12) -> 52650 | F12: =E12-G12 -> 21060 | G12: =SUMIFS(전체리스트!E:E,전체리스트!A:A,B12,전체리스트!C:C,D12) -> 31590 | H12: =G12*0.05 -> 1579.5 | I12: =G12-H12 -> 30010.5
B13: 핑거스토리_큐툰 | C13: =VLOOKUP(B13,raw_a,2,0) -> 1월분 | D13: 파쿠리인 내가 어시를 | E13: =SUMIFS(전체리스트!D:D,전체리스트!A:A,B13,전체리스트!C:C,D13) -> 8460 | F13: =E13-G13 -> 3384 | G13: =SUMIFS(전체리스트!E:E,전체리스트!A:A,B13,전체리스트!C:C,D13) -> 5076 | H13: =G13*0.05 -> 253.8 | I13: =G13-H13 -> 4822.2
B14: 핑거스토리_큐툰 | C14: =VLOOKUP(B14,raw_a,2,0) -> 1월분 | D14: 호랑이 장가드는 날 [일반판] | E14: =SUMIFS(전체리스트!D:D,전체리스트!A:A,B14,전체리스트!C:C,D14) -> 1890 | F14: =E14-G14 -> 756 | G14: =SUMIFS(전체리스트!E:E,전체리스트!A:A,B14,전체리스트!C:C,D14) -> 1134 | H14: =G14*0.05 -> 56.7 | I14: =G14-H14 -> 1077.3
B15: 핑거스토리_큐툰 | C15: =VLOOKUP(B15,raw_a,2,0) -> 1월분 | D15: 호랑이 장가드는 날 [성인판] | E15: =SUMIFS(전체리스트!D:D,전체리스트!A:A,B15,전체리스트!C:C,D15) -> 9180 | F15: =E15-G15 -> 3672 | G15: =SUMIFS(전체리스트!E:E,전체리스트!A:A,B15,전체리스트!C:C,D15) -> 5508 | H15: =G15*0.05 -> 275.4 | I15: =G15-H15 -> 5232.6
B16: 핑거스토리_큐툰 | C16: =VLOOKUP(B16,raw_a,2,0) -> 1월분 | D16: 사랑할 수 없는 그녀 | E16: =SUMIFS(전체리스트!D:D,전체리스트!A:A,B16,전체리스트!C:C,D16) -> 105120 | F16: =E16-G16 -> 42048 | G16: =SUMIFS(전체리스트!E:E,전체리스트!A:A,B16,전체리스트!C:C,D16) -> 63072 | H16: =G16*0.05 -> 3153.6 | I16: =G16-H16 -> 59918.4
B17: 핑거스토리_큐툰 | C17: =VLOOKUP(B17,raw_a,2,0) -> 1월분 | D17: 속도위반 대표님과 계약 아내 | E17: =SUMIFS(전체리스트!D:D,전체리스트!A:A,B17,전체리스트!C:C,D17) -> 585180 | F17: =E17-G17 -> 234072 | G17: =SUMIFS(전체리스트!E:E,전체리스트!A:A,B17,전체리스트!C:C,D17) -> 351108 | H17: =G17*0.05 -> 17555.4 | I17: =G17-H17 -> 333552.6
... B34: 핑거스토리_큐툰 | C34: =VLOOKUP(B34,raw_a,2,0) -> 1월분 | D34: 이혼신청 | E34: =SUMIFS(전체리스트!D:D,전체리스트!A:A,B34,전체리스트!C:C,D34) -> 2700 | F34: =E34-G34 -> 1080 | G34: =SUMIFS(전체리스트!E:E,전체리스트!A:A,B34,전체리스트!C:C,D34) -> 1620 | H34: =G34*0.05 -> 81 | I34: =G34-H34 -> 1539
B35: 합계 | E35: =SUM(E6:E34) -> 1867410 | F35: =SUM(F6:F34) -> 746964 | G35: =SUM(G6:G34) -> 1120446 | H35: =SUM(H6:H34) -> 56022.3 | I35: =SUM(I6:I34) -> 1064423.7 | J35: =SUM(J6:J34) -> 0

Sheet 핑거스토리_무툰
B4: [RS 정산 기준]
B5: 사이트명 | C5: 매출월 | D5: 작품명 | E5: 소비자매출액 | F5: 유통사수수료 | G5: 스토리위즈매출액 | H5: 스토리위즈수익 | I5: 스토리숲 수익 | J5: 비고
B6: 핑거스토리_무툰 | C6: =VLOOKUP(B6,raw_a,2,0) -> 1월분 | D6: 속도위반 대표님과 계약 아내 | E6: =SUMIFS(전체리스트!D:D,전체리스트!A:A,B6,전체리스트!C:C,D6) -> 169920 | F6: =E6-G6 -> 67968 | G6: =SUMIFS(전체리스트!E:E,전체리스트!A:A,B6,전체리스트!C:C,D6) -> 101952 | H6: =G6*0.05 -> 5097.6 | I6: =G6-H6 -> 96854.4
B7: 핑거스토리_무툰 | C7: =VLOOKUP(B7,raw_a,2,0) -> 1월분 | D7: 사랑할 수 없는 그녀 | E7: =SUMIFS(전체리스트!D:D,전체리스트!A:A,B7,전체리스트!C:C,D7) -> 26280 | F7: =E7-G7 -> 10512 | G7: =SUMIFS(전체리스트!E:E,전체리스트!A:A,B7,전체리스트!C:C,D7) -> 15768 | H7: =G7*0.05 -> 788.4 | I7: =G7-H7 -> 14979.6
B8: 핑거스토리_무툰 | C8: =VLOOKUP(B8,raw_a,2,0) -> 1월분 | D8: 연애포차 | E8: =SUMIFS(전체리스트!D:D,전체리스트!A:A,B8,전체리스트!C:C,D8) -> 6660 | F8: =E8-G8 -> 2664 | G8: =SUMIFS(전체리스트!E:E,전체리스트!A:A,B8,전체리스트!C:C,D8) -> 3996 | H8: =G8*0.05 -> 199.8 | I8: =G8-H8 -> 3796.2
B9: 핑거스토리_무툰 | C9: =VLOOKUP(B9,raw_a,2,0) -> 1월분 | D9: 호랑이 장가드는 날 [성인판] | E9: =SUMIFS(전체리스트!D:D,전체리스트!A:A,B9,전체리스트!C:C,D9) -> 5670 | F9: =E9-G9 -> 2268 | G9: =SUMIFS(전체리스트!E:E,전체리스트!A:A,B9,전체리스트!C:C,D9) -> 3402 | H9: =G9*0.05 -> 170.1 | I9: =G9-H9 -> 3231.9
B10: 핑거스토리_무툰 | C10: =VLOOKUP(B10,raw_a,2,0) -> 1월분 | D10: 사랑과 우정 사이에서 [성인판] | E10: =SUMIFS(전체리스트!D:D,전체리스트!A:A,B10,전체리스트!C:C,D10) -> 1620 | F10: =E10-G10 -> 648 | G10: =SUMIFS(전체리스트!E:E,전체리스트!A:A,B10,전체리스트!C:C,D10) -> 972 | H10: =G10*0.05 -> 48.6 | I10: =G10-H10 -> 923.4
B11: 핑거스토리_무툰 | C11: =VLOOKUP(B11,raw_a,2,0) -> 1월분 | D11: 한집 두 살림 [일반판] | E11: =SUMIFS(전체리스트!D:D,전체리스트!A:A,B11,전체리스트!C:C,D11) -> 270 | F11: =E11-G11 -> 108 | G11: =SUMIFS(전체리스트!E:E,전체리스트!A:A,B11,전체리스트!C:C,D11) -> 162 | H11: =G11*0.05 -> 8.1 | I11: =G11-H11 -> 153.9
B12: 핑거스토리_무툰 | C12: =VLOOKUP(B12,raw_a,2,0) -> 1월분 | D12: 츤데레 흥신소 | E12: =SUMIFS(전체리스트!D:D,전체리스트!A:A,B12,전체리스트!C:C,D12) -> 8100 | F12: =E12-G12 -> 3240 | G12: =SUMIFS(전체리스트!E:E,전체리스트!A:A,B12,전체리스트!C:C,D12) -> 4860 | H12: =G12*0.05 -> 243 | I12: =G12-H12 -> 4617
B13: 핑거스토리_무툰 | C13: =VLOOKUP(B13,raw_a,2,0) -> 1월분 | D13: 수렁 | E13: =SUMIFS(전체리스트!D:D,전체리스트!A:A,B13,전체리스트!C:C,D13) -> 9000 | F13: =E13-G13 -> 3600 | G13: =SUMIFS(전체리스트!E:E,전체리스트!A:A,B13,전체리스트!C:C,D13) -> 5400 | H13: =G13*0.05 -> 270 | I13: =G13-H13 -> 5130
B14: 핑거스토리_무툰 | C14: =VLOOKUP(B14,raw_a,2,0) -> 1월분 | D14: 주작의 귀환 | E14: =SUMIFS(전체리스트!D:D,전체리스트!A:A,B14,전체리스트!C:C,D14) -> 10530 | F14: =E14-G14 -> 4212 | G14: =SUMIFS(전체리스트!E:E,전체리스트!A:A,B14,전체리스트!C:C,D14) -> 6318 | H14: =G14*0.05 -> 315.9 | I14: =G14-H14 -> 6002.1
B15: 핑거스토리_무툰 | C15: =VLOOKUP(B15,raw_a,2,0) -> 1월분 | D15: 대표님의 삐뚤어진 사랑 | E15: =SUMIFS(전체리스트!D:D,전체리스트!A:A,B15,전체리스트!C:C,D15) -> 71100 | F15: =E15-G15 -> 28440 | G15: =SUMIFS(전체리스트!E:E,전체리스트!A:A,B15,전체리스트!C:C,D15) -> 42660 | H15: =G15*0.05 -> 2133 | I15: =G15-H15 -> 40527
B16: 핑거스토리_무툰 | C16: =VLOOKUP(B16,raw_a,2,0) -> 1월분 | D16: 대표님, 사모님이 도망가요 | E16: =SUMIFS(전체리스트!D:D,전체리스트!A:A,B16,전체리스트!C:C,D16) -> 51750 | F16: =E16-G16 -> 20700 | G16: =SUMIFS(전체리스트!E:E,전체리스트!A:A,B16,전체리스트!C:C,D16) -> 31050 | H16: =G16*0.05 -> 1552.5 | I16: =G16-H16 -> 29497.5
B17: 핑거스토리_무툰 | C17: =VLOOKUP(B17,raw_a,2,0) -> 1월분 | D17: 용의주도 대표님의 연애 게임 | E17: =SUMIFS(전체리스트!D:D,전체리스트!A:A,B17,전체리스트!C:C,D17) -> 13320 | F17: =E17-G17 -> 5328 | G17: =SUMIFS(전체리스트!E:E,전체리스트!A:A,B17,전체리스트!C:C,D17) -> 7992 | H17: =G17*0.05 -> 399.6 | I17: =G17-H17 -> 7592.4
... B28: 핑거스토리_무툰 | C28: =VLOOKUP(B28,raw_a,2,0) -> 1월분 | D28: 레벨업에 미친 의사 | E28: =SUMIFS(전체리스트!D:D,전체리스트!A:A,B28,전체리스트!C:C,D28) -> 432720 | F28: =E28-G28 -> 173088 | G28: =SUMIFS(전체리스트!E:E,전체리스트!A:A,B28,전체리스트!C:C,D28) -> 259632 | H28: =G28*0.05 -> 12981.6 | I28: =G28-H28 -> 246650.4
B29: 합계 | E29: =SUM(E6:E28) -> 876060 | F29: =SUM(F6:F28) -> 350424 | G29: =SUM(G6:G28) -> 525636 | H29: =SUM(H6:H28) -> 26281.8 | I29: =SUM(I6:I28) -> 499354.2 | J29: =SUM(J6:J28) -> 0

Sheet 북팔
B4: [RS 정산 기준]
B5: 사이트명 | C5: 매출월 | D5: 작품명 | E5: 소비자매출액 | F5: 유통사수수료 | G5: 스토리위즈매출액 | H5: 스토리위즈수익 | I5: 스토리숲 수익 | J5: 비고
B6: 북팔 | C6: =VLOOKUP(B6,raw_a,2,0) -> 1월분 | D6: 속도위반 대표님과 계약 아내 | E6: =SUMIFS(전체리스트!D:D,전체리스트!A:A,B6,전체리스트!C:C,D6) -> 309400 | F6: =E6-G6 -> 92820 | G6: =SUMIFS(전체리스트!E:E,전체리스트!A:A,B6,전체리스트!C:C,D6) -> 216580 | H6: =G6*0.05 -> 10829 | I6: =G6-H6 -> 205751
B7: 북팔 | C7: =VLOOKUP(B7,raw_a,2,0) -> 1월분 | D7: 수렁. | E7: =SUMIFS(전체리스트!D:D,전체리스트!A:A,B7,전체리스트!C:C,D7) -> 285600 | F7: =E7-G7 -> 85680 | G7: =SUMIFS(전체리스트!E:E,전체리스트!A:A,B7,전체리스트!C:C,D7) -> 199920 | H7: =G7*0.05 -> 9996 | I7: =G7-H7 -> 189924
B8: 북팔 | C8: =VLOOKUP(B8,raw_a,2,0) -> 1월분 | D8: 대표님의 삐뚤어진 사랑 | E8: =SUMIFS(전체리스트!D:D,전체리스트!A:A,B8,전체리스트!C:C,D8) -> 120000 | F8: =E8-G8 -> 36000 | G8: =SUMIFS(전체리스트!E:E,전체리스트!A:A,B8,전체리스트!C:C,D8) -> 84000 | H8: =G8*0.05 -> 4200 | I8: =G8-H8 -> 79800
B9: 북팔 | C9: =VLOOKUP(B9,raw_a,2,0) -> 1월분 | D9: 호랑이 장가 드는 날 | E9: =SUMIFS(전체리스트!D:D,전체리스트!A:A,B9,전체리스트!C:C,D9) -> 66300 | F9: =E9-G9 -> 19890 | G9: =SUMIFS(전체리스트!E:E,전체리스트!A:A,B9,전체리스트!C:C,D9) -> 46410 | H9: =G9*0.05 -> 2320.5 | I9: =G9-H9 -> 44089.5
B10: 북팔 | C10: =VLOOKUP(B10,raw_a,2,0) -> 1월분 | D10: 츤데레 흥신소 | E10: =SUMIFS(전체리스트!D:D,전체리스트!A:A,B10,전체리스트!C:C,D10) -> 64200 | F10: =E10-G10 -> 19260 | G10: =SUMIFS(전체리스트!E:E,전체리스트!A:A,B10,전체리스트!C:C,D10) -> 44940 | H10: =G10*0.05 -> 2247 | I10: =G10-H10 -> 42693
B11: 북팔 | C11: =VLOOKUP(B11,raw_a,2,0) -> 1월분 | D11: 대표님, 사모님이 도망가요 | E11: =SUMIFS(전체리스트!D:D,전체리스트!A:A,B11,전체리스트!C:C,D11) -> 42600 | F11: =E11-G11 -> 12780 | G11: =SUMIFS(전체리스트!E:E,전체리스트!A:A,B11,전체리스트!C:C,D11) -> 29820 | H11: =G11*0.05 -> 1491 | I11: =G11-H11 -> 28329
B12: 북팔 | C12: =VLOOKUP(B12,raw_a,2,0) -> 1월분 | D12: 사랑할 수 없는 그녀 | E12: =SUMIFS(전체리스트!D:D,전체리스트!A:A,B12,전체리스트!C:C,D12) -> 36200 | F12: =E12-G12 -> 10860 | G12: =SUMIFS(전체리스트!E:E,전체리스트!A:A,B12,전체리스트!C:C,D12) -> 25340 | H12: =G12*0.05 -> 1267 | I12: =G12-H12 -> 24073
B13: 북팔 | C13: =VLOOKUP(B13,raw_a,2,0) -> 1월분 | D13: 거짓말, 뱀파이어가 어디 있어? | E13: =SUMIFS(전체리스트!D:D,전체리스트!A:A,B13,전체리스트!C:C,D13) -> 20900 | F13: =E13-G13 -> 6270 | G13: =SUMIFS(전체리스트!E:E,전체리스트!A:A,B13,전체리스트!C:C,D13) -> 14630 | H13: =G13*0.05 -> 731.5 | I13: =G13-H13 -> 13898.5
B14: 북팔 | C14: =VLOOKUP(B14,raw_a,2,0) -> 1월분 | D14: 옆집 최애 | E14: =SUMIFS(전체리스트!D:D,전체리스트!A:A,B14,전체리스트!C:C,D14) -> 20100 | F14: =E14-G14 -> 6030 | G14: =SUMIFS(전체리스트!E:E,전체리스트!A:A,B14,전체리스트!C:C,D14) -> 14070 | H14: =G14*0.05 -> 703.5 | I14: =G14-H14 -> 13366.5
B15: 북팔 | C15: =VLOOKUP(B15,raw_a,2,0) -> 1월분 | D15: 사랑과 우정 사이에서 (개정판) | E15: =SUMIFS(전체리스트!D:D,전체리스트!A:A,B15,전체리스트!C:C,D15) -> 15000 | F15: =E15-G15 -> 4500 | G15: =SUMIFS(전체리스트!E:E,전체리스트!A:A,B15,전체리스트!C:C,D15) -> 10500 | H15: =G15*0.05 -> 525 | I15: =G15-H15 -> 9975
B16: 북팔 | C16: =VLOOKUP(B16,raw_a,2,0) -> 1월분 | D16: 연애포차 | E16: =SUMIFS(전체리스트!D:D,전체리스트!A:A,B16,전체리스트!C:C,D16) -> 9800 | F16: =E16-G16 -> 2940 | G16: =SUMIFS(전체리스트!E:E,전체리스트!A:A,B16,전체리스트!C:C,D16) -> 6860 | H16: =G16*0.05 -> 343 | I16: =G16-H16 -> 6517
B17: 북팔 | C17: =VLOOKUP(B17,raw_a,2,0) -> 1월분 | D17: 용의주도 대표님의 연애 게임 | E17: =SUMIFS(전체리스트!D:D,전체리스트!A:A,B17,전체리스트!C:C,D17) -> 9400 | F17: =E17-G17 -> 2820 | G17: =SUMIFS(전체리스트!E:E,전체리스트!A:A,B17,전체리스트!C:C,D17) -> 6580 | H17: =G17*0.05 -> 329 | I17: =G17-H17 -> 6251
... B23: 북팔 | C23: =VLOOKUP(B23,raw_a,2,0) -> 1월분 | D23: 한집 두 살림 (개정판) | E23: =SUMIFS(전체리스트!D:D,전체리스트!A:A,B23,전체리스트!C:C,D23) -> 900 | F23: =E23-G23 -> 270 | G23: =SUMIFS(전체리스트!E:E,전체리스트!A:A,B23,전체리스트!C:C,D23) -> 630 | H23: =G23*0.05 -> 31.5 | I23: =G23-H23 -> 598.5
B24: 합계 | E24: =SUM(E6:E23) -> 1019600 | F24: =SUM(F6:F23) -> 305880 | G24: =SUM(G6:G23) -> 713720 | H24: =SUM(H6:H23) -> 35686 | I24: =SUM(I6:I23) -> 678034 | J24: =SUM(J6:J23) -> 0

Sheet 엠유네트웍스
B4: [RS 정산 기준]
B5: 사이트명 | C5: 매출월 | D5: 작품명 | E5: 소비자매출액 | F5: 유통사수수료 | G5: 스토리위즈매출액 | H5: 스토리위즈수익 | I5: 스토리숲 수익 | J5: 비고
B6: 엠유네트웍스 | C6: =VLOOKUP(B6,raw_a,2,0) -> 12월분 | D6: 슬기로운 생활 | E6: =SUMIFS(전체리스트!D:D,전체리스트!A:A,B6,전체리스트!C:C,D6) -> 400 | F6: =E6-G6 -> 148 | G6: =SUMIFS(전체리스트!E:E,전체리스트!A:A,B6,전체리스트!C:C,D6) -> 252 | H6: =G6*0.05 -> 12.6 | I6: =G6-H6 -> 239.4
B7: 엠유네트웍스 | C7: =VLOOKUP(B7,raw_a,2,0) -> 12월분 | D7: 속도위반 대표님과 계약 아내 | E7: =SUMIFS(전체리스트!D:D,전체리스트!A:A,B7,전체리스트!C:C,D7) -> 1131800 | F7: =E7-G7 -> 418766 | G7: =SUMIFS(전체리스트!E:E,전체리스트!A:A,B7,전체리스트!C:C,D7) -> 713034 | H7: =G7*0.05 -> 35651.7 | I7: =G7-H7 -> 677382.3
B8: 엠유네트웍스 | C8: =VLOOKUP(B8,raw_a,2,0) -> 12월분 | D8: 꿰인 사이 | E8: =SUMIFS(전체리스트!D:D,전체리스트!A:A,B8,전체리스트!C:C,D8) -> 27000 | F8: =E8-G8 -> 9990 | G8: =SUMIFS(전체리스트!E:E,전체리스트!A:A,B8,전체리스트!C:C,D8) -> 17010 | H8: =G8*0.05 -> 850.5 | I8: =G8-H8 -> 16159.5
B9: 엠유네트웍스 | C9: =VLOOKUP(B9,raw_a,2,0) -> 12월분 | D9: 대표님의 삐뚤어진 사랑 | E9: =SUMIFS(전체리스트!D:D,전체리스트!A:A,B9,전체리스트!C:C,D9) -> 982800 | F9: =E9-G9 -> 363636 | G9: =SUMIFS(전체리스트!E:E,전체리스트!A:A,B9,전체리스트!C:C,D9) -> 619164 | H9: =G9*0.05 -> 30958.2 | I9: =G9-H9 -> 588205.8
B10: 엠유네트웍스 | C10: =VLOOKUP(B10,raw_a,2,0) -> 12월분 | D10: 대표님, 사모님이 도망가요 | E10: =SUMIFS(전체리스트!D:D,전체리스트!A:A,B10,전체리스트!C:C,D10) -> 607100 | F10: =E10-G10 -> 224627 | G10: =SUMIFS(전체리스트!E:E,전체리스트!A:A,B10,전체리스트!C:C,D10) -> 382473 | H10: =G10*0.05 -> 19123.65 | I10: =G10-H10 -> 363349.35
B11: 엠유네트웍스 | C11: =VLOOKUP(B11,raw_a,2,0) -> 12월분 | D11: 사랑할 수 없는 그녀 | E11: =SUMIFS(전체리스트!D:D,전체리스트!A:A,B11,전체리스트!C:C,D11) -> 134800 | F11: =E11-G11 -> 49876 | G11: =SUMIFS(전체리스트!E:E,전체리스트!A:A,B11,전체리스트!C:C,D11) -> 84924 | H11: =G11*0.05 -> 4246.2 | I11: =G11-H11 -> 80677.8
B12: 엠유네트웍스 | C12: =VLOOKUP(B12,raw_a,2,0) -> 12월분 | D12: 거짓말, 뱀파이어가 어디 있어? | E12: =SUMIFS(전체리스트!D:D,전체리스트!A:A,B12,전체리스트!C:C,D12) -> 99800 | F12: =E12-G12 -> 36926 | G12: =SUMIFS(전체리스트!E:E,전체리스트!A:A,B12,전체리스트!C:C,D12) -> 62874 | H12: =G12*0.05 -> 3143.7 | I12: =G12-H12 -> 59730.3
B13: 엠유네트웍스 | C13: =VLOOKUP(B13,raw_a,2,0) -> 12월분 | D13: 사랑과 우정 사이에서 | E13: =SUMIFS(전체리스트!D:D,전체리스트!A:A,B13,전체리스트!C:C,D13) -> 36000 | F13: =E13-G13 -> 13320 | G13: =SUMIFS(전체리스트!E:E,전체리스트!A:A,B13,전체리스트!C:C,D13) -> 22680 | H13: =G13*0.05 -> 1134 | I13: =G13-H13 -> 21546
B14: 합계 | E14: =SUM(E6:E13) -> 3019700 | F14: =SUM(F6:F13) -> 1117289 | G14: =SUM(G6:G13) -> 1902411 | H14: =SUM(H6:H13) -> 95120.55 | I14: =SUM(I6:I13) -> 1807290.5 | J14: =SUM(J6:J13) -> 0

Sheet 엠피언
B4: [RS 정산 기준]
B5: 사이트명 | C5: 매출월 | D5: 작품명 | E5: 소비자매출액 | F5: 유통사수수료 | G5: 스토리위즈매출액 | H5: 스토리위즈수익 | I5: 스토리숲 수익 | J5: 비고
B6: 엠피언 | C6: =VLOOKUP(B6,raw_a,2,0) -> 12월분 | D6: 속도위반 대표님과 계약 아내 | E6: =SUMIFS(전체리스트!D:D,전체리스트!A:A,B6,전체리스트!C:C,D6) -> 132800 | F6: =E6-G6 -> 49136 | G6: =SUMIFS(전체리스트!E:E,전체리스트!A:A,B6,전체리스트!C:C,D6) -> 83664 | H6: =G6*0.05 -> 4183.2 | I6: =G6-H6 -> 79480.8
B7: 엠피언 | C7: =VLOOKUP(B7,raw_a,2,0) -> 12월분 | D7: 꿰인 사이 | E7: =SUMIFS(전체리스트!D:D,전체리스트!A:A,B7,전체리스트!C:C,D7) -> 21100 | F7: =E7-G7 -> 7807 | G7: =SUMIFS(전체리스트!E:E,전체리스트!A:A,B7,전체리스트!C:C,D7) -> 13293 | H7: =G7*0.05 -> 664.65 | I7: =G7-H7 -> 12628.35
B8: 엠피언 | C8: =VLOOKUP(B8,raw_a,2,0) -> 12월분 | D8: 대표님의 삐뚤어진 사랑 | E8: =SUMIFS(전체리스트!D:D,전체리스트!A:A,B8,전체리스트!C:C,D8) -> 93700 | F8: =E8-G8 -> 34669 | G8: =SUMIFS(전체리스트!E:E,전체리스트!A:A,B8,전체리스트!C:C,D8) -> 59031 | H8: =G8*0.05 -> 2951.55 | I8: =G8-H8 -> 56079.45
B9: 엠피언 | C9: =VLOOKUP(B9,raw_a,2,0) -> 12월분 | D9: 대표님, 사모님이 도망가요 | E9: =SUMIFS(전체리스트!D:D,전체리스트!A:A,B9,전체리스트!C:C,D9) -> 103800 | F9: =E9-G9 -> 38406 | G9: =SUMIFS(전체리스트!E:E,전체리스트!A:A,B9,전체리스트!C:C,D9) -> 65394 | H9: =G9*0.05 -> 3269.7 | I9: =G9-H9 -> 62124.3
B10: 엠피언 | C10: =VLOOKUP(B10,raw_a,2,0) -> 12월분 | D10: 사랑할 수 없는 그녀 | E10: =SUMIFS(전체리스트!D:D,전체리스트!A:A,B10,전체리스트!C:C,D10) -> 43200 | F10: =E10-G10 -> 15984 | G10: =SUMIFS(전체리스트!E:E,전체리스트!A:A,B10,전체리스트!C:C,D10) -> 27216 | H10: =G10*0.05 -> 1360.8 | I10: =G10-H10 -> 25855.2
B11: 엠피언 | C11: =VLOOKUP(B11,raw_a,2,0) -> 12월분 | D11: 거짓말, 뱀파이어가 어디 있어? | E11: =SUMIFS(전체리스트!D:D,전체리스트!A:A,B11,전체리스트!C:C,D11) -> 10000 | F11: =E11-G11 -> 3700 | G11: =SUMIFS(전체리스트!E:E,전체리스트!A:A,B11,전체리스트!C:C,D11) -> 6300 | H11: =G11*0.05 -> 315 | I11: =G11-H11 -> 5985
B12: 엠피언 | C12: =VLOOKUP(B12,raw_a,2,0) -> 12월분 | D12: 사랑과 우정 사이에서 | E12: =SUMIFS(전체리스트!D:D,전체리스트!A:A,B12,전체리스트!C:C,D12) -> 38100 | F12: =E12-G12 -> 14097 | G12: =SUMIFS(전체리스트!E:E,전체리스트!A:A,B12,전체리스트!C:C,D12) -> 24003 | H12: =G12*0.05 -> 1200.15 | I12: =G12-H12 -> 22802.85
B13: 엠피언 | C13: =VLOOKUP(B13,raw_a,2,0) -> 12월분 | D13: 사랑과 우정 사이에서 [개정판] | E13: =SUMIFS(전체리스트!D:D,전체리스트!A:A,B13,전체리스트!C:C,D13) -> 300 | F13: =E13-G13 -> 111 | G13: =SUMIFS(전체리스트!E:E,전체리스트!A:A,B13,전체리스트!C:C,D13) -> 189 | H13: =G13*0.05 -> 9.45 | I13: =G13-H13 -> 179.55
B14: 합계 | E14: =SUM(E6:E13) -> 443000 | F14: =SUM(F6:F13) -> 163910 | G14: =SUM(G6:G13) -> 279090 | H14: =SUM(H6:H13) -> 13954.5 | I14: =SUM(I6:I13) -> 265135.5 | J14: =SUM(J6:J13) -> 0

Sheet 망가툰
B4: [RS 정산 기준]
B5: 사이트명 | C5: 매출월 | D5: 작품명 | E5: 소비자매출액 | F5: 유통사수수료 | G5: 스토리위즈매출액 | H5: 스토리위즈수익 | I5: 스토리숲 수익 | J5: 비고
B6: 망가툰 | C6: =VLOOKUP(B6,raw_a,2,0) -> 8~12월분 | D6: 슬기로운 생활 | E6: =SUMIFS(전체리스트!D:D,전체리스트!A:A,B6,전체리스트!C:C,D6) -> 152.71 | G6: =SUMIFS(전체리스트!E:E,전체리스트!A:A,B6,전체리스트!C:C,D6) -> 181358.4 | H6: =G6*0.05 -> 9067.9198 | I6: =G6-H6 -> 172290.48
B7: 망가툰 | C7: =VLOOKUP(B7,raw_a,2,0) -> 8~12월분 | D7: 수컷하우스 맨심 | E7: =SUMIFS(전체리스트!D:D,전체리스트!A:A,B7,전체리스트!C:C,D7) -> 17.15 | G7: =SUMIFS(전체리스트!E:E,전체리스트!A:A,B7,전체리스트!C:C,D7) -> 20367.34 | H7: =G7*0.05 -> 1018.367 | I7: =G7-H7 -> 19348.973
B8: 합계 | E8: =SUM(E6:E7) -> 169.86 | F8: =SUM(F6:F7) -> 0 | G8: =SUM(G6:G7) -> 201725.74 | H8: =SUM(H6:H7) -> 10086.287 | I8: =SUM(I6:I7) -> 191639.45 | J8: =SUM(J6:J7) -> 0

Sheet 웹코믹스
B4: [RS 정산 기준]
B5: 사이트명 | C5: 매출월 | D5: 작품명 | E5: 소비자매출액 | F5: 유통사수수료 | G5: 스토리위즈매출액 | H5: 스토리위즈수익 | I5: 스토리숲 수익 | J5: 비고
B6: 웹코믹스 | C6: =VLOOKUP(B6,raw_a,2,0) -> 11~12월분 | D6: 말도 안 되는 관계 | E6: =SUMIFS(전체리스트!D:D,전체리스트!A:A,B6,전체리스트!C:C,D6) -> 79.9935 | G6: =SUMIFS(전체리스트!E:E,전체리스트!A:A,B6,전체리스트!C:C,D6) -> 95336.253 | H6: =G6*0.05 -> 4766.8127 | I6: =G6-H6 -> 90569.441
B7: 웹코믹스 | C7: =VLOOKUP(B7,raw_a,2,0) -> 11~12월분 | D7: 수컷 하우스 맨심 | E7: =SUMIFS(전체리스트!D:D,전체리스트!A:A,B7,전체리스트!C:C,D7) -> 20.093 | G7: =SUMIFS(전체리스트!E:E,전체리스트!A:A,B7,전체리스트!C:C,D7) -> 23946.837 | H7: =G7*0.05 -> 1197.3419 | I7: =G7-H7 -> 22749.496
B8: 웹코믹스 | C8: =VLOOKUP(B8,raw_a,2,0) -> 11~12월분 | D8: 슬기로운 생활 | E8: =SUMIFS(전체리스트!D:D,전체리스트!A:A,B8,전체리스트!C:C,D8) -> 49.473 | G8: =SUMIFS(전체리스트!E:E,전체리스트!A:A,B8,전체리스트!C:C,D8) -> 58961.921 | H8: =G8*0.05 -> 2948.0961 | I8: =G8-H8 -> 56013.825
B9: 웹코믹스 | C9: =VLOOKUP(B9,raw_a,2,0) -> 11~12월분 | D9: 사랑과 우정 사이에서 | E9: =SUMIFS(전체리스트!D:D,전체리스트!A:A,B9,전체리스트!C:C,D9) -> 261.4245 | G9: =SUMIFS(전체리스트!E:E,전체리스트!A:A,B9,전체리스트!C:C,D9) -> 311565.72 | H9: =G9*0.05 -> 15578.286 | I9: =G9-H9 -> 295987.43
B10: 합계 | E10: =SUM(E6:E9) -> 410.984 | F10: =SUM(F6:F9) -> 0 | G10: =SUM(G6:G9) -> 489810.73 | H10: =SUM(H6:H9) -> 24490.537 | I10: =SUM(I6:I9) -> 465320.19 | J10: =SUM(J6:J9) -> 0

Sheet 교보문고
B4: [RS 정산 기준]
B5: 사이트명 | C5: 매출월 | D5: 작품명 | E5: 소비자매출액 | F5: 유통사수수료 | G5: 스토리위즈매출액 | H5: 스토리위즈수익 | I5: 스토리숲 수익 | J5: 비고
B6: 교보문고 | C6: =VLOOKUP(B6,raw_a,2,0) -> 1월분 | D6: 거짓말, 뱀파이어가 어디 있어? | E6: =SUMIFS(전체리스트!D:D,전체리스트!A:A,B6,전체리스트!C:C,D6) -> 48400 | G6: =SUMIFS(전체리스트!E:E,전체리스트!A:A,B6,전체리스트!C:C,D6) -> 33880 | H6: =G6*0.05 -> 1694 | I6: =G6-H6 -> 32186
B7: 교보문고 | C7: =VLOOKUP(B7,raw_a,2,0) -> 1월분 | D7: 사랑할 수 없는 그녀 | E7: =SUMIFS(전체리스트!D:D,전체리스트!A:A,B7,전체리스트!C:C,D7) -> 40900 | G7: =SUMIFS(전체리스트!E:E,전체리스트!A:A,B7,전체리스트!C:C,D7) -> 28630 | H7: =G7*0.05 -> 1431.5 | I7: =G7-H7 -> 27198.5
B8: 교보문고 | C8: =VLOOKUP(B8,raw_a,2,0) -> 1월분 | D8: 속도위반 대표님과 계약 아내 | E8: =SUMIFS(전체리스트!D:D,전체리스트!A:A,B8,전체리스트!C:C,D8) -> 24800 | G8: =SUMIFS(전체리스트!E:E,전체리스트!A:A,B8,전체리스트!C:C,D8) -> 17360 | H8: =G8*0.05 -> 868 | I8: =G8-H8 -> 16492
B9: 합계 | E9: =SUM(E6:E8) -> 114100 | F9: =SUM(F6:F8) -> 0 | G9: =SUM(G6:G8) -> 79870 | H9: =SUM(H6:H8) -> 3993.5 | I9: =SUM(I6:I8) -> 75876.5 | J9: =SUM(J6:J8) -> 0

Sheet 톡소다
B4: [RS 정산 기준]
B5: 사이트명 | C5: 매출월 | D5: 작품명 | E5: 소비자매출액 | F5: 유통사수수료 | G5: 스토리위즈매출액 | H5: 스토리위즈수익 | I5: 스토리숲 수익 | J5: 비고
B6: 톡소다 | C6: =VLOOKUP(B6,raw_a,2,0) -> 1월분 | D6: 거짓말, 뱀파이어가 어디 있어? | E6: =SUMIFS(전체리스트!D:D,전체리스트!A:A,B6,전체리스트!C:C,D6) -> 122000 | G6: =SUMIFS(전체리스트!E:E,전체리스트!A:A,B6,전체리스트!C:C,D6) -> 85400 | H6: =G6*0.05 -> 4270 | I6: =G6-H6 -> 81130
B7: 톡소다 | C7: =VLOOKUP(B7,raw_a,2,0) -> 1월분 | D7: 사랑할 수 없는 그녀 | E7: =SUMIFS(전체리스트!D:D,전체리스트!A:A,B7,전체리스트!C:C,D7) -> 209900 | G7: =SUMIFS(전체리스트!E:E,전체리스트!A:A,B7,전체리스트!C:C,D7) -> 146930 | H7: =G7*0.05 -> 7346.5 | I7: =G7-H7 -> 139583.5
B8: 톡소다 | C8: =VLOOKUP(B8,raw_a,2,0) -> 1월분 | D8: 속도위반 대표님과 계약 아내 | E8: =SUMIFS(전체리스트!D:D,전체리스트!A:A,B8,전체리스트!C:C,D8) -> 251200 | G8: =SUMIFS(전체리스트!E:E,전체리스트!A:A,B8,전체리스트!C:C,D8) -> 175840 | H8: =G8*0.05 -> 8792 | I8: =G8-H8 -> 167048
B9: 합계 | E9: =SUM(E6:E8) -> 583100 | F9: =SUM(F6:F8) -> 0 | G9: =SUM(G6:G8) -> 408170 | H9: =SUM(H6:H8) -> 20408.5 | I9: =SUM(I6:I8) -> 387761.5 | J9: =SUM(J6:J8) -> 0

Sheet process
B4: ■ 프로세스
B5: 주체 | C5: 업무 | D5: 일정 | E5: 비고
B6: 스토리숲 | C6: 전월 발생 매출에 대한 정산서 작성 후 스토리위즈에 제공 | D6: 매월 7일까지
B7: 스토리위즈 | C7: 스토리숲에서 제공한 정산서 토대로 스토리위즈 매출에 대해 계산서 발행 | D7: 매월 10일까지 | E7: 합계 시트 내 E열 [합계]
B8: 스토리숲 | C8: 스토리위즈 수익 및 제휴사 수익에 대한 계산서 발행 | D8: 매월 10일까지 | E8: 합계 시트 내 F열, G열 [합계]
B9: 스토리숲 | C9: 스토리위즈 수익분만큼 스토리위즈 계좌에 입금 | D9: 계산서 수령 후 30일 이내 | E9: 합계 시트 내 F열 [합계]
