Workbook

Sheet 합계(5)
A1: 판매일 | B1: 정산처명 | C1: 연재작품코드 | D1: 섹션 | E1: 카테고리 | F1: 작가명 | G1: 작품명 | H1: 출판사 | I1: 원가율 | J1: 선인세 | K1: 유료판매건수 | L1: 판매금액 | M1: 환불건수 | N1: 환불금액 | O1: 정산금액 | P1: 출판사 | Q1: 작가 CP
A2: 20220531 | B2: 스토리위즈 | C2: 25946 | D2: 웹소설/장르 | E2: 판타지 | F2: 무장 | G2: 형사의 게임 | H2: 스토리위즈 | I2: 70 | J2: 0 | K2: 10 | L2: 1000 | M2: 0 | N2: 0 | O2: 700 | P2: =IF(ISERROR(VLOOKUP(F2,[1]작가별정산률!$R:$S,2,0)),"스토리위즈",VLOOKUP(F2,[1]작가별정산률!$R:$S,2,0)) -> 스토리위즈 | Q2: =IF(P2="스토리위즈",VLOOKUP(F2,[1]작가별정산률!$A:$B,2,0),P2) -> 무장
A3: 20220531 | B3: 스토리위즈 | C3: 151282 | D3: 웹소설/장르 | E3: 판타지 | F3: 독고진 | G3: 신을 죽이러 갑니다 | H3: 스토리위즈 | I3: 70 | J3: 0 | K3: 4 | L3: 400 | M3: 0 | N3: 0 | O3: 280 | P3: =IF(ISERROR(VLOOKUP(F3,[1]작가별정산률!$R:$S,2,0)),"스토리위즈",VLOOKUP(F3,[1]작가별정산률!$R:$S,2,0)) -> 스토리위즈 | Q3: =IF(P3="스토리위즈",VLOOKUP(F3,[1]작가별정산률!$A:$B,2,0),P3) -> 독고진
A4: 20220531 | B4: 스토리위즈 | C4: 152151 | D4: 웹소설/장르 | E4: 로맨스판타지 | F4: 이린비 | G4: 여왕 아델 | H4: 스토리위즈 | I4: 70 | J4: 0 | K4: 2 | L4: 200 | M4: 0 | N4: 0 | O4: 140 | P4: =IF(ISERROR(VLOOKUP(F4,[1]작가별정산률!$R:$S,2,0)),"스토리위즈",VLOOKUP(F4,[1]작가별정산률!$R:$S,2,0)) -> 스토리위즈 | Q4: =IF(P4="스토리위즈",VLOOKUP(F4,[1]작가별정산률!$A:$B,2,0),P4) -> 이린비
A5: 20220531 | B5: 스토리위즈 | C5: 155364 | D5: 웹소설/장르 | E5: 정통무협 | F5: 직하인 | G5: 고검환정록 | H5: 에필로그 | I5: 70 | J5: 0 | K5: 1 | L5: 100 | M5: 0 | N5: 0 | O5: 70 | P5: =IF(ISERROR(VLOOKUP(F5,[1]작가별정산률!$R:$S,2,0)),"스토리위즈",VLOOKUP(F5,[1]작가별정산률!$R:$S,2,0)) -> 에필로그 | Q5: =IF(P5="스토리위즈",VLOOKUP(F5,[1]작가별정산률!$A:$B,2,0),P5) -> 에필로그
A6: 20220531 | B6: 스토리위즈 | C6: 155366 | D6: 웹소설/장르 | E6: 정통무협 | F6: 직하인 | G6: 자모검 | H6: 에필로그 | I6: 70 | J6: 0 | K6: 21 | L6: 2100 | M6: 0 | N6: 0 | O6: 1470 | P6: =IF(ISERROR(VLOOKUP(F6,[1]작가별정산률!$R:$S,2,0)),"스토리위즈",VLOOKUP(F6,[1]작가별정산률!$R:$S,2,0)) -> 에필로그 | Q6: =IF(P6="스토리위즈",VLOOKUP(F6,[1]작가별정산률!$A:$B,2,0),P6) -> 에필로그
A7: 20220531 | B7: 스토리위즈 | C7: 155393 | D7: 웹소설/장르 | E7: 로맨스판타지 | F7: 부엉이콩 | G7: 호랑이 신을 길들여 버렸다 | H7: 스토리위즈 | I7: 70 | J7: 0 | K7: 2 | L7: 200 | M7: 0 | N7: 0 | O7: 140 | P7: =IF(ISERROR(VLOOKUP(F7,[1]작가별정산률!$R:$S,2,0)),"스토리위즈",VLOOKUP(F7,[1]작가별정산률!$R:$S,2,0)) -> 스토리위즈 | Q7: =IF(P7="스토리위즈",VLOOKUP(F7,[1]작가별정산률!$A:$B,2,0),P7) -> 부엉이콩
A8: 20220531 | B8: 스토리위즈 | C8: 155803 | D8: 웹소설/장르 | E8: 신무협 | F8: 무장 | G8: 도폐풍운록 | H8: 스토리위즈 | I8: 70 | J8: 0 | K8: 30 | L8: 3000 | M8: 0 | N8: 0 | O8: 2100 | P8: =IF(ISERROR(VLOOKUP(F8,[1]작가별정산률!$R:$S,2,0)),"스토리위즈",VLOOKUP(F8,[1]작가별정산률!$R:$S,2,0)) -> 스토리위즈 | Q8: =IF(P8="스토리위즈",VLOOKUP(F8,[1]작가별정산률!$A:$B,2,0),P8) -> 무장
A9: 20220531 | B9: 스토리위즈 | C9: 156318 | D9: 웹소설/장르 | E9: 판타지 | F9: 협행마 | G9: 콘크리트 펀치 | H9: 에필로그 | I9: 70 | J9: 0 | K9: 3 | L9: 300 | M9: 0 | N9: 0 | O9: 210 | P9: =IF(ISERROR(VLOOKUP(F9,[1]작가별정산률!$R:$S,2,0)),"스토리위즈",VLOOKUP(F9,[1]작가별정산률!$R:$S,2,0)) -> 에필로그 | Q9: =IF(P9="스토리위즈",VLOOKUP(F9,[1]작가별정산률!$A:$B,2,0),P9) -> 에필로그
A10: 20220531 | B10: 스토리위즈 | C10: 156319 | D10: 웹소설/장르 | E10: 판타지 | F10: 협행마 | G10: 동대륙의 낭인무사 | H10: 에필로그 | I10: 70 | J10: 0 | K10: 3 | L10: 300 | M10: 0 | N10: 0 | O10: 210 | P10: =IF(ISERROR(VLOOKUP(F10,[1]작가별정산률!$R:$S,2,0)),"스토리위즈",VLOOKUP(F10,[1]작가별정산률!$R:$S,2,0)) -> 에필로그 | Q10: =IF(P10="스토리위즈",VLOOKUP(F10,[1]작가별정산률!$A:$B,2,0),P10) -> 에필로그
A11: 20220531 | B11: 스토리위즈 | C11: 156350 | D11: 웹소설/장르 | E11: 판타지 | F11: 글면증 | G11: 올마스터가 된 비전서고 | H11: 스토리위즈 | I11: 70 | J11: 0 | K11: 3 | L11: 300 | M11: 0 | N11: 0 | O11: 210 | P11: =IF(ISERROR(VLOOKUP(F11,[1]작가별정산률!$R:$S,2,0)),"스토리위즈",VLOOKUP(F11,[1]작가별정산률!$R:$S,2,0)) -> 스토리위즈 | Q11: =IF(P11="스토리위즈",VLOOKUP(F11,[1]작가별정산률!$A:$B,2,0),P11) -> 글면증
A12: 20220531 | B12: 스토리위즈 | C12: 156531 | D12: 웹소설/장르 | E12: 로맨스판타지 | F12: 윈델 | G12: 돌아온 막내 영애님을 조심하세요 | H12: 스토리위즈 | I12: 70 | J12: 0 | K12: 125 | L12: 12500 | M12: 0 | N12: 0 | O12: 8750 | P12: =IF(ISERROR(VLOOKUP(F12,[1]작가별정산률!$R:$S,2,0)),"스토리위즈",VLOOKUP(F12,[1]작가별정산률!$R:$S,2,0)) -> 스토리위즈 | Q12: =IF(P12="스토리위즈",VLOOKUP(F12,[1]작가별정산률!$A:$B,2,0),P12) -> 윈델
A13: 20220530 | B13: 스토리위즈 | C13: 151282 | D13: 웹소설/장르 | E13: 판타지 | F13: 독고진 | G13: 신을 죽이러 갑니다 | H13: 스토리위즈 | I13: 70 | J13: 0 | K13: 14 | L13: 1400 | M13: 0 | N13: 0 | O13: 980 | P13: =IF(ISERROR(VLOOKUP(F13,[1]작가별정산률!$R:$S,2,0)),"스토리위즈",VLOOKUP(F13,[1]작가별정산률!$R:$S,2,0)) -> 스토리위즈 | Q13: =IF(P13="스토리위즈",VLOOKUP(F13,[1]작가별정산률!$A:$B,2,0),P13) -> 독고진
... A171: 20220501 | B171: 스토리위즈 | C171: 155653 | D171: 웹소설/장르 | E171: 신무협 | F171: 무장 | G171: 유성하소월 | H171: 스토리위즈 | I171: 70 | J171: 0 | K171: 16 | L171: 1600 | M171: 0 | N171: 0 | O171: 1120 | P171: =IF(ISERROR(VLOOKUP(F171,[1]작가별정산률!$R:$S,2,0)),"스토리위즈",VLOOKUP(F171,[1]작가별정산률!$R:$S,2,0)) -> 스토리위즈 | Q171: =IF(P171="스토리위즈",VLOOKUP(F171,[1]작가별정산률!$A:$B,2,0),P171) -> 무장
O172: =SUM(O2:O171) -> 244720

Sheet 무장
A1: 판매일 | B1: 정산처명 | C1: 연재작품코드 | D1: 섹션 | E1: 카테고리 | F1: 작가명 | G1: 작품명 | H1: 출판사 | I1: 원가율 | J1: 선인세 | K1: 유료판매건수 | L1: 판매금액 | M1: 환불건수 | N1: 환불금액 | O1: 정산금액 | P1: 출판사 | Q1: 작가 CP
A2: 20220531 | B2: 스토리위즈 | C2: 25946 | D2: 웹소설/장르 | E2: 판타지 | F2: 무장 | G2: 형사의 게임 | H2: 스토리위즈 | I2: 70 | J2: 0 | K2: 10 | L2: 1000 | M2: 0 | N2: 0 | O2: 700 | P2: 스토리위즈 | Q2: 무장
A3: 20220531 | B3: 스토리위즈 | C3: 155803 | D3: 웹소설/장르 | E3: 신무협 | F3: 무장 | G3: 도폐풍운록 | H3: 스토리위즈 | I3: 70 | J3: 0 | K3: 30 | L3: 3000 | M3: 0 | N3: 0 | O3: 2100 | P3: 스토리위즈 | Q3: 무장
A4: 20220525 | B4: 스토리위즈 | C4: 155800 | D4: 웹소설/장르 | E4: 신무협 | F4: 무장 | G4: 선유문주 | H4: 스토리위즈 | I4: 70 | J4: 0 | K4: 2 | L4: 200 | M4: 0 | N4: 0 | O4: 140 | P4: 스토리위즈 | Q4: 무장
A5: 20220525 | B5: 스토리위즈 | C5: 155803 | D5: 웹소설/장르 | E5: 신무협 | F5: 무장 | G5: 도폐풍운록 | H5: 스토리위즈 | I5: 70 | J5: 0 | K5: 60 | L5: 6000 | M5: 0 | N5: 0 | O5: 4200 | P5: 스토리위즈 | Q5: 무장
A6: 20220515 | B6: 스토리위즈 | C6: 155653 | D6: 웹소설/장르 | E6: 신무협 | F6: 무장 | G6: 유성하소월 | H6: 스토리위즈 | I6: 70 | J6: 0 | K6: 4 | L6: 400 | M6: 0 | N6: 0 | O6: 280 | P6: 스토리위즈 | Q6: 무장
A7: 20220515 | B7: 스토리위즈 | C7: 155803 | D7: 웹소설/장르 | E7: 신무협 | F7: 무장 | G7: 도폐풍운록 | H7: 스토리위즈 | I7: 70 | J7: 0 | K7: 4 | L7: 400 | M7: 0 | N7: 0 | O7: 280 | P7: 스토리위즈 | Q7: 무장
A8: 20220506 | B8: 스토리위즈 | C8: 155651 | D8: 웹소설/장르 | E8: 신무협 | F8: 무장 | G8: 강호유정 | H8: 스토리위즈 | I8: 70 | J8: 0 | K8: 33 | L8: 3300 | M8: 0 | N8: 0 | O8: 2310 | P8: 스토리위즈 | Q8: 무장
A9: 20220506 | B9: 스토리위즈 | C9: 155653 | D9: 웹소설/장르 | E9: 신무협 | F9: 무장 | G9: 유성하소월 | H9: 스토리위즈 | I9: 70 | J9: 0 | K9: 3 | L9: 300 | M9: 0 | N9: 0 | O9: 210 | P9: 스토리위즈 | Q9: 무장
A10: 20220505 | B10: 스토리위즈 | C10: 155651 | D10: 웹소설/장르 | E10: 신무협 | F10: 무장 | G10: 강호유정 | H10: 스토리위즈 | I10: 70 | J10: 0 | K10: 31 | L10: 3100 | M10: 0 | N10: 0 | O10: 2170 | P10: 스토리위즈 | Q10: 무장
A11: 20220504 | B11: 스토리위즈 | C11: 155651 | D11: 웹소설/장르 | E11: 신무협 | F11: 무장 | G11: 강호유정 | H11: 스토리위즈 | I11: 70 | J11: 0 | K11: 27 | L11: 2700 | M11: 0 | N11: 0 | O11: 1890 | P11: 스토리위즈 | Q11: 무장
A12: 20220504 | B12: 스토리위즈 | C12: 155803 | D12: 웹소설/장르 | E12: 신무협 | F12: 무장 | G12: 도폐풍운록 | H12: 스토리위즈 | I12: 70 | J12: 0 | K12: 3 | L12: 300 | M12: 0 | N12: 0 | O12: 210 | P12: 스토리위즈 | Q12: 무장
A13: 20220503 | B13: 스토리위즈 | C13: 155651 | D13: 웹소설/장르 | E13: 신무협 | F13: 무장 | G13: 강호유정 | H13: 스토리위즈 | I13: 70 | J13: 0 | K13: 8 | L13: 800 | M13: 0 | N13: 0 | O13: 560 | P13: 스토리위즈 | Q13: 무장
... A16: 20220501 | B16: 스토리위즈 | C16: 155653 | D16: 웹소설/장르 | E16: 신무협 | F16: 무장 | G16: 유성하소월 | H16: 스토리위즈 | I16: 70 | J16: 0 | K16: 16 | L16: 1600 | M16: 0 | N16: 0 | O16: 1120 | P16: 스토리위즈 | Q16: 무장

Sheet 독고진
A1: 판매일 | B1: 정산처명 | C1: 연재작품코드 | D1: 섹션 | E1: 카테고리 | F1: 작가명 | G1: 작품명 | H1: 출판사 | I1: 원가율 | J1: 선인세 | K1: 유료판매건수 | L1: 판매금액 | M1: 환불건수 | N1: 환불금액 | O1: 정산금액 | P1: 출판사 | Q1: 작가 CP
A2: 20220531 | B2: 스토리위즈 | C2: 151282 | D2: 웹소설/장르 | E2: 판타지 | F2: 독고진 | G2: 신을 죽이러 갑니다 | H2: 스토리위즈 | I2: 70 | J2: 0 | K2: 4 | L2: 400 | M2: 0 | N2: 0 | O2: 280 | P2: 스토리위즈 | Q2: 독고진
A3: 20220530 | B3: 스토리위즈 | C3: 151282 | D3: 웹소설/장르 | E3: 판타지 | F3: 독고진 | G3: 신을 죽이러 갑니다 | H3: 스토리위즈 | I3: 70 | J3: 0 | K3: 14 | L3: 1400 | M3: 0 | N3: 0 | O3: 980 | P3: 스토리위즈 | Q3: 독고진
A4: 20220529 | B4: 스토리위즈 | C4: 151282 | D4: 웹소설/장르 | E4: 판타지 | F4: 독고진 | G4: 신을 죽이러 갑니다 | H4: 스토리위즈 | I4: 70 | J4: 0 | K4: 18 | L4: 1800 | M4: 0 | N4: 0 | O4: 1260 | P4: 스토리위즈 | Q4: 독고진
A5: 20220528 | B5: 스토리위즈 | C5: 151282 | D5: 웹소설/장르 | E5: 판타지 | F5: 독고진 | G5: 신을 죽이러 갑니다 | H5: 스토리위즈 | I5: 70 | J5: 0 | K5: 15 | L5: 1500 | M5: 0 | N5: 0 | O5: 1050 | P5: 스토리위즈 | Q5: 독고진
A6: 20220527 | B6: 스토리위즈 | C6: 151282 | D6: 웹소설/장르 | E6: 판타지 | F6: 독고진 | G6: 신을 죽이러 갑니다 | H6: 스토리위즈 | I6: 70 | J6: 0 | K6: 44 | L6: 4400 | M6: 0 | N6: 0 | O6: 3080 | P6: 스토리위즈 | Q6: 독고진
A7: 20220515 | B7: 스토리위즈 | C7: 151282 | D7: 웹소설/장르 | E7: 판타지 | F7: 독고진 | G7: 신을 죽이러 갑니다 | H7: 스토리위즈 | I7: 70 | J7: 0 | K7: 5 | L7: 500 | M7: 0 | N7: 0 | O7: 350 | P7: 스토리위즈 | Q7: 독고진
A8: 20220514 | B8: 스토리위즈 | C8: 151282 | D8: 웹소설/장르 | E8: 판타지 | F8: 독고진 | G8: 신을 죽이러 갑니다 | H8: 스토리위즈 | I8: 70 | J8: 0 | K8: 6 | L8: 600 | M8: 0 | N8: 0 | O8: 420 | P8: 스토리위즈 | Q8: 독고진
A9: 20220513 | B9: 스토리위즈 | C9: 151282 | D9: 웹소설/장르 | E9: 판타지 | F9: 독고진 | G9: 신을 죽이러 갑니다 | H9: 스토리위즈 | I9: 70 | J9: 0 | K9: 6 | L9: 600 | M9: 0 | N9: 0 | O9: 420 | P9: 스토리위즈 | Q9: 독고진

Sheet 이린비
A1: 판매일 | B1: 정산처명 | C1: 연재작품코드 | D1: 섹션 | E1: 카테고리 | F1: 작가명 | G1: 작품명 | H1: 출판사 | I1: 원가율 | J1: 선인세 | K1: 유료판매건수 | L1: 판매금액 | M1: 환불건수 | N1: 환불금액 | O1: 정산금액 | P1: 출판사 | Q1: 작가 CP
A2: 20220531 | B2: 스토리위즈 | C2: 152151 | D2: 웹소설/장르 | E2: 로맨스판타지 | F2: 이린비 | G2: 여왕 아델 | H2: 스토리위즈 | I2: 70 | J2: 0 | K2: 2 | L2: 200 | M2: 0 | N2: 0 | O2: 140 | P2: 스토리위즈 | Q2: 이린비
A3: 20220529 | B3: 스토리위즈 | C3: 152151 | D3: 웹소설/장르 | E3: 로맨스판타지 | F3: 이린비 | G3: 여왕 아델 | H3: 스토리위즈 | I3: 70 | J3: 0 | K3: 3 | L3: 300 | M3: 0 | N3: 0 | O3: 210 | P3: 스토리위즈 | Q3: 이린비
A4: 20220528 | B4: 스토리위즈 | C4: 152151 | D4: 웹소설/장르 | E4: 로맨스판타지 | F4: 이린비 | G4: 여왕 아델 | H4: 스토리위즈 | I4: 70 | J4: 0 | K4: 7 | L4: 700 | M4: 0 | N4: 0 | O4: 490 | P4: 스토리위즈 | Q4: 이린비
A5: 20220527 | B5: 스토리위즈 | C5: 152151 | D5: 웹소설/장르 | E5: 로맨스판타지 | F5: 이린비 | G5: 여왕 아델 | H5: 스토리위즈 | I5: 70 | J5: 0 | K5: 2 | L5: 200 | M5: 0 | N5: 0 | O5: 140 | P5: 스토리위즈 | Q5: 이린비
A6: 20220525 | B6: 스토리위즈 | C6: 152151 | D6: 웹소설/장르 | E6: 로맨스판타지 | F6: 이린비 | G6: 여왕 아델 | H6: 스토리위즈 | I6: 70 | J6: 0 | K6: 1 | L6: 100 | M6: 0 | N6: 0 | O6: 70 | P6: 스토리위즈 | Q6: 이린비
A7: 20220523 | B7: 스토리위즈 | C7: 152151 | D7: 웹소설/장르 | E7: 로맨스판타지 | F7: 이린비 | G7: 여왕 아델 | H7: 스토리위즈 | I7: 70 | J7: 0 | K7: 3 | L7: 300 | M7: 0 | N7: 0 | O7: 210 | P7: 스토리위즈 | Q7: 이린비

Sheet 에필로그
A1: 판매일 | B1: 정산처명 | C1: 연재작품코드 | D1: 섹션 | E1: 카테고리 | F1: 작가명 | G1: 작품명 | H1: 출판사 | I1: 원가율 | J1: 선인세 | K1: 유료판매건수 | L1: 판매금액 | M1: 환불건수 | N1: 환불금액 | O1: 정산금액 | P1: 출판사 | Q1: 작가 CP
A2: 20220531 | B2: 스토리위즈 | C2: 155364 | D2: 웹소설/장르 | E2: 정통무협 | F2: 직하인 | G2: 고검환정록 | H2: 에필로그 | I2: 70 | J2: 0 | K2: 1 | L2: 100 | M2: 0 | N2: 0 | O2: 70 | P2: 에필로그 | Q2: 에필로그
A3: 20220531 | B3: 스토리위즈 | C3: 155366 | D3: 웹소설/장르 | E3: 정통무협 | F3: 직하인 | G3: 자모검 | H3: 에필로그 | I3: 70 | J3: 0 | K3: 21 | L3: 2100 | M3: 0 | N3: 0 | O3: 1470 | P3: 에필로그 | Q3: 에필로그
A4: 20220531 | B4: 스토리위즈 | C4: 156318 | D4: 웹소설/장르 | E4: 판타지 | F4: 협행마 | G4: 콘크리트 펀치 | H4: 에필로그 | I4: 70 | J4: 0 | K4: 3 | L4: 300 | M4: 0 | N4: 0 | O4: 210 | P4: 에필로그 | Q4: 에필로그
A5: 20220531 | B5: 스토리위즈 | C5: 156319 | D5: 웹소설/장르 | E5: 판타지 | F5: 협행마 | G5: 동대륙의 낭인무사 | H5: 에필로그 | I5: 70 | J5: 0 | K5: 3 | L5: 300 | M5: 0 | N5: 0 | O5: 210 | P5: 에필로그 | Q5: 에필로그
A6: 20220530 | B6: 스토리위즈 | C6: 155366 | D6: 웹소설/장르 | E6: 정통무협 | F6: 직하인 | G6: 자모검 | H6: 에필로그 | I6: 70 | J6: 0 | K6: 19 | L6: 1900 | M6: 0 | N6: 0 | O6: 1330 | P6: 에필로그 | Q6: 에필로그
A7: 20220530 | B7: 스토리위즈 | C7: 156318 | D7: 웹소설/장르 | E7: 판타지 | F7: 협행마 | G7: 콘크리트 펀치 | H7: 에필로그 | I7: 70 | J7: 0 | K7: 10 | L7: 1000 | M7: 0 | N7: 0 | O7: 700 | P7: 에필로그 | Q7: 에필로그
A8: 20220529 | B8: 스토리위즈 | C8: 155366 | D8: 웹소설/장르 | E8: 정통무협 | F8: 직하인 | G8: 자모검 | H8: 에필로그 | I8: 70 | J8: 0 | K8: 21 | L8: 2100 | M8: 0 | N8: 0 | O8: 1470 | P8: 에필로그 | Q8: 에필로그
A9: 20220528 | B9: 스토리위즈 | C9: 155366 | D9: 웹소설/장르 | E9: 정통무협 | F9: 직하인 | G9: 자모검 | H9: 에필로그 | I9: 70 | J9: 0 | K9: 21 | L9: 2100 | M9: 0 | N9: 0 | O9: 1470 | P9: 에필로그 | Q9: 에필로그
A10: 20220528 | B10: 스토리위즈 | C10: 156036 | D10: 웹소설/장르 | E10: 판타지 | F10: 백범(白帆) | G10: 법보다 주먹 | H10: 에필로그 | I10: 70 | J10: 0 | K10: 19 | L10: 1900 | M10: 0 | N10: 0 | O10: 1330 | P10: 에필로그 | Q10: 에필로그
A11: 20220528 | B11: 스토리위즈 | C11: 156319 | D11: 웹소설/장르 | E11: 판타지 | F11: 협행마 | G11: 동대륙의 낭인무사 | H11: 에필로그 | I11: 70 | J11: 0 | K11: 1 | L11: 100 | M11: 0 | N11: 0 | O11: 70 | P11: 에필로그 | Q11: 에필로그
A12: 20220527 | B12: 스토리위즈 | C12: 155366 | D12: 웹소설/장르 | E12: 정통무협 | F12: 직하인 | G12: 자모검 | H12: 에필로그 | I12: 70 | J12: 0 | K12: 3 | L12: 300 | M12: 0 | N12: 0 | O12: 210 | P12: 에필로그 | Q12: 에필로그
A13: 20220527 | B13: 스토리위즈 | C13: 156317 | D13: 웹소설/장르 | E13: 판타지 | F13: 협행마 | G13: 전장의 금기 | H13: 에필로그 | I13: 70 | J13: 0 | K13: 1 | L13: 100 | M13: 0 | N13: 0 | O13: 70 | P13: 에필로그 | Q13: 에필로그
... A55: 20220501 | B55: 스토리위즈 | C55: 155639 | D55: 웹소설/장르 | E55: 신무협 | F55: 최재봉 | G55: 강호, 미치다 | H55: 에필로그 | I55: 70 | J55: 0 | K55: 4 | L55: 400 | M55: 0 | N55: 0 | O55: 280 | P55: 에필로그 | Q55: 에필로그

Sheet 부엉이콩
A1: 판매일 | B1: 정산처명 | C1: 연재작품코드 | D1: 섹션 | E1: 카테고리 | F1: 작가명 | G1: 작품명 | H1: 출판사 | I1: 원가율 | J1: 선인세 | K1: 유료판매건수 | L1: 판매금액 | M1: 환불건수 | N1: 환불금액 | O1: 정산금액 | P1: 출판사 | Q1: 작가 CP
A2: 20220531 | B2: 스토리위즈 | C2: 155393 | D2: 웹소설/장르 | E2: 로맨스판타지 | F2: 부엉이콩 | G2: 호랑이 신을 길들여 버렸다 | H2: 스토리위즈 | I2: 70 | J2: 0 | K2: 2 | L2: 200 | M2: 0 | N2: 0 | O2: 140 | P2: 스토리위즈 | Q2: 부엉이콩
A3: 20220523 | B3: 스토리위즈 | C3: 155393 | D3: 웹소설/장르 | E3: 로맨스판타지 | F3: 부엉이콩 | G3: 호랑이 신을 길들여 버렸다 | H3: 스토리위즈 | I3: 70 | J3: 0 | K3: 3 | L3: 300 | M3: 0 | N3: 0 | O3: 210 | P3: 스토리위즈 | Q3: 부엉이콩
A4: 20220512 | B4: 스토리위즈 | C4: 155393 | D4: 웹소설/장르 | E4: 로맨스판타지 | F4: 부엉이콩 | G4: 호랑이 신을 길들여 버렸다 | H4: 스토리위즈 | I4: 70 | J4: 0 | K4: 3 | L4: 300 | M4: 0 | N4: 0 | O4: 210 | P4: 스토리위즈 | Q4: 부엉이콩

Sheet 글면증
A1: 판매일 | B1: 정산처명 | C1: 연재작품코드 | D1: 섹션 | E1: 카테고리 | F1: 작가명 | G1: 작품명 | H1: 출판사 | I1: 원가율 | J1: 선인세 | K1: 유료판매건수 | L1: 판매금액 | M1: 환불건수 | N1: 환불금액 | O1: 정산금액 | P1: 출판사 | Q1: 작가 CP
A2: 20220531 | B2: 스토리위즈 | C2: 156350 | D2: 웹소설/장르 | E2: 판타지 | F2: 글면증 | G2: 올마스터가 된 비전서고 | H2: 스토리위즈 | I2: 70 | J2: 0 | K2: 3 | L2: 300 | M2: 0 | N2: 0 | O2: 210 | P2: 스토리위즈 | Q2: 글면증
A3: 20220530 | B3: 스토리위즈 | C3: 156350 | D3: 웹소설/장르 | E3: 판타지 | F3: 글면증 | G3: 올마스터가 된 비전서고 | H3: 스토리위즈 | I3: 70 | J3: 0 | K3: 2 | L3: 200 | M3: 0 | N3: 0 | O3: 140 | P3: 스토리위즈 | Q3: 글면증
A4: 20220513 | B4: 스토리위즈 | C4: 156350 | D4: 웹소설/장르 | E4: 판타지 | F4: 글면증 | G4: 올마스터가 된 비전서고 | H4: 스토리위즈 | I4: 70 | J4: 0 | K4: 5 | L4: 500 | M4: 0 | N4: 0 | O4: 350 | P4: 스토리위즈 | Q4: 글면증

Sheet 윈델
A1: 판매일 | B1: 정산처명 | C1: 연재작품코드 | D1: 섹션 | E1: 카테고리 | F1: 작가명 | G1: 작품명 | H1: 출판사 | I1: 원가율 | J1: 선인세 | K1: 유료판매건수 | L1: 판매금액 | M1: 환불건수 | N1: 환불금액 | O1: 정산금액 | P1: 출판사 | Q1: 작가 CP
A2: 20220531 | B2: 스토리위즈 | C2: 156531 | D2: 웹소설/장르 | E2: 로맨스판타지 | F2: 윈델 | G2: 돌아온 막내 영애님을 조심하세요 | H2: 스토리위즈 | I2: 70 | J2: 0 | K2: 125 | L2: 12500 | M2: 0 | N2: 0 | O2: 8750 | P2: 스토리위즈 | Q2: 윈델
A3: 20220530 | B3: 스토리위즈 | C3: 156531 | D3: 웹소설/장르 | E3: 로맨스판타지 | F3: 윈델 | G3: 돌아온 막내 영애님을 조심하세요 | H3: 스토리위즈 | I3: 70 | J3: 0 | K3: 134 | L3: 13400 | M3: 0 | N3: 0 | O3: 9380 | P3: 스토리위즈 | Q3: 윈델
A4: 20220529 | B4: 스토리위즈 | C4: 156531 | D4: 웹소설/장르 | E4: 로맨스판타지 | F4: 윈델 | G4: 돌아온 막내 영애님을 조심하세요 | H4: 스토리위즈 | I4: 70 | J4: 0 | K4: 75 | L4: 7500 | M4: 0 | N4: 0 | O4: 5250 | P4: 스토리위즈 | Q4: 윈델
A5: 20220528 | B5: 스토리위즈 | C5: 156531 | D5: 웹소설/장르 | E5: 로맨스판타지 | F5: 윈델 | G5: 돌아온 막내 영애님을 조심하세요 | H5: 스토리위즈 | I5: 70 | J5: 0 | K5: 160 | L5: 16000 | M5: 0 | N5: 0 | O5: 11200 | P5: 스토리위즈 | Q5: 윈델
A6: 20220527 | B6: 스토리위즈 | C6: 156531 | D6: 웹소설/장르 | E6: 로맨스판타지 | F6: 윈델 | G6: 돌아온 막내 영애님을 조심하세요 | H6: 스토리위즈 | I6: 70 | J6: 0 | K6: 83 | L6: 8300 | M6: 0 | N6: 0 | O6: 5810 | P6: 스토리위즈 | Q6: 윈델
A7: 20220526 | B7: 스토리위즈 | C7: 156531 | D7: 웹소설/장르 | E7: 로맨스판타지 | F7: 윈델 | G7: 돌아온 막내 영애님을 조심하세요 | H7: 스토리위즈 | I7: 70 | J7: 0 | K7: 92 | L7: 9200 | M7: 0 | N7: 0 | O7: 6440 | P7: 스토리위즈 | Q7: 윈델
A8: 20220525 | B8: 스토리위즈 | C8: 156531 | D8: 웹소설/장르 | E8: 로맨스판타지 | F8: 윈델 | G8: 돌아온 막내 영애님을 조심하세요 | H8: 스토리위즈 | I8: 70 | J8: 0 | K8: 169 | L8: 16900 | M8: 0 | N8: 0 | O8: 11830 | P8: 스토리위즈 | Q8: 윈델
A9: 20220524 | B9: 스토리위즈 | C9: 156531 | D9: 웹소설/장르 | E9: 로맨스판타지 | F9: 윈델 | G9: 돌아온 막내 영애님을 조심하세요 | H9: 스토리위즈 | I9: 70 | J9: 0 | K9: 187 | L9: 18700 | M9: 0 | N9: 0 | O9: 13090 | P9: 스토리위즈 | Q9: 윈델
A10: 20220523 | B10: 스토리위즈 | C10: 156531 | D10: 웹소설/장르 | E10: 로맨스판타지 | F10: 윈델 | G10: 돌아온 막내 영애님을 조심하세요 | H10: 스토리위즈 | I10: 70 | J10: 0 | K10: 148 | L10: 14800 | M10: 0 | N10: 0 | O10: 10360 | P10: 스토리위즈 | Q10: 윈델

Sheet 한례
A1: 판매일 | B1: 정산처명 | C1: 연재작품코드 | D1: 섹션 | E1: 카테고리 | F1: 작가명 | G1: 작품명 | H1: 출판사 | I1: 원가율 | J1: 선인세 | K1: 유료판매건수 | L1: 판매금액 | M1: 환불건수 | N1: 환불금액 | O1: 정산금액 | P1: 출판사 | Q1: 작가 CP
A2: 20220530 | B2: 스토리위즈 | C2: 152149 | D2: 웹소설/장르 | E2: 로맨스판타지 | F2: 한례 | G2: 순백의 아가씨 | H2: 스토리위즈 | I2: 70 | J2: 0 | K2: 1 | L2: 100 | M2: 0 | N2: 0 | O2: 70 | P2: 스토리위즈 | Q2: 한례
A3: 20220529 | B3: 스토리위즈 | C3: 152149 | D3: 웹소설/장르 | E3: 로맨스판타지 | F3: 한례 | G3: 순백의 아가씨 | H3: 스토리위즈 | I3: 70 | J3: 0 | K3: 10 | L3: 1000 | M3: 0 | N3: 0 | O3: 700 | P3: 스토리위즈 | Q3: 한례
A4: 20220528 | B4: 스토리위즈 | C4: 152149 | D4: 웹소설/장르 | E4: 로맨스판타지 | F4: 한례 | G4: 순백의 아가씨 | H4: 스토리위즈 | I4: 70 | J4: 0 | K4: 1 | L4: 100 | M4: 0 | N4: 0 | O4: 70 | P4: 스토리위즈 | Q4: 한례
A5: 20220526 | B5: 스토리위즈 | C5: 152149 | D5: 웹소설/장르 | E5: 로맨스판타지 | F5: 한례 | G5: 순백의 아가씨 | H5: 스토리위즈 | I5: 70 | J5: 0 | K5: 2 | L5: 200 | M5: 0 | N5: 0 | O5: 140 | P5: 스토리위즈 | Q5: 한례
A6: 20220524 | B6: 스토리위즈 | C6: 152149 | D6: 웹소설/장르 | E6: 로맨스판타지 | F6: 한례 | G6: 순백의 아가씨 | H6: 스토리위즈 | I6: 70 | J6: 0 | K6: 15 | L6: 1500 | M6: 0 | N6: 0 | O6: 1050 | P6: 스토리위즈 | Q6: 한례

Sheet 불고기자리
A1: 판매일 | B1: 정산처명 | C1: 연재작품코드 | D1: 섹션 | E1: 카테고리 | F1: 작가명 | G1: 작품명 | H1: 출판사 | I1: 원가율 | J1: 선인세 | K1: 유료판매건수 | L1: 판매금액 | M1: 환불건수 | N1: 환불금액 | O1: 정산금액 | P1: 출판사 | Q1: 작가 CP
A2: 20220530 | B2: 스토리위즈 | C2: 152150 | D2: 웹소설/장르 | E2: 로맨스판타지 | F2: 불고기자리 | G2: 레이디 스칼렛 | H2: 스토리위즈 | I2: 70 | J2: 0 | K2: 4 | L2: 400 | M2: 0 | N2: 0 | O2: 280 | P2: 스토리위즈 | Q2: 불고기자리
A3: 20220526 | B3: 스토리위즈 | C3: 152150 | D3: 웹소설/장르 | E3: 로맨스판타지 | F3: 불고기자리 | G3: 레이디 스칼렛 | H3: 스토리위즈 | I3: 70 | J3: 0 | K3: 91 | L3: 9100 | M3: 0 | N3: 0 | O3: 6370 | P3: 스토리위즈 | Q3: 불고기자리
A4: 20220525 | B4: 스토리위즈 | C4: 152150 | D4: 웹소설/장르 | E4: 로맨스판타지 | F4: 불고기자리 | G4: 레이디 스칼렛 | H4: 스토리위즈 | I4: 70 | J4: 0 | K4: 84 | L4: 8400 | M4: 0 | N4: 0 | O4: 5880 | P4: 스토리위즈 | Q4: 불고기자리
A5: 20220524 | B5: 스토리위즈 | C5: 152150 | D5: 웹소설/장르 | E5: 로맨스판타지 | F5: 불고기자리 | G5: 레이디 스칼렛 | H5: 스토리위즈 | I5: 70 | J5: 0 | K5: 50 | L5: 5000 | M5: 0 | N5: 0 | O5: 3500 | P5: 스토리위즈 | Q5: 불고기자리
A6: 20220517 | B6: 스토리위즈 | C6: 152150 | D6: 웹소설/장르 | E6: 로맨스판타지 | F6: 불고기자리 | G6: 레이디 스칼렛 | H6: 스토리위즈 | I6: 70 | J6: 0 | K6: 10 | L6: 1000 | M6: 0 | N6: 0 | O6: 700 | P6: 스토리위즈 | Q6: 불고기자리

Sheet 세상
A1: 판매일 | B1: 정산처명 | C1: 연재작품코드 | D1: 섹션 | E1: 카테고리 | F1: 작가명 | G1: 작품명 | H1: 출판사 | I1: 원가율 | J1: 선인세 | K1: 유료판매건수 | L1: 판매금액 | M1: 환불건수 | N1: 환불금액 | O1: 정산금액 | P1: 출판사 | Q1: 작가 CP
A2: 20220530 | B2: 스토리위즈 | C2: 154677 | D2: 웹소설/장르 | E2: BL | F2: 세상 | G2: 컬러 러쉬 | H2: 스토리위즈 | I2: 70 | J2: 0 | K2: 10 | L2: 1000 | M2: 0 | N2: 0 | O2: 700 | P2: 스토리위즈 | Q2: 세상
A3: 20220524 | B3: 스토리위즈 | C3: 154677 | D3: 웹소설/장르 | E3: BL | F3: 세상 | G3: 컬러 러쉬 | H3: 스토리위즈 | I3: 70 | J3: 0 | K3: 10 | L3: 1000 | M3: 0 | N3: 0 | O3: 700 | P3: 스토리위즈 | Q3: 세상
A4: 20220503 | B4: 스토리위즈 | C4: 154677 | D4: 웹소설/장르 | E4: BL | F4: 세상 | G4: 컬러 러쉬 | H4: 스토리위즈 | I4: 70 | J4: 0 | K4: 10 | L4: 1000 | M4: 0 | N4: 0 | O4: 700 | P4: 스토리위즈 | Q4: 세상
A5: 20220501 | B5: 스토리위즈 | C5: 154677 | D5: 웹소설/장르 | E5: BL | F5: 세상 | G5: 컬러 러쉬 | H5: 스토리위즈 | I5: 70 | J5: 0 | K5: 9 | L5: 900 | M5: 0 | N5: 0 | O5: 630 | P5: 스토리위즈 | Q5: 세상

Sheet 더컴퍼니
A1: 판매일 | B1: 정산처명 | C1: 연재작품코드 | D1: 섹션 | E1: 카테고리 | F1: 작가명 | G1: 작품명 | H1: 출판사 | I1: 원가율 | J1: 선인세 | K1: 유료판매건수 | L1: 판매금액 | M1: 환불건수 | N1: 환불금액 | O1: 정산금액 | P1: 출판사 | Q1: 작가 CP
A2: 20220530 | B2: 스토리위즈 | C2: 155905 | D2: 웹소설/장르 | E2: BL | F2: 이다겸 | G2: 너드 공략집 | H2: 블러쉬 | I2: 70 | J2: 0 | K2: 6 | L2: 600 | M2: 0 | N2: 0 | O2: 420 | P2: 블러쉬 | Q2: 더컴퍼니
A3: 20220508 | B3: 스토리위즈 | C3: 155915 | D3: 웹소설/장르 | E3: BL | F3: 라돌체 | G3: 엠프티(Empty) | H3: 블러쉬 | I3: 70 | J3: 0 | K3: 2 | L3: 200 | M3: 0 | N3: 0 | O3: 140 | P3: 블러쉬 | Q3: 더컴퍼니
A4: 20220506 | B4: 스토리위즈 | C4: 155915 | D4: 웹소설/장르 | E4: BL | F4: 라돌체 | G4: 엠프티(Empty) | H4: 블러쉬 | I4: 70 | J4: 0 | K4: 1 | L4: 100 | M4: 0 | N4: 0 | O4: 70 | P4: 블러쉬 | Q4: 더컴퍼니
A5: 20220505 | B5: 스토리위즈 | C5: 155915 | D5: 웹소설/장르 | E5: BL | F5: 라돌체 | G5: 엠프티(Empty) | H5: 블러쉬 | I5: 70 | J5: 0 | K5: 3 | L5: 300 | M5: 0 | N5: 0 | O5: 210 | P5: 블러쉬 | Q5: 더컴퍼니

Sheet 무성매직
A1: 판매일 | B1: 정산처명 | C1: 연재작품코드 | D1: 섹션 | E1: 카테고리 | F1: 작가명 | G1: 작품명 | H1: 출판사 | I1: 원가율 | J1: 선인세 | K1: 유료판매건수 | L1: 판매금액 | M1: 환불건수 | N1: 환불금액 | O1: 정산금액 | P1: 출판사 | Q1: 작가 CP
A2: 20220529 | B2: 스토리위즈 | C2: 152164 | D2: 웹소설/장르 | E2: 로맨스판타지 | F2: 무성매직 | G2: 공작가의 남루한 신부 | H2: 스토리위즈 | I2: 70 | J2: 0 | K2: 11 | L2: 1100 | M2: 0 | N2: 0 | O2: 770 | P2: 스토리위즈 | Q2: 무성매직
A3: 20220527 | B3: 스토리위즈 | C3: 152164 | D3: 웹소설/장르 | E3: 로맨스판타지 | F3: 무성매직 | G3: 공작가의 남루한 신부 | H3: 스토리위즈 | I3: 70 | J3: 0 | K3: 9 | L3: 900 | M3: 0 | N3: 0 | O3: 630 | P3: 스토리위즈 | Q3: 무성매직
A4: 20220526 | B4: 스토리위즈 | C4: 152164 | D4: 웹소설/장르 | E4: 로맨스판타지 | F4: 무성매직 | G4: 공작가의 남루한 신부 | H4: 스토리위즈 | I4: 70 | J4: 0 | K4: 73 | L4: 7300 | M4: 0 | N4: 0 | O4: 5110 | P4: 스토리위즈 | Q4: 무성매직
A5: 20220525 | B5: 스토리위즈 | C5: 152164 | D5: 웹소설/장르 | E5: 로맨스판타지 | F5: 무성매직 | G5: 공작가의 남루한 신부 | H5: 스토리위즈 | I5: 70 | J5: 0 | K5: 43 | L5: 4300 | M5: 0 | N5: 0 | O5: 3010 | P5: 스토리위즈 | Q5: 무성매직
A6: 20220524 | B6: 스토리위즈 | C6: 152164 | D6: 웹소설/장르 | E6: 로맨스판타지 | F6: 무성매직 | G6: 공작가의 남루한 신부 | H6: 스토리위즈 | I6: 70 | J6: 0 | K6: 21 | L6: 2100 | M6: 0 | N6: 0 | O6: 1470 | P6: 스토리위즈 | Q6: 무성매직
A7: 20220523 | B7: 스토리위즈 | C7: 152164 | D7: 웹소설/장르 | E7: 로맨스판타지 | F7: 무성매직 | G7: 공작가의 남루한 신부 | H7: 스토리위즈 | I7: 70 | J7: 0 | K7: 4 | L7: 400 | M7: 0 | N7: 0 | O7: 280 | P7: 스토리위즈 | Q7: 무성매직
A8: 20220503 | B8: 스토리위즈 | C8: 152164 | D8: 웹소설/장르 | E8: 로맨스판타지 | F8: 무성매직 | G8: 공작가의 남루한 신부 | H8: 스토리위즈 | I8: 70 | J8: 0 | K8: 10 | L8: 1000 | M8: 0 | N8: 0 | O8: 700 | P8: 스토리위즈 | Q8: 무성매직

Sheet 구공
A1: 판매일 | B1: 정산처명 | C1: 연재작품코드 | D1: 섹션 | E1: 카테고리 | F1: 작가명 | G1: 작품명 | H1: 출판사 | I1: 원가율 | J1: 선인세 | K1: 유료판매건수 | L1: 판매금액 | M1: 환불건수 | N1: 환불금액 | O1: 정산금액 | P1: 출판사 | Q1: 작가 CP
A2: 20220526 | B2: 스토리위즈 | C2: 156349 | D2: 웹소설/장르 | E2: 판타지 | F2: 구공 | G2: 회귀자의 슬기로운 복수생활 | H2: 스토리위즈 | I2: 70 | J2: 0 | K2: 21 | L2: 2100 | M2: 0 | N2: 0 | O2: 1470 | P2: 스토리위즈 | Q2: 구공
A3: 20220525 | B3: 스토리위즈 | C3: 156349 | D3: 웹소설/장르 | E3: 판타지 | F3: 구공 | G3: 회귀자의 슬기로운 복수생활 | H3: 스토리위즈 | I3: 70 | J3: 0 | K3: 18 | L3: 1800 | M3: 0 | N3: 0 | O3: 1260 | P3: 스토리위즈 | Q3: 구공
A4: 20220524 | B4: 스토리위즈 | C4: 156349 | D4: 웹소설/장르 | E4: 판타지 | F4: 구공 | G4: 회귀자의 슬기로운 복수생활 | H4: 스토리위즈 | I4: 70 | J4: 0 | K4: 18 | L4: 1800 | M4: 0 | N4: 0 | O4: 1260 | P4: 스토리위즈 | Q4: 구공
A5: 20220523 | B5: 스토리위즈 | C5: 156349 | D5: 웹소설/장르 | E5: 판타지 | F5: 구공 | G5: 회귀자의 슬기로운 복수생활 | H5: 스토리위즈 | I5: 70 | J5: 0 | K5: 26 | L5: 2600 | M5: 0 | N5: 0 | O5: 1820 | P5: 스토리위즈 | Q5: 구공
A6: 20220522 | B6: 스토리위즈 | C6: 156349 | D6: 웹소설/장르 | E6: 판타지 | F6: 구공 | G6: 회귀자의 슬기로운 복수생활 | H6: 스토리위즈 | I6: 70 | J6: 0 | K6: 27 | L6: 2700 | M6: 0 | N6: 0 | O6: 1890 | P6: 스토리위즈 | Q6: 구공
A7: 20220521 | B7: 스토리위즈 | C7: 156349 | D7: 웹소설/장르 | E7: 판타지 | F7: 구공 | G7: 회귀자의 슬기로운 복수생활 | H7: 스토리위즈 | I7: 70 | J7: 0 | K7: 15 | L7: 1500 | M7: 0 | N7: 0 | O7: 1050 | P7: 스토리위즈 | Q7: 구공
A8: 20220520 | B8: 스토리위즈 | C8: 156349 | D8: 웹소설/장르 | E8: 판타지 | F8: 구공 | G8: 회귀자의 슬기로운 복수생활 | H8: 스토리위즈 | I8: 70 | J8: 0 | K8: 25 | L8: 2500 | M8: 0 | N8: 0 | O8: 1750 | P8: 스토리위즈 | Q8: 구공
A9: 20220519 | B9: 스토리위즈 | C9: 156349 | D9: 웹소설/장르 | E9: 판타지 | F9: 구공 | G9: 회귀자의 슬기로운 복수생활 | H9: 스토리위즈 | I9: 70 | J9: 0 | K9: 2 | L9: 200 | M9: 0 | N9: 0 | O9: 140 | P9: 스토리위즈 | Q9: 구공
A10: 20220518 | B10: 스토리위즈 | C10: 156349 | D10: 웹소설/장르 | E10: 판타지 | F10: 구공 | G10: 회귀자의 슬기로운 복수생활 | H10: 스토리위즈 | I10: 70 | J10: 0 | K10: 15 | L10: 1500 | M10: 0 | N10: 0 | O10: 1050 | P10: 스토리위즈 | Q10: 구공
A11: 20220513 | B11: 스토리위즈 | C11: 156349 | D11: 웹소설/장르 | E11: 판타지 | F11: 구공 | G11: 회귀자의 슬기로운 복수생활 | H11: 스토리위즈 | I11: 70 | J11: 0 | K11: 1 | L11: 100 | M11: 0 | N11: 0 | O11: 70 | P11: 스토리위즈 | Q11: 구공

Sheet 김광수
A1: 판매일 | B1: 정산처명 | C1: 연재작품코드 | D1: 섹션 | E1: 카테고리 | F1: 작가명 | G1: 작품명 | H1: 출판사 | I1: 원가율 | J1: 선인세 | K1: 유료판매건수 | L1: 판매금액 | M1: 환불건수 | N1: 환불금액 | O1: 정산금액 | P1: 출판사 | Q1: 작가 CP
A2: 20220523 | B2: 스토리위즈 | C2: 150559 | D2: 웹소설/장르 | E2: 신무협 | F2: 김광수 | G2: [개정판]영웅 | H2: 스토리위즈 | I2: 70 | J2: 0 | K2: 1 | L2: 100 | M2: 0 | N2: 0 | O2: 70 | P2: 스토리위즈 | Q2: 김광수

Sheet 이한애비
A1: 판매일 | B1: 정산처명 | C1: 연재작품코드 | D1: 섹션 | E1: 카테고리 | F1: 작가명 | G1: 작품명 | H1: 출판사 | I1: 원가율 | J1: 선인세 | K1: 유료판매건수 | L1: 판매금액 | M1: 환불건수 | N1: 환불금액 | O1: 정산금액 | P1: 출판사 | Q1: 작가 CP
A2: 20220514 | B2: 스토리위즈 | C2: 155494 | D2: 웹소설/장르 | E2: 판타지 | F2: 이한애비 | G2: 원코인 게이머 아포칼립스 | H2: 스토리위즈 | I2: 70 | J2: 0 | K2: 1 | L2: 100 | M2: 0 | N2: 0 | O2: 70 | P2: 스토리위즈 | Q2: 이한애비
A3: 20220513 | B3: 스토리위즈 | C3: 155494 | D3: 웹소설/장르 | E3: 판타지 | F3: 이한애비 | G3: 원코인 게이머 아포칼립스 | H3: 스토리위즈 | I3: 70 | J3: 0 | K3: 2 | L3: 200 | M3: 0 | N3: 0 | O3: 140 | P3: 스토리위즈 | Q3: 이한애비
A4: 20220512 | B4: 스토리위즈 | C4: 155494 | D4: 웹소설/장르 | E4: 판타지 | F4: 이한애비 | G4: 원코인 게이머 아포칼립스 | H4: 스토리위즈 | I4: 70 | J4: 0 | K4: 2 | L4: 200 | M4: 0 | N4: 0 | O4: 140 | P4: 스토리위즈 | Q4: 이한애비
A5: 20220511 | B5: 스토리위즈 | C5: 155494 | D5: 웹소설/장르 | E5: 판타지 | F5: 이한애비 | G5: 원코인 게이머 아포칼립스 | H5: 스토리위즈 | I5: 70 | J5: 0 | K5: 2 | L5: 200 | M5: 0 | N5: 0 | O5: 140 | P5: 스토리위즈 | Q5: 이한애비
A6: 20220510 | B6: 스토리위즈 | C6: 155494 | D6: 웹소설/장르 | E6: 판타지 | F6: 이한애비 | G6: 원코인 게이머 아포칼립스 | H6: 스토리위즈 | I6: 70 | J6: 0 | K6: 3 | L6: 300 | M6: 0 | N6: 0 | O6: 210 | P6: 스토리위즈 | Q6: 이한애비
A7: 20220501 | B7: 스토리위즈 | C7: 155494 | D7: 웹소설/장르 | E7: 판타지 | F7: 이한애비 | G7: 원코인 게이머 아포칼립스 | H7: 스토리위즈 | I7: 70 | J7: 0 | K7: 10 | L7: 1000 | M7: 0 | N7: 0 | O7: 700 | P7: 스토리위즈 | Q7: 이한애비

Sheet 온서
A1: 판매일 | B1: 정산처명 | C1: 연재작품코드 | D1: 섹션 | E1: 카테고리 | F1: 작가명 | G1: 작품명 | H1: 출판사 | I1: 원가율 | J1: 선인세 | K1: 유료판매건수 | L1: 판매금액 | M1: 환불건수 | N1: 환불금액 | O1: 정산금액 | P1: 출판사 | Q1: 작가 CP
A2: 20220513 | B2: 스토리위즈 | C2: 155154 | D2: 웹소설/장르 | E2: 연애 | F2: 온서 | G2: 임신부터 할까요? | H2: 스토리위즈 | I2: 70 | J2: 0 | K2: 1 | L2: 100 | M2: 0 | N2: 0 | O2: 70 | P2: 스토리위즈 | Q2: 온서
A3: 20220511 | B3: 스토리위즈 | C3: 155154 | D3: 웹소설/장르 | E3: 연애 | F3: 온서 | G3: 임신부터 할까요? | H3: 스토리위즈 | I3: 70 | J3: 0 | K3: 34 | L3: 3400 | M3: 0 | N3: 0 | O3: 2380 | P3: 스토리위즈 | Q3: 온서
A4: 20220510 | B4: 스토리위즈 | C4: 155154 | D4: 웹소설/장르 | E4: 연애 | F4: 온서 | G4: 임신부터 할까요? | H4: 스토리위즈 | I4: 70 | J4: 0 | K4: 6 | L4: 600 | M4: 0 | N4: 0 | O4: 420 | P4: 스토리위즈 | Q4: 온서

Sheet 권용찬
A1: 판매일 | B1: 정산처명 | C1: 연재작품코드 | D1: 섹션 | E1: 카테고리 | F1: 작가명 | G1: 작품명 | H1: 출판사 | I1: 원가율 | J1: 선인세 | K1: 유료판매건수 | L1: 판매금액 | M1: 환불건수 | N1: 환불금액 | O1: 정산금액 | P1: 출판사 | Q1: 작가 CP
A2: 20220512 | B2: 스토리위즈 | C2: 151869 | D2: 웹소설/장르 | E2: 신무협 | F2: 권용찬 | G2: 신마협도 | H2: 스토리위즈 | I2: 70 | J2: 0 | K2: 1 | L2: 100 | M2: 0 | N2: 0 | O2: 70 | P2: 스토리위즈 | Q2: 권용찬
A3: 20220505 | B3: 스토리위즈 | C3: 151856 | D3: 웹소설/장르 | E3: 판타지 | F3: 권용찬 | G3: 게이트 헌터 | H3: 스토리위즈 | I3: 70 | J3: 0 | K3: 1 | L3: 100 | M3: 0 | N3: 0 | O3: 70 | P3: 스토리위즈 | Q3: 권용찬
A4: 20220504 | B4: 스토리위즈 | C4: 151856 | D4: 웹소설/장르 | E4: 판타지 | F4: 권용찬 | G4: 게이트 헌터 | H4: 스토리위즈 | I4: 70 | J4: 0 | K4: 3 | L4: 300 | M4: 0 | N4: 0 | O4: 210 | P4: 스토리위즈 | Q4: 권용찬
A5: 20220503 | B5: 스토리위즈 | C5: 151856 | D5: 웹소설/장르 | E5: 판타지 | F5: 권용찬 | G5: 게이트 헌터 | H5: 스토리위즈 | I5: 70 | J5: 0 | K5: 3 | L5: 300 | M5: 0 | N5: 0 | O5: 210 | P5: 스토리위즈 | Q5: 권용찬
A6: 20220502 | B6: 스토리위즈 | C6: 151856 | D6: 웹소설/장르 | E6: 판타지 | F6: 권용찬 | G6: 게이트 헌터 | H6: 스토리위즈 | I6: 70 | J6: 0 | K6: 3 | L6: 300 | M6: 0 | N6: 0 | O6: 210 | P6: 스토리위즈 | Q6: 권용찬

Sheet 갓띵작
A1: 판매일 | B1: 정산처명 | C1: 연재작품코드 | D1: 섹션 | E1: 카테고리 | F1: 작가명 | G1: 작품명 | H1: 출판사 | I1: 원가율 | J1: 선인세 | K1: 유료판매건수 | L1: 판매금액 | M1: 환불건수 | N1: 환불금액 | O1: 정산금액 | P1: 출판사 | Q1: 작가 CP
A2: 20220511 | B2: 스토리위즈 | C2: 156208 | D2: 웹소설/장르 | E2: 판타지 | F2: 갓띵작 | G2: 신들의 알바나라 | H2: 스토리위즈 | I2: 70 | J2: 0 | K2: 2 | L2: 200 | M2: 0 | N2: 0 | O2: 140 | P2: 스토리위즈 | Q2: 갓띵작
A3: 20220507 | B3: 스토리위즈 | C3: 156208 | D3: 웹소설/장르 | E3: 판타지 | F3: 갓띵작 | G3: 신들의 알바나라 | H3: 스토리위즈 | I3: 70 | J3: 0 | K3: 1 | L3: 100 | M3: 0 | N3: 0 | O3: 70 | P3: 스토리위즈 | Q3: 갓띵작
A4: 20220505 | B4: 스토리위즈 | C4: 156208 | D4: 웹소설/장르 | E4: 판타지 | F4: 갓띵작 | G4: 신들의 알바나라 | H4: 스토리위즈 | I4: 70 | J4: 0 | K4: 3 | L4: 300 | M4: 0 | N4: 0 | O4: 210 | P4: 스토리위즈 | Q4: 갓띵작
A5: 20220504 | B5: 스토리위즈 | C5: 156208 | D5: 웹소설/장르 | E5: 판타지 | F5: 갓띵작 | G5: 신들의 알바나라 | H5: 스토리위즈 | I5: 70 | J5: 0 | K5: 3 | L5: 300 | M5: 0 | N5: 0 | O5: 210 | P5: 스토리위즈 | Q5: 갓띵작
A6: 20220503 | B6: 스토리위즈 | C6: 156208 | D6: 웹소설/장르 | E6: 판타지 | F6: 갓띵작 | G6: 신들의 알바나라 | H6: 스토리위즈 | I6: 70 | J6: 0 | K6: 22 | L6: 2200 | M6: 0 | N6: 0 | O6: 1540 | P6: 스토리위즈 | Q6: 갓띵작
A7: 20220502 | B7: 스토리위즈 | C7: 156208 | D7: 웹소설/장르 | E7: 판타지 | F7: 갓띵작 | G7: 신들의 알바나라 | H7: 스토리위즈 | I7: 70 | J7: 0 | K7: 1 | L7: 100 | M7: 0 | N7: 0 | O7: 70 | P7: 스토리위즈 | Q7: 갓띵작

Sheet 만렙도끼
A1: 판매일 | B1: 정산처명 | C1: 연재작품코드 | D1: 섹션 | E1: 카테고리 | F1: 작가명 | G1: 작품명 | H1: 출판사 | I1: 원가율 | J1: 선인세 | K1: 유료판매건수 | L1: 판매금액 | M1: 환불건수 | N1: 환불금액 | O1: 정산금액 | P1: 출판사 | Q1: 작가 CP
A2: 20220507 | B2: 스토리위즈 | C2: 152374 | D2: 웹소설/장르 | E2: 신무협 | F2: 만렙도끼 | G2: 마신부활 | H2: 스토리위즈 | I2: 70 | J2: 0 | K2: 2 | L2: 200 | M2: 0 | N2: 0 | O2: 140 | P2: 스토리위즈 | Q2: 만렙도끼
A3: 20220506 | B3: 스토리위즈 | C3: 152374 | D3: 웹소설/장르 | E3: 신무협 | F3: 만렙도끼 | G3: 마신부활 | H3: 스토리위즈 | I3: 70 | J3: 0 | K3: 2 | L3: 200 | M3: 0 | N3: 0 | O3: 140 | P3: 스토리위즈 | Q3: 만렙도끼
A4: 20220505 | B4: 스토리위즈 | C4: 152374 | D4: 웹소설/장르 | E4: 신무협 | F4: 만렙도끼 | G4: 마신부활 | H4: 스토리위즈 | I4: 70 | J4: 0 | K4: 6 | L4: 600 | M4: 0 | N4: 0 | O4: 420 | P4: 스토리위즈 | Q4: 만렙도끼
A5: 20220504 | B5: 스토리위즈 | C5: 152374 | D5: 웹소설/장르 | E5: 신무협 | F5: 만렙도끼 | G5: 마신부활 | H5: 스토리위즈 | I5: 70 | J5: 0 | K5: 5 | L5: 500 | M5: 0 | N5: 0 | O5: 350 | P5: 스토리위즈 | Q5: 만렙도끼
A6: 20220503 | B6: 스토리위즈 | C6: 152374 | D6: 웹소설/장르 | E6: 신무협 | F6: 만렙도끼 | G6: 마신부활 | H6: 스토리위즈 | I6: 70 | J6: 0 | K6: 8 | L6: 800 | M6: 0 | N6: 0 | O6: 560 | P6: 스토리위즈 | Q6: 만렙도끼
A7: 20220502 | B7: 스토리위즈 | C7: 152374 | D7: 웹소설/장르 | E7: 신무협 | F7: 만렙도끼 | G7: 마신부활 | H7: 스토리위즈 | I7: 70 | J7: 0 | K7: 11 | L7: 1100 | M7: 0 | N7: 0 | O7: 770 | P7: 스토리위즈 | Q7: 만렙도끼
A8: 20220501 | B8: 스토리위즈 | C8: 152374 | D8: 웹소설/장르 | E8: 신무협 | F8: 만렙도끼 | G8: 마신부활 | H8: 스토리위즈 | I8: 70 | J8: 0 | K8: 4 | L8: 400 | M8: 0 | N8: 0 | O8: 280 | P8: 스토리위즈 | Q8: 만렙도끼

Sheet 아크스튜디오
A1: 판매일 | B1: 정산처명 | C1: 연재작품코드 | D1: 섹션 | E1: 카테고리 | F1: 작가명 | G1: 작품명 | H1: 출판사 | I1: 원가율 | J1: 선인세 | K1: 유료판매건수 | L1: 판매금액 | M1: 환불건수 | N1: 환불금액 | O1: 정산금액 | P1: 출판사 | Q1: 작가 CP
A2: 20220506 | B2: 스토리위즈 | C2: 155971 | D2: 웹소설/장르 | E2: 판타지 | F2: 라이큐 | G2: 소울 슈터 | H2: 스토리아크 | I2: 70 | J2: 0 | K2: 2 | L2: 200 | M2: 0 | N2: 0 | O2: 140 | P2: 스토리아크 | Q2: 아크스튜디오
A3: 20220505 | B3: 스토리위즈 | C3: 155971 | D3: 웹소설/장르 | E3: 판타지 | F3: 라이큐 | G3: 소울 슈터 | H3: 스토리아크 | I3: 70 | J3: 0 | K3: 5 | L3: 500 | M3: 0 | N3: 0 | O3: 350 | P3: 스토리아크 | Q3: 아크스튜디오
A4: 20220504 | B4: 스토리위즈 | C4: 155971 | D4: 웹소설/장르 | E4: 판타지 | F4: 라이큐 | G4: 소울 슈터 | H4: 스토리아크 | I4: 70 | J4: 0 | K4: 3 | L4: 300 | M4: 0 | N4: 0 | O4: 210 | P4: 스토리아크 | Q4: 아크스튜디오
A5: 20220503 | B5: 스토리위즈 | C5: 155971 | D5: 웹소설/장르 | E5: 판타지 | F5: 라이큐 | G5: 소울 슈터 | H5: 스토리아크 | I5: 70 | J5: 0 | K5: 2 | L5: 200 | M5: 0 | N5: 0 | O5: 140 | P5: 스토리아크 | Q5: 아크스튜디오

Sheet 비고
A1: 판매일 | B1: 정산처명 | C1: 연재작품코드 | D1: 섹션 | E1: 카테고리 | F1: 작가명 | G1: 작품명 | H1: 출판사 | I1: 원가율 | J1: 선인세 | K1: 유료판매건수 | L1: 판매금액 | M1: 환불건수 | N1: 환불금액 | O1: 정산금액 | P1: 출판사 | Q1: 작가 CP
A2: 20220506 | B2: 스토리위즈 | C2: 155976 | D2: 웹소설/장르 | E2: 판타지 | F2: 비고 | G2: 얼굴 천재 교주가 되었다 | H2: 스토리위즈 | I2: 70 | J2: 0 | K2: 2 | L2: 200 | M2: 0 | N2: 0 | O2: 140 | P2: 스토리위즈 | Q2: 비고
A3: 20220505 | B3: 스토리위즈 | C3: 155976 | D3: 웹소설/장르 | E3: 판타지 | F3: 비고 | G3: 얼굴 천재 교주가 되었다 | H3: 스토리위즈 | I3: 70 | J3: 0 | K3: 3 | L3: 300 | M3: 0 | N3: 0 | O3: 210 | P3: 스토리위즈 | Q3: 비고
A4: 20220504 | B4: 스토리위즈 | C4: 155976 | D4: 웹소설/장르 | E4: 판타지 | F4: 비고 | G4: 얼굴 천재 교주가 되었다 | H4: 스토리위즈 | I4: 70 | J4: 0 | K4: 3 | L4: 300 | M4: 0 | N4: 0 | O4: 210 | P4: 스토리위즈 | Q4: 비고
A5: 20220503 | B5: 스토리위즈 | C5: 155976 | D5: 웹소설/장르 | E5: 판타지 | F5: 비고 | G5: 얼굴 천재 교주가 되었다 | H5: 스토리위즈 | I5: 70 | J5: 0 | K5: 4 | L5: 400 | M5: 0 | N5: 0 | O5: 280 | P5: 스토리위즈 | Q5: 비고

Sheet 루이세
A1: 판매일 | B1: 정산처명 | C1: 연재작품코드 | D1: 섹션 | E1: 카테고리 | F1: 작가명 | G1: 작품명 | H1: 출판사 | I1: 원가율 | J1: 선인세 | K1: 유료판매건수 | L1: 판매금액 | M1: 환불건수 | N1: 환불금액 | O1: 정산금액 | P1: 출판사 | Q1: 작가 CP
A2: 20220501 | B2: 스토리위즈 | C2: 25955 | D2: 웹소설/장르 | E2: 판타지 | F2: 루이세 | G2: 간신이 나라를 살림 | H2: 스토리위즈 | I2: 70 | J2: 0 | K2: 6 | L2: 600 | M2: 0 | N2: 0 | O2: 420 | P2: 스토리위즈 | Q2: 루이세
