Workbook

Sheet 합계(5)
A1: 순번 | B1: 구분 | C1: 필명 | D1: 아이디 | E1: 작품명 | F1: 판매수 | G1: 판매액 | H1: 정산율 | I1: 수익금 | J1: 비고 | K1: 출판사 | L1: 작가 CP
A2: 1 | B2: 웹툰 | C2: Ice×FANFAN COMIC | D2: storywiz | E2: 폭군의 눈물 | F2: 82 | G2: 8200 | H2: 0.7 | I2: =G2*H2 -> 5740 | K2: =IF(ISERROR(VLOOKUP(C2,[1]작가별정산률!$R:$S,2,0)),"스토리위즈",VLOOKUP(C2,[1]작가별정산률!$R:$S,2,0)) -> 스토리위즈 | L2: =IF(K2="스토리위즈",VLOOKUP(C2,[1]작가별정산률!$A:$B,2,0),K2) -> 제외
A3: =A2+1 -> 2 | B3: 웹툰 | C3: Hujing, Luojie | D3: storywiz | E3: 공주전쟁 | F3: 70 | G3: 7000 | H3: 0.7 | I3: =G3*H3 -> 4900 | K3: =IF(ISERROR(VLOOKUP(C3,[1]작가별정산률!$R:$S,2,0)),"스토리위즈",VLOOKUP(C3,[1]작가별정산률!$R:$S,2,0)) -> 스토리위즈 | L3: =IF(K3="스토리위즈",VLOOKUP(C3,[1]작가별정산률!$A:$B,2,0),K3) -> 제외
A4: =A3+1 -> 3 | B4: 웹툰 | C4: Zhupi, Yangxuetu | D4: storywiz | E4: 연애 2분의 1 | F4: 65 | G4: 6500 | H4: 0.7 | I4: =G4*H4 -> 4550 | K4: =IF(ISERROR(VLOOKUP(C4,[1]작가별정산률!$R:$S,2,0)),"스토리위즈",VLOOKUP(C4,[1]작가별정산률!$R:$S,2,0)) -> 스토리위즈 | L4: =IF(K4="스토리위즈",VLOOKUP(C4,[1]작가별정산률!$A:$B,2,0),K4) -> 제외
A5: =A4+1 -> 4 | B5: 웹툰 | C5: Lv | D5: storywiz | E5: 최애에게 들켜버렸다 | F5: 58 | G5: 5800 | H5: 0.7 | I5: =G5*H5 -> 4060 | K5: =IF(ISERROR(VLOOKUP(C5,[1]작가별정산률!$R:$S,2,0)),"스토리위즈",VLOOKUP(C5,[1]작가별정산률!$R:$S,2,0)) -> 스토리위즈 | L5: =IF(K5="스토리위즈",VLOOKUP(C5,[1]작가별정산률!$A:$B,2,0),K5) -> 제외
A6: =A5+1 -> 5 | B6: 웹툰 | C6: 원기공장 | D6: storywiz | E6: 계약연애, 오늘부터 1일 | F6: 26 | G6: 2600 | H6: 0.7 | I6: =G6*H6 -> 1820 | K6: =IF(ISERROR(VLOOKUP(C6,[1]작가별정산률!$R:$S,2,0)),"스토리위즈",VLOOKUP(C6,[1]작가별정산률!$R:$S,2,0)) -> 스토리위즈 | L6: =IF(K6="스토리위즈",VLOOKUP(C6,[1]작가별정산률!$A:$B,2,0),K6) -> 제외
A7: =A6+1 -> 6 | B7: 웹툰 | C7: 건일 | D7: storywiz | E7: 별빛 아래 우리 | F7: 12 | G7: 1200 | H7: 0.7 | I7: =G7*H7 -> 840 | K7: =IF(ISERROR(VLOOKUP(C7,[1]작가별정산률!$R:$S,2,0)),"스토리위즈",VLOOKUP(C7,[1]작가별정산률!$R:$S,2,0)) -> 스토리위즈 | L7: =IF(K7="스토리위즈",VLOOKUP(C7,[1]작가별정산률!$A:$B,2,0),K7) -> 제외
A8: =A7+1 -> 7 | B8: 웹툰 | C8: 웹티, 올코 | D8: storywiz | E8: 황제의 사랑방식 | F8: 6 | G8: 600 | H8: 0.7 | I8: =G8*H8 -> 420 | K8: =IF(ISERROR(VLOOKUP(C8,[1]작가별정산률!$R:$S,2,0)),"스토리위즈",VLOOKUP(C8,[1]작가별정산률!$R:$S,2,0)) -> 스토리위즈 | L8: =IF(K8="스토리위즈",VLOOKUP(C8,[1]작가별정산률!$A:$B,2,0),K8) -> 올콘텐츠앤브이알
A9: =A8+1 -> 8 | B9: 웹툰 | C9: 글 Bae.C, IIAKI 그림 Bae.C, 조우, 원작 박제후 | D9: storywiz | E9: 가출천사 육성계약 | F9: 2 | G9: 200 | H9: 0.7 | I9: =G9*H9 -> 140 | K9: =IF(ISERROR(VLOOKUP(C9,[1]작가별정산률!$R:$S,2,0)),"스토리위즈",VLOOKUP(C9,[1]작가별정산률!$R:$S,2,0)) -> 스토리위즈 | L9: =IF(K9="스토리위즈",VLOOKUP(C9,[1]작가별정산률!$A:$B,2,0),K9) -> 구디
A10: =A9+1 -> 9 | B10: 웹툰 | C10: 웹티, 올코 | D10: storywiz | E10: 보스 오빠, 살살 | F10: 2 | G10: 200 | H10: 0.7 | I10: =G10*H10 -> 140 | K10: =IF(ISERROR(VLOOKUP(C10,[1]작가별정산률!$R:$S,2,0)),"스토리위즈",VLOOKUP(C10,[1]작가별정산률!$R:$S,2,0)) -> 스토리위즈 | L10: =IF(K10="스토리위즈",VLOOKUP(C10,[1]작가별정산률!$A:$B,2,0),K10) -> 올콘텐츠앤브이알
A11: =A10+1 -> 10 | B11: 웹툰 | C11: 혜원 | D11: storywiz | E11: 내 남편의 스토커 | F11: 2 | G11: 200 | H11: 0.7 | I11: =G11*H11 -> 140 | K11: =IF(ISERROR(VLOOKUP(C11,[1]작가별정산률!$R:$S,2,0)),"스토리위즈",VLOOKUP(C11,[1]작가별정산률!$R:$S,2,0)) -> 컨텐츠헤라 | L11: =IF(K11="스토리위즈",VLOOKUP(C11,[1]작가별정산률!$A:$B,2,0),K11) -> 컨텐츠헤라
A12: =A11+1 -> 11 | B12: 웹툰 | C12: Nisansui, Ziquan | D12: storywiz | E12: 너랑 나랑 하면 | F12: 2 | G12: 200 | H12: 0.7 | I12: =G12*H12 -> 140 | K12: =IF(ISERROR(VLOOKUP(C12,[1]작가별정산률!$R:$S,2,0)),"스토리위즈",VLOOKUP(C12,[1]작가별정산률!$R:$S,2,0)) -> 스토리위즈 | L12: =IF(K12="스토리위즈",VLOOKUP(C12,[1]작가별정산률!$A:$B,2,0),K12) -> 제외
A13: =A12+1 -> 12 | B13: 웹툰 | C13: Ivyeqianhe, Youzhijiaozi | D13: storywiz | E13: 폐하, 옥체 보존하세요! | F13: 1 | G13: 100 | H13: 0.7 | I13: =G13*H13 -> 70 | K13: =IF(ISERROR(VLOOKUP(C13,[1]작가별정산률!$R:$S,2,0)),"스토리위즈",VLOOKUP(C13,[1]작가별정산률!$R:$S,2,0)) -> 스토리위즈 | L13: =IF(K13="스토리위즈",VLOOKUP(C13,[1]작가별정산률!$A:$B,2,0),K13) -> 제외
A14: =A13+1 -> 13 | B14: 웹소설 | C14: 사틴 | D14: storywiz | E14: 하루하루 | F14: 170 | G14: 17000 | H14: 0.7 | I14: =G14*H14 -> 11900 | K14: =IF(ISERROR(VLOOKUP(C14,[1]작가별정산률!$R:$S,2,0)),"스토리위즈",VLOOKUP(C14,[1]작가별정산률!$R:$S,2,0)) -> 더컴퍼니 | L14: =IF(K14="스토리위즈",VLOOKUP(C14,[1]작가별정산률!$A:$B,2,0),K14) -> 더컴퍼니
... A61: =A60+1 -> 60 | B61: 웹소설 | C61: 이동열 | D61: storywiz | E61: 던전 공략 LIVE | F61: 180 | G61: 18000 | H61: 0.7 | I61: =G61*H61 -> 12600 | K61: =IF(ISERROR(VLOOKUP(C61,[1]작가별정산률!$R:$S,2,0)),"스토리위즈",VLOOKUP(C61,[1]작가별정산률!$R:$S,2,0)) -> 스토리위즈 | L61: =IF(K61="스토리위즈",VLOOKUP(C61,[1]작가별정산률!$A:$B,2,0),K61) -> 이동열
A62: =A61+1 -> 61 | B62: 웹소설 | C62: 협행마 | D62: storywiz | E62: 남궁세가 건달공자 | F62: 158 | G62: 15800 | H62: 0.7 | I62: =G62*H62 -> 11060 | J62: 기특혜 수익내역 | K62: =IF(ISERROR(VLOOKUP(C62,[1]작가별정산률!$R:$S,2,0)),"스토리위즈",VLOOKUP(C62,[1]작가별정산률!$R:$S,2,0)) -> 에필로그 | L62: =IF(K62="스토리위즈",VLOOKUP(C62,[1]작가별정산률!$A:$B,2,0),K62) -> 에필로그
A63: =A62+1 -> 62 | B63: 웹소설 | C63: 윤비밀 | D63: storywiz | E63: 내일은 이혼해요 | F63: 67 | G63: 6700 | H63: 0.7 | I63: =G63*H63 -> 4690 | J63: 기특혜 수익내역 | K63: =IF(ISERROR(VLOOKUP(C63,[1]작가별정산률!$R:$S,2,0)),"스토리위즈",VLOOKUP(C63,[1]작가별정산률!$R:$S,2,0)) -> 스토리위즈 | L63: =IF(K63="스토리위즈",VLOOKUP(C63,[1]작가별정산률!$A:$B,2,0),K63) -> 윤비밀
A64: =A63+1 -> 63 | B64: 웹소설 | C64: 무성매직 | D64: storywiz | E64: 공작가의 남루한 신부 | F64: 59 | G64: 5900 | H64: 0.7 | I64: =G64*H64 -> 4130 | J64: 기특혜 수익내역 | K64: =IF(ISERROR(VLOOKUP(C64,[1]작가별정산률!$R:$S,2,0)),"스토리위즈",VLOOKUP(C64,[1]작가별정산률!$R:$S,2,0)) -> 스토리위즈 | L64: =IF(K64="스토리위즈",VLOOKUP(C64,[1]작가별정산률!$A:$B,2,0),K64) -> 무성매직
A65: =A64+1 -> 64 | B65: 웹소설 | C65: 두럭 | D65: storywiz | E65: 밤의 제물 | F65: 88 | G65: 8800 | H65: 0.7 | I65: =G65*H65 -> 6160 | J65: 기특혜 수익내역 | K65: =IF(ISERROR(VLOOKUP(C65,[1]작가별정산률!$R:$S,2,0)),"스토리위즈",VLOOKUP(C65,[1]작가별정산률!$R:$S,2,0)) -> 더컴퍼니 | L65: =IF(K65="스토리위즈",VLOOKUP(C65,[1]작가별정산률!$A:$B,2,0),K65) -> 더컴퍼니
I66: =SUM(I2:I65) -> 1276590

Sheet 제외
A1: 순번 | B1: 구분 | C1: 필명 | D1: 아이디 | E1: 작품명 | F1: 판매수 | G1: 판매액 | H1: 정산율 | I1: 수익금 | J1: 비고 | K1: 출판사 | L1: 작가 CP
A2: 1 | B2: 웹툰 | C2: Ice×FANFAN COMIC | D2: storywiz | E2: 폭군의 눈물 | F2: 82 | G2: 8200 | H2: 0.7 | I2: 5740 | K2: 스토리위즈 | L2: 제외
A3: 2 | B3: 웹툰 | C3: Hujing, Luojie | D3: storywiz | E3: 공주전쟁 | F3: 70 | G3: 7000 | H3: 0.7 | I3: 4900 | K3: 스토리위즈 | L3: 제외
A4: 3 | B4: 웹툰 | C4: Zhupi, Yangxuetu | D4: storywiz | E4: 연애 2분의 1 | F4: 65 | G4: 6500 | H4: 0.7 | I4: 4550 | K4: 스토리위즈 | L4: 제외
A5: 4 | B5: 웹툰 | C5: Lv | D5: storywiz | E5: 최애에게 들켜버렸다 | F5: 58 | G5: 5800 | H5: 0.7 | I5: 4060 | K5: 스토리위즈 | L5: 제외
A6: 5 | B6: 웹툰 | C6: 원기공장 | D6: storywiz | E6: 계약연애, 오늘부터 1일 | F6: 26 | G6: 2600 | H6: 0.7 | I6: 1820 | K6: 스토리위즈 | L6: 제외
A7: 6 | B7: 웹툰 | C7: 건일 | D7: storywiz | E7: 별빛 아래 우리 | F7: 12 | G7: 1200 | H7: 0.7 | I7: 840 | K7: 스토리위즈 | L7: 제외
A8: 11 | B8: 웹툰 | C8: Nisansui, Ziquan | D8: storywiz | E8: 너랑 나랑 하면 | F8: 2 | G8: 200 | H8: 0.7 | I8: 140 | K8: 스토리위즈 | L8: 제외
A9: 12 | B9: 웹툰 | C9: Ivyeqianhe, Youzhijiaozi | D9: storywiz | E9: 폐하, 옥체 보존하세요! | F9: 1 | G9: 100 | H9: 0.7 | I9: 70 | K9: 스토리위즈 | L9: 제외

Sheet 올콘텐츠앤브이알
A1: 순번 | B1: 구분 | C1: 필명 | D1: 아이디 | E1: 작품명 | F1: 판매수 | G1: 판매액 | H1: 정산율 | I1: 수익금 | J1: 비고 | K1: 출판사 | L1: 작가 CP
A2: 7 | B2: 웹툰 | C2: 웹티, 올코 | D2: storywiz | E2: 황제의 사랑방식 | F2: 6 | G2: 600 | H2: 0.7 | I2: 420 | K2: 스토리위즈 | L2: 올콘텐츠앤브이알
A3: 9 | B3: 웹툰 | C3: 웹티, 올코 | D3: storywiz | E3: 보스 오빠, 살살 | F3: 2 | G3: 200 | H3: 0.7 | I3: 140 | K3: 스토리위즈 | L3: 올콘텐츠앤브이알

Sheet 구디
A1: 순번 | B1: 구분 | C1: 필명 | D1: 아이디 | E1: 작품명 | F1: 판매수 | G1: 판매액 | H1: 정산율 | I1: 수익금 | J1: 비고 | K1: 출판사 | L1: 작가 CP
A2: 8 | B2: 웹툰 | C2: 글 Bae.C, IIAKI 그림 Bae.C, 조우, 원작 박제후 | D2: storywiz | E2: 가출천사 육성계약 | F2: 2 | G2: 200 | H2: 0.7 | I2: 140 | K2: 스토리위즈 | L2: 구디

Sheet 컨텐츠헤라
A1: 순번 | B1: 구분 | C1: 필명 | D1: 아이디 | E1: 작품명 | F1: 판매수 | G1: 판매액 | H1: 정산율 | I1: 수익금 | J1: 비고 | K1: 출판사 | L1: 작가 CP
A2: 10 | B2: 웹툰 | C2: 혜원 | D2: storywiz | E2: 내 남편의 스토커 | F2: 2 | G2: 200 | H2: 0.7 | I2: 140 | K2: 컨텐츠헤라 | L2: 컨텐츠헤라

Sheet 더컴퍼니
A1: 순번 | B1: 구분 | C1: 필명 | D1: 아이디 | E1: 작품명 | F1: 판매수 | G1: 판매액 | H1: 정산율 | I1: 수익금 | J1: 비고 | K1: 출판사 | L1: 작가 CP
A2: 13 | B2: 웹소설 | C2: 사틴 | D2: storywiz | E2: 하루하루 | F2: 170 | G2: 17000 | H2: 0.7 | I2: 11900 | K2: 더컴퍼니 | L2: 더컴퍼니
A3: 14 | B3: 웹소설 | C3: 라에르 | D3: storywiz | E3: 비터, 비터(Bitter, Bitter) | F3: 23 | G3: 2300 | H3: 0.7 | I3: 1610 | K3: 더컴퍼니 | L3: 더컴퍼니
A4: 24 | B4: 웹소설 | C4: 마연 | D4: storywiz | E4: 주먹 구십구 | F4: 4 | G4: 400 | H4: 0.7 | I4: 280 | K4: 더컴퍼니 | L4: 더컴퍼니
A5: 25 | B5: 웹소설 | C5: 감또개 | D5: storywiz | E5: 꼭꼭 숨어라 | F5: 17 | G5: 1700 | H5: 0.7 | I5: 1190 | K5: 더컴퍼니 | L5: 더컴퍼니
A6: 33 | B6: 웹소설 | C6: sJessi | D6: storywiz | E6: 위험한 선배 | F6: 243 | G6: 24300 | H6: 0.7 | I6: 17010 | K6: 더컴퍼니 | L6: 더컴퍼니
A7: 34 | B7: 웹소설 | C7: 등나무밑소공자 | D7: storywiz | E7: 금의 해, 새의 눈 | F7: 50 | G7: 5000 | H7: 0.7 | I7: 3500 | K7: 더컴퍼니 | L7: 더컴퍼니
A8: 35 | B8: 웹소설 | C8: 김매콤 | D8: storywiz | E8: 선배님, 흔들어 주세요 | F8: 19 | G8: 1900 | H8: 0.7 | I8: 1330 | K8: 더컴퍼니 | L8: 더컴퍼니
A9: 44 | B9: 웹소설 | C9: 두럭 | D9: storywiz | E9: 밤의 제물 | F9: 1110 | G9: 111000 | H9: 0.7 | I9: 77700 | K9: 더컴퍼니 | L9: 더컴퍼니
A10: 45 | B10: 웹소설 | C10: 무슈슈 | D10: storywiz | E10: 홍염의 덫 | F10: 1733 | G10: 173300 | H10: 0.7 | I10: 121310 | K10: 더컴퍼니 | L10: 더컴퍼니
A11: 46 | B11: 웹소설 | C11: 라돌체 | D11: storywiz | E11: 엠프티(Empty) | F11: 35 | G11: 3500 | H11: 0.7 | I11: 2450 | K11: 더컴퍼니 | L11: 더컴퍼니
A12: 47 | B12: 웹소설 | C12: SISSI | D12: storywiz | E12: 택스 프리(TAX FREE) | F12: 644 | G12: 64400 | H12: 0.7 | I12: 45080 | K12: 더컴퍼니 | L12: 더컴퍼니
A13: 48 | B13: 웹소설 | C13: 사틴 | D13: storywiz | E13: 익스클루시브(Exclusive) | F13: 679 | G13: 67900 | H13: 0.7 | I13: 47530 | K13: 더컴퍼니 | L13: 더컴퍼니
... A17: 56 | B17: 웹소설 | C17: 이다겸 | D17: storywiz | E17: 너드 공략집 | F17: 6 | G17: 600 | H17: 0.7 | I17: 420 | K17: 더컴퍼니 | L17: 더컴퍼니
A18: 64 | B18: 웹소설 | C18: 두럭 | D18: storywiz | E18: 밤의 제물 | F18: 88 | G18: 8800 | H18: 0.7 | I18: 6160 | J18: 기특혜 수익내역 | K18: 더컴퍼니 | L18: 더컴퍼니

Sheet 온서
A1: 순번 | B1: 구분 | C1: 필명 | D1: 아이디 | E1: 작품명 | F1: 판매수 | G1: 판매액 | H1: 정산율 | I1: 수익금 | J1: 비고 | K1: 출판사 | L1: 작가 CP
A2: 15 | B2: 웹소설 | C2: 온서 | D2: storywiz | E2: 임신부터 할까요? | F2: 82 | G2: 8200 | H2: 0.7 | I2: 5740 | K2: 스토리위즈 | L2: 온서

Sheet 에필로그
A1: 순번 | B1: 구분 | C1: 필명 | D1: 아이디 | E1: 작품명 | F1: 판매수 | G1: 판매액 | H1: 정산율 | I1: 수익금 | J1: 비고 | K1: 출판사 | L1: 작가 CP
A2: 16 | B2: 웹소설 | C2: 백범(白帆) | D2: storywiz | E2: 악당의 리턴 | F2: 203 | G2: 20300 | H2: 0.7 | I2: 14210 | K2: 에필로그 | L2: 에필로그
A3: 17 | B3: 웹소설 | C3: 백범(白帆) | D3: storywiz | E3: 진짜 사나이! | F3: 60 | G3: 6000 | H3: 0.7 | I3: 4200 | K3: 에필로그 | L3: 에필로그
A4: 18 | B4: 웹소설 | C4: 백범(白帆) | D4: storywiz | E4: 헌터 킹 | F4: 50 | G4: 5000 | H4: 0.7 | I4: 3500 | K4: 에필로그 | L4: 에필로그
A5: 19 | B5: 웹소설 | C5: 백범(白帆) | D5: storywiz | E5: 군주, 다시 귀환하다 | F5: 98 | G5: 9800 | H5: 0.7 | I5: 6860 | K5: 에필로그 | L5: 에필로그
A6: 20 | B6: 웹소설 | C6: 백범(白帆) | D6: storywiz | E6: 흑막의 신 | F6: 5 | G6: 500 | H6: 0.7 | I6: 350 | K6: 에필로그 | L6: 에필로그
A7: 21 | B7: 웹소설 | C7: 백범(白帆) | D7: storywiz | E7: 티끌 모아 대박 | F7: 35 | G7: 3500 | H7: 0.7 | I7: 2450 | K7: 에필로그 | L7: 에필로그
A8: 22 | B8: 웹소설 | C8: 직하인 | D8: storywiz | E8: 자모검 | F8: 36 | G8: 3600 | H8: 0.7 | I8: 2520 | K8: 에필로그 | L8: 에필로그
A9: 23 | B9: 웹소설 | C9: 직하인 | D9: storywiz | E9: 고검환정록 | F9: 221 | G9: 22100 | H9: 0.7 | I9: 15470 | K9: 에필로그 | L9: 에필로그
A10: 28 | B10: 웹소설 | C10: 최재봉 | D10: storywiz | E10: 강호, 미치다 | F10: 504 | G10: 50400 | H10: 0.7 | I10: 35280 | K10: 에필로그 | L10: 에필로그
A11: 36 | B11: 웹소설 | C11: 협행마 | D11: storywiz | E11: 남궁세가 건달공자 | F11: 131 | G11: 13100 | H11: 0.7 | I11: 9170 | K11: 에필로그 | L11: 에필로그
A12: 37 | B12: 웹소설 | C12: 협행마 | D12: storywiz | E12: 동대륙의 낭인무사 | F12: 95 | G12: 9500 | H12: 0.7 | I12: 6650 | K12: 에필로그 | L12: 에필로그
A13: 38 | B13: 웹소설 | C13: 협행마 | D13: storywiz | E13: 전장의 금기 | F13: 286 | G13: 28600 | H13: 0.7 | I13: 20020 | K13: 에필로그 | L13: 에필로그
... A15: 40 | B15: 웹소설 | C15: 백범(白帆) | D15: storywiz | E15: 법보다 주먹 | F15: 350 | G15: 35000 | H15: 0.7 | I15: 24500 | K15: 에필로그 | L15: 에필로그
A16: 61 | B16: 웹소설 | C16: 협행마 | D16: storywiz | E16: 남궁세가 건달공자 | F16: 158 | G16: 15800 | H16: 0.7 | I16: 11060 | J16: 기특혜 수익내역 | K16: 에필로그 | L16: 에필로그

Sheet 세상
A1: 순번 | B1: 구분 | C1: 필명 | D1: 아이디 | E1: 작품명 | F1: 판매수 | G1: 판매액 | H1: 정산율 | I1: 수익금 | J1: 비고 | K1: 출판사 | L1: 작가 CP
A2: 26 | B2: 웹소설 | C2: 세상 | D2: storywiz | E2: 와그작 | F2: 1 | G2: 100 | H2: 0.7 | I2: 70 | K2: 스토리위즈 | L2: 세상
A3: 27 | B3: 웹소설 | C3: 세상 | D3: storywiz | E3: 컬러 러쉬 | F3: 205 | G3: 20500 | H3: 0.7 | I3: 14350 | K3: 스토리위즈 | L3: 세상

Sheet 한례
A1: 순번 | B1: 구분 | C1: 필명 | D1: 아이디 | E1: 작품명 | F1: 판매수 | G1: 판매액 | H1: 정산율 | I1: 수익금 | J1: 비고 | K1: 출판사 | L1: 작가 CP
A2: 29 | B2: 웹소설 | C2: 한례 | D2: storywiz | E2: 순백의 아가씨 | F2: 30 | G2: 3000 | H2: 0.7 | I2: 2100 | K2: 스토리위즈 | L2: 한례

Sheet 무성매직
A1: 순번 | B1: 구분 | C1: 필명 | D1: 아이디 | E1: 작품명 | F1: 판매수 | G1: 판매액 | H1: 정산율 | I1: 수익금 | J1: 비고 | K1: 출판사 | L1: 작가 CP
A2: 30 | B2: 웹소설 | C2: 무성매직 | D2: storywiz | E2: 공작가의 남루한 신부 | F2: 1043 | G2: 104300 | H2: 0.7 | I2: 73010 | K2: 스토리위즈 | L2: 무성매직
A3: 63 | B3: 웹소설 | C3: 무성매직 | D3: storywiz | E3: 공작가의 남루한 신부 | F3: 59 | G3: 5900 | H3: 0.7 | I3: 4130 | J3: 기특혜 수익내역 | K3: 스토리위즈 | L3: 무성매직

Sheet 불고기자리
A1: 순번 | B1: 구분 | C1: 필명 | D1: 아이디 | E1: 작품명 | F1: 판매수 | G1: 판매액 | H1: 정산율 | I1: 수익금 | J1: 비고 | K1: 출판사 | L1: 작가 CP
A2: 31 | B2: 웹소설 | C2: 불고기자리 | D2: storywiz | E2: 레이디 스칼렛 | F2: 25 | G2: 2500 | H2: 0.7 | I2: 1750 | K2: 스토리위즈 | L2: 불고기자리

Sheet Livingston
A1: 순번 | B1: 구분 | C1: 필명 | D1: 아이디 | E1: 작품명 | F1: 판매수 | G1: 판매액 | H1: 정산율 | I1: 수익금 | J1: 비고 | K1: 출판사 | L1: 작가 CP
A2: 32 | B2: 웹소설 | C2: Livingston | D2: storywiz | E2: 아저씨, 내 기분 왜 이래요? | F2: 8 | G2: 800 | H2: 0.7 | I2: 560 | K2: 스토리위즈 | L2: Livingston

Sheet 이린비
A1: 순번 | B1: 구분 | C1: 필명 | D1: 아이디 | E1: 작품명 | F1: 판매수 | G1: 판매액 | H1: 정산율 | I1: 수익금 | J1: 비고 | K1: 출판사 | L1: 작가 CP
A2: 41 | B2: 웹소설 | C2: 이린비 | D2: storywiz | E2: 여왕 아델 | F2: 543 | G2: 54300 | H2: 0.7 | I2: 38010 | K2: 스토리위즈 | L2: 이린비

Sheet 윤비밀
A1: 순번 | B1: 구분 | C1: 필명 | D1: 아이디 | E1: 작품명 | F1: 판매수 | G1: 판매액 | H1: 정산율 | I1: 수익금 | J1: 비고 | K1: 출판사 | L1: 작가 CP
A2: 42 | B2: 웹소설 | C2: 윤비밀 | D2: storywiz | E2: 내일은 이혼해요 | F2: 22 | G2: 2200 | H2: 0.7 | I2: 1540 | K2: 스토리위즈 | L2: 윤비밀
A3: 62 | B3: 웹소설 | C3: 윤비밀 | D3: storywiz | E3: 내일은 이혼해요 | F3: 67 | G3: 6700 | H3: 0.7 | I3: 4690 | J3: 기특혜 수익내역 | K3: 스토리위즈 | L3: 윤비밀

Sheet 윈델
A1: 순번 | B1: 구분 | C1: 필명 | D1: 아이디 | E1: 작품명 | F1: 판매수 | G1: 판매액 | H1: 정산율 | I1: 수익금 | J1: 비고 | K1: 출판사 | L1: 작가 CP
A2: 43 | B2: 웹소설 | C2: 윈델 | D2: storywiz | E2: 돌아온 막내 영애님을 조심하세요 | F2: 3365 | G2: 336500 | H2: 0.7 | I2: 235550 | K2: 스토리위즈 | L2: 윈델

Sheet 스내치
A1: 순번 | B1: 구분 | C1: 필명 | D1: 아이디 | E1: 작품명 | F1: 판매수 | G1: 판매액 | H1: 정산율 | I1: 수익금 | J1: 비고 | K1: 출판사 | L1: 작가 CP
A2: 50 | B2: 웹소설 | C2: 스내치 | D2: storywiz | E2: 아래층에 전남편이 산다 | F2: 33 | G2: 3300 | H2: 0.7 | I2: 2310 | K2: 스토리위즈 | L2: 스내치

Sheet 진숙
A1: 순번 | B1: 구분 | C1: 필명 | D1: 아이디 | E1: 작품명 | F1: 판매수 | G1: 판매액 | H1: 정산율 | I1: 수익금 | J1: 비고 | K1: 출판사 | L1: 작가 CP
A2: 51 | B2: 웹소설 | C2: 진숙 | D2: storywiz | E2: 나쁜 이혼 | F2: 122 | G2: 12200 | H2: 0.7 | I2: 8540 | K2: 스토리위즈 | L2: 진숙

Sheet 차홍주
A1: 순번 | B1: 구분 | C1: 필명 | D1: 아이디 | E1: 작품명 | F1: 판매수 | G1: 판매액 | H1: 정산율 | I1: 수익금 | J1: 비고 | K1: 출판사 | L1: 작가 CP
A2: 52 | B2: 웹소설 | C2: 차홍주 | D2: storywiz | E2: 사랑도 없이 결혼 | F2: 298 | G2: 29800 | H2: 0.7 | I2: 20860 | K2: 스토리위즈 | L2: 차홍주

Sheet DION(디온)
A1: 순번 | B1: 구분 | C1: 필명 | D1: 아이디 | E1: 작품명 | F1: 판매수 | G1: 판매액 | H1: 정산율 | I1: 수익금 | J1: 비고 | K1: 출판사 | L1: 작가 CP
A2: 53 | B2: 웹소설 | C2: DION | D2: storywiz | E2: On the air | F2: 573 | G2: 57300 | H2: 0.7 | I2: 40110 | K2: 스토리위즈 | L2: DION(디온)

Sheet 김광수
A1: 순번 | B1: 구분 | C1: 필명 | D1: 아이디 | E1: 작품명 | F1: 판매수 | G1: 판매액 | H1: 정산율 | I1: 수익금 | J1: 비고 | K1: 출판사 | L1: 작가 CP
A2: 57 | B2: 웹소설 | C2: 김광수 | D2: storywiz | E2: 21세기 대마법사 | F2: 11 | G2: 1100 | H2: 0.7 | I2: 770 | K2: 스토리위즈 | L2: 김광수
A3: 58 | B3: 웹소설 | C3: 김광수 | D3: storywiz | E3: 회귀의 전설 | F3: 3050 | G3: 305000 | H3: 0.7 | I3: 213500 | K3: 스토리위즈 | L3: 김광수

Sheet 독고진
A1: 순번 | B1: 구분 | C1: 필명 | D1: 아이디 | E1: 작품명 | F1: 판매수 | G1: 판매액 | H1: 정산율 | I1: 수익금 | J1: 비고 | K1: 출판사 | L1: 작가 CP
A2: 59 | B2: 웹소설 | C2: 독고진 | D2: storywiz | E2: 신을 죽이러 갑니다 | F2: 502 | G2: 50200 | H2: 0.7 | I2: 35140 | K2: 스토리위즈 | L2: 독고진

Sheet 이동열
A1: 순번 | B1: 구분 | C1: 필명 | D1: 아이디 | E1: 작품명 | F1: 판매수 | G1: 판매액 | H1: 정산율 | I1: 수익금 | J1: 비고 | K1: 출판사 | L1: 작가 CP
A2: 60 | B2: 웹소설 | C2: 이동열 | D2: storywiz | E2: 던전 공략 LIVE | F2: 180 | G2: 18000 | H2: 0.7 | I2: 12600 | K2: 스토리위즈 | L2: 이동열
