Workbook

Sheet 월별합계(5)
A1: 상품구분 | B1: 대분류 | C1: 중분류 | D1: 바코드 | E1: 상품명 | F1: 판매채널 | G1: 저자 | H1: 회차수 | I1: 공급사 | J1: 구분 | K1: 정가 | L1: 판매가 | M1: 정산대상 기준 판매금액 | N1: 수량 | O1: 총판매금액 | P1: 정산대상 기준 총 판매금액 | Q1: 정산율 | R1: 정산금액 | S1: 출판사 | T1: 작가 CP
A2: 웹소설 | B2: 판타지 | C2: 현대 | D2: 76M1711119870 | E2: 갓 오브 블랙필드 | F2: ANDROID | G2: 무장 | H2: 581 | I2: 스토리위즈(주) | J2: 소장 판매 | K2: 100 | L2: 100 | M2: 2500 | N2: 25 | O2: 2500 | P2: 2500 | Q2: 70 | R2: 1750 | S2: =IF(ISERROR(VLOOKUP(G2,[1]작가별정산률!$R:$S,2,0)),"스토리위즈",VLOOKUP(G2,[1]작가별정산률!$R:$S,2,0)) -> 스토리위즈 | T2: =IF(S2="스토리위즈",VLOOKUP(G2,[1]작가별정산률!$A:$B,2,0),S2) -> 무장
A3: 웹소설 | B3: 판타지 | C3: 현대 | D3: 76M1711119870 | E3: 갓 오브 블랙필드 | F3: ANDROID | G3: 무장 | H3: 581 | I3: 스토리위즈(주) | J3: 소장 판매 | K3: 100 | L3: 100 | M3: 2000 | N3: 20 | O3: 2000 | P3: 2000 | Q3: 70 | R3: 1400 | S3: =IF(ISERROR(VLOOKUP(G3,[1]작가별정산률!$R:$S,2,0)),"스토리위즈",VLOOKUP(G3,[1]작가별정산률!$R:$S,2,0)) -> 스토리위즈 | T3: =IF(S3="스토리위즈",VLOOKUP(G3,[1]작가별정산률!$A:$B,2,0),S3) -> 무장
A4: 웹소설 | B4: 판타지 | C4: 현대 | D4: 76M1711119870 | E4: 갓 오브 블랙필드 | F4: IOS | G4: 무장 | H4: 581 | I4: 스토리위즈(주) | J4: 소장 판매 | K4: 100 | L4: 100 | M4: 8500 | N4: 85 | O4: 8500 | P4: 8500 | Q4: 70 | R4: 5950 | S4: =IF(ISERROR(VLOOKUP(G4,[1]작가별정산률!$R:$S,2,0)),"스토리위즈",VLOOKUP(G4,[1]작가별정산률!$R:$S,2,0)) -> 스토리위즈 | T4: =IF(S4="스토리위즈",VLOOKUP(G4,[1]작가별정산률!$A:$B,2,0),S4) -> 무장
A5: 웹소설 | B5: 판타지 | C5: 스포츠 | D5: 76M1712120602 | E5: 그라운드의 지배자 | F5: ANDROID | G5: 무장 | H5: 262 | I5: 스토리위즈(주) | J5: 소장 판매 | K5: 100 | L5: 100 | M5: 400 | N5: 4 | O5: 400 | P5: 400 | Q5: 70 | R5: 280 | S5: =IF(ISERROR(VLOOKUP(G5,[1]작가별정산률!$R:$S,2,0)),"스토리위즈",VLOOKUP(G5,[1]작가별정산률!$R:$S,2,0)) -> 스토리위즈 | T5: =IF(S5="스토리위즈",VLOOKUP(G5,[1]작가별정산률!$A:$B,2,0),S5) -> 무장
A6: 웹소설 | B6: 로맨스 | C6: BL | D6: 76M1906137482 | E6: 짝사랑 이별곡 | F6: ANDROID | G6: 모리미 | H6: 67 | I6: 스토리위즈(주) | J6: 소장 판매 | K6: 100 | L6: 100 | M6: 11100 | N6: 111 | O6: 11100 | P6: 11100 | Q6: 70 | R6: 7770 | S6: =IF(ISERROR(VLOOKUP(G6,[1]작가별정산률!$R:$S,2,0)),"스토리위즈",VLOOKUP(G6,[1]작가별정산률!$R:$S,2,0)) -> 스토리위즈 | T6: =IF(S6="스토리위즈",VLOOKUP(G6,[1]작가별정산률!$A:$B,2,0),S6) -> 모리미
A7: 웹소설 | B7: 무협 | C7: 신무협 | D7: 76M1909139444 | E7: 강호, 미치다 | F7: PC | G7: 최재봉 | H7: 414 | I7: 스토리위즈(주) | J7: 대여 판매 | K7: 100 | L7: 100 | M7: 100 | N7: 1 | O7: 100 | P7: 100 | Q7: 70 | R7: 70 | S7: =IF(ISERROR(VLOOKUP(G7,[1]작가별정산률!$R:$S,2,0)),"스토리위즈",VLOOKUP(G7,[1]작가별정산률!$R:$S,2,0)) -> 에필로그 | T7: =IF(S7="스토리위즈",VLOOKUP(G7,[1]작가별정산률!$A:$B,2,0),S7) -> 에필로그
A8: 웹소설 | B8: 무협 | C8: 신무협 | D8: 76M1909139444 | E8: 강호, 미치다 | F8: PC | G8: 최재봉 | H8: 414 | I8: 스토리위즈(주) | J8: 소장 판매 | K8: 100 | L8: 100 | M8: 10200 | N8: 102 | O8: 10200 | P8: 10200 | Q8: 70 | R8: 7140 | S8: =IF(ISERROR(VLOOKUP(G8,[1]작가별정산률!$R:$S,2,0)),"스토리위즈",VLOOKUP(G8,[1]작가별정산률!$R:$S,2,0)) -> 에필로그 | T8: =IF(S8="스토리위즈",VLOOKUP(G8,[1]작가별정산률!$A:$B,2,0),S8) -> 에필로그
A9: 웹소설 | B9: 로맨스 | C9: BL | D9: 76M1912141767 | E9: 야쿠자가 사랑을 한다면 (개정판) | F9: ANDROID | G9: 모리미 | H9: 65 | I9: 스토리위즈(주) | J9: 소장 판매 | K9: 100 | L9: 100 | M9: 5600 | N9: 56 | O9: 5600 | P9: 5600 | Q9: 70 | R9: 3920 | S9: =IF(ISERROR(VLOOKUP(G9,[1]작가별정산률!$R:$S,2,0)),"스토리위즈",VLOOKUP(G9,[1]작가별정산률!$R:$S,2,0)) -> 스토리위즈 | T9: =IF(S9="스토리위즈",VLOOKUP(G9,[1]작가별정산률!$A:$B,2,0),S9) -> 모리미
A10: 웹소설 | B10: 로맨스 | C10: BL | D10: 76M1912141767 | E10: 야쿠자가 사랑을 한다면 (개정판) | F10: ANDROID | G10: 모리미 | H10: 65 | I10: 스토리위즈(주) | J10: 소장 판매 | K10: 100 | L10: 100 | M10: 4500 | N10: 45 | O10: 4500 | P10: 4500 | Q10: 70 | R10: 3150 | S10: =IF(ISERROR(VLOOKUP(G10,[1]작가별정산률!$R:$S,2,0)),"스토리위즈",VLOOKUP(G10,[1]작가별정산률!$R:$S,2,0)) -> 스토리위즈 | T10: =IF(S10="스토리위즈",VLOOKUP(G10,[1]작가별정산률!$A:$B,2,0),S10) -> 모리미
A11: 웹소설 | B11: 판타지 | C11: 퓨전 | D11: 76M2007147509 | E11: 간신이 나라를 살림 | F11: ANDROID | G11: 루이세 | H11: 261 | I11: 스토리위즈(주) | J11: 소장 판매 | K11: 100 | L11: 100 | M11: 19200 | N11: 192 | O11: 19200 | P11: 19200 | Q11: 70 | R11: 13440 | S11: =IF(ISERROR(VLOOKUP(G11,[1]작가별정산률!$R:$S,2,0)),"스토리위즈",VLOOKUP(G11,[1]작가별정산률!$R:$S,2,0)) -> 스토리위즈 | T11: =IF(S11="스토리위즈",VLOOKUP(G11,[1]작가별정산률!$A:$B,2,0),S11) -> 루이세
A12: 웹소설 | B12: 판타지 | C12: 현대 | D12: 76M2008148384 | E12: 회귀의 전설 | F12: PC | G12: 김광수 | H12: 1309 | I12: 스토리위즈(주) | J12: 소장 판매 | K12: 100 | L12: 100 | M12: 11700 | N12: 117 | O12: 11700 | P12: 11700 | Q12: 70 | R12: 8190 | S12: =IF(ISERROR(VLOOKUP(G12,[1]작가별정산률!$R:$S,2,0)),"스토리위즈",VLOOKUP(G12,[1]작가별정산률!$R:$S,2,0)) -> 스토리위즈 | T12: =IF(S12="스토리위즈",VLOOKUP(G12,[1]작가별정산률!$A:$B,2,0),S12) -> 김광수
A13: 웹소설 | B13: 판타지 | C13: 현대 | D13: 76M2008148384 | E13: 회귀의 전설 | F13: ANDROID | G13: 김광수 | H13: 1309 | I13: 스토리위즈(주) | J13: 소장 판매 | K13: 100 | L13: 100 | M13: 4200 | N13: 42 | O13: 4200 | P13: 4200 | Q13: 70 | R13: 2940 | S13: =IF(ISERROR(VLOOKUP(G13,[1]작가별정산률!$R:$S,2,0)),"스토리위즈",VLOOKUP(G13,[1]작가별정산률!$R:$S,2,0)) -> 스토리위즈 | T13: =IF(S13="스토리위즈",VLOOKUP(G13,[1]작가별정산률!$A:$B,2,0),S13) -> 김광수
... A123: 웹툰 | B123: 로맨스 | C123: 로맨스 | D123: 77M2205186310 | E123: 악역이지만, 남주는 꼬시지 않아요 | F123: IOS | G123: kuri, 마북명 | H123: 28 | I123: 스토리위즈(주) | J123: 소장 판매 | K123: 400 | L123: 400 | M123: 8400 | N123: 21 | O123: 8400 | P123: 8400 | Q123: 70 | R123: 5880 | S123: =IF(ISERROR(VLOOKUP(G123,[1]작가별정산률!$R:$S,2,0)),"스토리위즈",VLOOKUP(G123,[1]작가별정산률!$R:$S,2,0)) -> 스토리위즈 | T123: =IF(S123="스토리위즈",VLOOKUP(G123,[1]작가별정산률!$A:$B,2,0),S123) -> 제외
A124: 합계 | H124: 23058 | K124: 15100 | L124: 15100 | M124: 952000 | N124: 9037 | O124: 952000 | P124: 952000 | Q124: 8540 | R124: =SUM(R2:R123) -> 666400

Sheet 무장
A1: 상품구분 | B1: 대분류 | C1: 중분류 | D1: 바코드 | E1: 상품명 | F1: 판매채널 | G1: 저자 | H1: 회차수 | I1: 공급사 | J1: 구분 | K1: 정가 | L1: 판매가 | M1: 정산대상 기준 판매금액 | N1: 수량 | O1: 총판매금액 | P1: 정산대상 기준 총 판매금액 | Q1: 정산율 | R1: 정산금액 | S1: 출판사 | T1: 작가 CP
A2: 웹소설 | B2: 판타지 | C2: 현대 | D2: 76M1711119870 | E2: 갓 오브 블랙필드 | F2: ANDROID | G2: 무장 | H2: 581 | I2: 스토리위즈(주) | J2: 소장 판매 | K2: 100 | L2: 100 | M2: 2500 | N2: 25 | O2: 2500 | P2: 2500 | Q2: 70 | R2: 1750 | S2: 스토리위즈 | T2: 무장
A3: 웹소설 | B3: 판타지 | C3: 현대 | D3: 76M1711119870 | E3: 갓 오브 블랙필드 | F3: ANDROID | G3: 무장 | H3: 581 | I3: 스토리위즈(주) | J3: 소장 판매 | K3: 100 | L3: 100 | M3: 2000 | N3: 20 | O3: 2000 | P3: 2000 | Q3: 70 | R3: 1400 | S3: 스토리위즈 | T3: 무장
A4: 웹소설 | B4: 판타지 | C4: 현대 | D4: 76M1711119870 | E4: 갓 오브 블랙필드 | F4: IOS | G4: 무장 | H4: 581 | I4: 스토리위즈(주) | J4: 소장 판매 | K4: 100 | L4: 100 | M4: 8500 | N4: 85 | O4: 8500 | P4: 8500 | Q4: 70 | R4: 5950 | S4: 스토리위즈 | T4: 무장
A5: 웹소설 | B5: 판타지 | C5: 스포츠 | D5: 76M1712120602 | E5: 그라운드의 지배자 | F5: ANDROID | G5: 무장 | H5: 262 | I5: 스토리위즈(주) | J5: 소장 판매 | K5: 100 | L5: 100 | M5: 400 | N5: 4 | O5: 400 | P5: 400 | Q5: 70 | R5: 280 | S5: 스토리위즈 | T5: 무장
A6: 웹소설 | B6: 판타지 | C6: 현대 | D6: 76M2009149239 | E6: 로드 오브 머니 | F6: ANDROID | G6: 무장 | H6: 315 | I6: 스토리위즈(주) | J6: 소장 판매 | K6: 100 | L6: 100 | M6: 3700 | N6: 37 | O6: 3700 | P6: 3700 | Q6: 70 | R6: 2590 | S6: 스토리위즈 | T6: 무장
A7: 웹소설 | B7: 판타지 | C7: 현대 | D7: 76M2009149239 | E7: 로드 오브 머니 | F7: ANDROID | G7: 무장 | H7: 315 | I7: 스토리위즈(주) | J7: 소장 판매 | K7: 100 | L7: 100 | M7: 2500 | N7: 25 | O7: 2500 | P7: 2500 | Q7: 70 | R7: 1750 | S7: 스토리위즈 | T7: 무장
A8: 웹소설 | B8: 판타지 | C8: 현대 | D8: 76M2104157286 | E8: 최종 보스 : 빛을 향해 달리는 그림자 | F8: ANDROID | G8: 무장 | H8: 513 | I8: 스토리위즈(주) | J8: 소장 판매 | K8: 100 | L8: 100 | M8: 10100 | N8: 101 | O8: 10100 | P8: 10100 | Q8: 70 | R8: 7070 | S8: 스토리위즈 | T8: 무장
A9: 웹소설 | B9: 무협 | C9: 고전무협 | D9: 76M2203184714 | E9: 강호유정 | F9: ANDROID | G9: 무장 | H9: 118 | I9: 스토리위즈(주) | J9: 소장 판매 | K9: 100 | L9: 100 | M9: 2000 | N9: 20 | O9: 2000 | P9: 2000 | Q9: 70 | R9: 1400 | S9: 스토리위즈 | T9: 무장

Sheet 모리미
A1: 상품구분 | B1: 대분류 | C1: 중분류 | D1: 바코드 | E1: 상품명 | F1: 판매채널 | G1: 저자 | H1: 회차수 | I1: 공급사 | J1: 구분 | K1: 정가 | L1: 판매가 | M1: 정산대상 기준 판매금액 | N1: 수량 | O1: 총판매금액 | P1: 정산대상 기준 총 판매금액 | Q1: 정산율 | R1: 정산금액 | S1: 출판사 | T1: 작가 CP
A2: 웹소설 | B2: 로맨스 | C2: BL | D2: 76M1906137482 | E2: 짝사랑 이별곡 | F2: ANDROID | G2: 모리미 | H2: 67 | I2: 스토리위즈(주) | J2: 소장 판매 | K2: 100 | L2: 100 | M2: 11100 | N2: 111 | O2: 11100 | P2: 11100 | Q2: 70 | R2: 7770 | S2: 스토리위즈 | T2: 모리미
A3: 웹소설 | B3: 로맨스 | C3: BL | D3: 76M1912141767 | E3: 야쿠자가 사랑을 한다면 (개정판) | F3: ANDROID | G3: 모리미 | H3: 65 | I3: 스토리위즈(주) | J3: 소장 판매 | K3: 100 | L3: 100 | M3: 5600 | N3: 56 | O3: 5600 | P3: 5600 | Q3: 70 | R3: 3920 | S3: 스토리위즈 | T3: 모리미
A4: 웹소설 | B4: 로맨스 | C4: BL | D4: 76M1912141767 | E4: 야쿠자가 사랑을 한다면 (개정판) | F4: ANDROID | G4: 모리미 | H4: 65 | I4: 스토리위즈(주) | J4: 소장 판매 | K4: 100 | L4: 100 | M4: 4500 | N4: 45 | O4: 4500 | P4: 4500 | Q4: 70 | R4: 3150 | S4: 스토리위즈 | T4: 모리미

Sheet 에필로그
A1: 상품구분 | B1: 대분류 | C1: 중분류 | D1: 바코드 | E1: 상품명 | F1: 판매채널 | G1: 저자 | H1: 회차수 | I1: 공급사 | J1: 구분 | K1: 정가 | L1: 판매가 | M1: 정산대상 기준 판매금액 | N1: 수량 | O1: 총판매금액 | P1: 정산대상 기준 총 판매금액 | Q1: 정산율 | R1: 정산금액 | S1: 출판사 | T1: 작가 CP
A2: 웹소설 | B2: 무협 | C2: 신무협 | D2: 76M1909139444 | E2: 강호, 미치다 | F2: PC | G2: 최재봉 | H2: 414 | I2: 스토리위즈(주) | J2: 대여 판매 | K2: 100 | L2: 100 | M2: 100 | N2: 1 | O2: 100 | P2: 100 | Q2: 70 | R2: 70 | S2: 에필로그 | T2: 에필로그
A3: 웹소설 | B3: 무협 | C3: 신무협 | D3: 76M1909139444 | E3: 강호, 미치다 | F3: PC | G3: 최재봉 | H3: 414 | I3: 스토리위즈(주) | J3: 소장 판매 | K3: 100 | L3: 100 | M3: 10200 | N3: 102 | O3: 10200 | P3: 10200 | Q3: 70 | R3: 7140 | S3: 에필로그 | T3: 에필로그
A4: 웹소설 | B4: 판타지 | C4: 퓨전 | D4: 76M2201183208 | E4: 사상 최강의 뉴비! | F4: ANDROID | G4: 정희웅 | H4: 204 | I4: 스토리위즈(주) | J4: 소장 판매 | K4: 100 | L4: 100 | M4: 4100 | N4: 41 | O4: 4100 | P4: 4100 | Q4: 70 | R4: 2870 | S4: 에필로그 | T4: 에필로그
A5: 웹소설 | B5: 무협 | C5: 신무협 | D5: 76M2201183668 | E5: 고검환정록 | F5: ANDROID | G5: 직하인 | H5: 822 | I5: 스토리위즈(주) | J5: 소장 판매 | K5: 100 | L5: 100 | M5: 2400 | N5: 24 | O5: 2400 | P5: 2400 | Q5: 70 | R5: 1680 | S5: 에필로그 | T5: 에필로그
A6: 웹소설 | B6: 판타지 | C6: 정통 | D6: 76M2205186159 | E6: 전장의 금기 | F6: PC | G6: 협행마 | H6: 239 | I6: 스토리위즈(주) | J6: 소장 판매 | K6: 100 | L6: 100 | M6: 14000 | N6: 140 | O6: 14000 | P6: 14000 | Q6: 70 | R6: 9800 | S6: 에필로그 | T6: 에필로그
A7: 웹소설 | B7: 판타지 | C7: 정통 | D7: 76M2205186159 | E7: 전장의 금기 | F7: ANDROID | G7: 협행마 | H7: 239 | I7: 스토리위즈(주) | J7: 대여 판매 | K7: 100 | L7: 100 | M7: 8000 | N7: 80 | O7: 8000 | P7: 8000 | Q7: 70 | R7: 5600 | S7: 에필로그 | T7: 에필로그
A8: 웹소설 | B8: 판타지 | C8: 정통 | D8: 76M2205186159 | E8: 전장의 금기 | F8: ANDROID | G8: 협행마 | H8: 239 | I8: 스토리위즈(주) | J8: 소장 판매 | K8: 100 | L8: 100 | M8: 2000 | N8: 20 | O8: 2000 | P8: 2000 | Q8: 70 | R8: 1400 | S8: 에필로그 | T8: 에필로그
A9: 웹소설 | B9: 판타지 | C9: 정통 | D9: 76M2205186159 | E9: 전장의 금기 | F9: ANDROID | G9: 협행마 | H9: 239 | I9: 스토리위즈(주) | J9: 소장 판매 | K9: 100 | L9: 100 | M9: 7600 | N9: 76 | O9: 7600 | P9: 7600 | Q9: 70 | R9: 5320 | S9: 에필로그 | T9: 에필로그
A10: 웹소설 | B10: 판타지 | C10: 정통 | D10: 76M2205186159 | E10: 전장의 금기 | F10: IOS | G10: 협행마 | H10: 239 | I10: 스토리위즈(주) | J10: 대여 판매 | K10: 100 | L10: 100 | M10: 100 | N10: 1 | O10: 100 | P10: 100 | Q10: 70 | R10: 70 | S10: 에필로그 | T10: 에필로그
A11: 웹소설 | B11: 판타지 | C11: 정통 | D11: 76M2205186159 | E11: 전장의 금기 | F11: IOS | G11: 협행마 | H11: 239 | I11: 스토리위즈(주) | J11: 소장 판매 | K11: 100 | L11: 100 | M11: 11600 | N11: 116 | O11: 11600 | P11: 11600 | Q11: 70 | R11: 8120 | S11: 에필로그 | T11: 에필로그

Sheet 루이세
A1: 상품구분 | B1: 대분류 | C1: 중분류 | D1: 바코드 | E1: 상품명 | F1: 판매채널 | G1: 저자 | H1: 회차수 | I1: 공급사 | J1: 구분 | K1: 정가 | L1: 판매가 | M1: 정산대상 기준 판매금액 | N1: 수량 | O1: 총판매금액 | P1: 정산대상 기준 총 판매금액 | Q1: 정산율 | R1: 정산금액 | S1: 출판사 | T1: 작가 CP
A2: 웹소설 | B2: 판타지 | C2: 퓨전 | D2: 76M2007147509 | E2: 간신이 나라를 살림 | F2: ANDROID | G2: 루이세 | H2: 261 | I2: 스토리위즈(주) | J2: 소장 판매 | K2: 100 | L2: 100 | M2: 19200 | N2: 192 | O2: 19200 | P2: 19200 | Q2: 70 | R2: 13440 | S2: 스토리위즈 | T2: 루이세

Sheet 김광수
A1: 상품구분 | B1: 대분류 | C1: 중분류 | D1: 바코드 | E1: 상품명 | F1: 판매채널 | G1: 저자 | H1: 회차수 | I1: 공급사 | J1: 구분 | K1: 정가 | L1: 판매가 | M1: 정산대상 기준 판매금액 | N1: 수량 | O1: 총판매금액 | P1: 정산대상 기준 총 판매금액 | Q1: 정산율 | R1: 정산금액 | S1: 출판사 | T1: 작가 CP
A2: 웹소설 | B2: 판타지 | C2: 현대 | D2: 76M2008148384 | E2: 회귀의 전설 | F2: PC | G2: 김광수 | H2: 1309 | I2: 스토리위즈(주) | J2: 소장 판매 | K2: 100 | L2: 100 | M2: 11700 | N2: 117 | O2: 11700 | P2: 11700 | Q2: 70 | R2: 8190 | S2: 스토리위즈 | T2: 김광수
A3: 웹소설 | B3: 판타지 | C3: 현대 | D3: 76M2008148384 | E3: 회귀의 전설 | F3: ANDROID | G3: 김광수 | H3: 1309 | I3: 스토리위즈(주) | J3: 소장 판매 | K3: 100 | L3: 100 | M3: 4200 | N3: 42 | O3: 4200 | P3: 4200 | Q3: 70 | R3: 2940 | S3: 스토리위즈 | T3: 김광수
A4: 웹소설 | B4: 판타지 | C4: 현대 | D4: 76M2008148384 | E4: 회귀의 전설 | F4: ANDROID | G4: 김광수 | H4: 1309 | I4: 스토리위즈(주) | J4: 소장 판매 | K4: 100 | L4: 100 | M4: 3900 | N4: 39 | O4: 3900 | P4: 3900 | Q4: 70 | R4: 2730 | S4: 스토리위즈 | T4: 김광수
A5: 웹소설 | B5: 무협 | C5: 신무협 | D5: 76M2009148980 | E5: 화산지애 | F5: ANDROID | G5: 김광수 | H5: 180 | I5: 스토리위즈(주) | J5: 소장 판매 | K5: 100 | L5: 100 | M5: 15200 | N5: 152 | O5: 15200 | P5: 15200 | Q5: 70 | R5: 10640 | S5: 스토리위즈 | T5: 김광수
A6: 웹소설 | B6: 판타지 | C6: 스포츠 | D6: 76M2009149893 | E6: 마스터K | F6: ANDROID | G6: 김광수 | H6: 420 | I6: 스토리위즈(주) | J6: 소장 판매 | K6: 100 | L6: 100 | M6: 8500 | N6: 85 | O6: 8500 | P6: 8500 | Q6: 70 | R6: 5950 | S6: 스토리위즈 | T6: 김광수

Sheet 엘리신
A1: 상품구분 | B1: 대분류 | C1: 중분류 | D1: 바코드 | E1: 상품명 | F1: 판매채널 | G1: 저자 | H1: 회차수 | I1: 공급사 | J1: 구분 | K1: 정가 | L1: 판매가 | M1: 정산대상 기준 판매금액 | N1: 수량 | O1: 총판매금액 | P1: 정산대상 기준 총 판매금액 | Q1: 정산율 | R1: 정산금액 | S1: 출판사 | T1: 작가 CP
A2: 웹소설 | B2: 로맨스 | C2: 현대 | D2: 76M2009149173 | E2: 연애는 아래로부터 | F2: PC | G2: 엘리신 | H2: 70 | I2: 스토리위즈(주) | J2: 소장 판매 | K2: 100 | L2: 100 | M2: 400 | N2: 4 | O2: 400 | P2: 400 | Q2: 70 | R2: 280 | S2: 스토리위즈 | T2: 엘리신

Sheet 구유
A1: 상품구분 | B1: 대분류 | C1: 중분류 | D1: 바코드 | E1: 상품명 | F1: 판매채널 | G1: 저자 | H1: 회차수 | I1: 공급사 | J1: 구분 | K1: 정가 | L1: 판매가 | M1: 정산대상 기준 판매금액 | N1: 수량 | O1: 총판매금액 | P1: 정산대상 기준 총 판매금액 | Q1: 정산율 | R1: 정산금액 | S1: 출판사 | T1: 작가 CP
A2: 웹소설 | B2: 판타지 | C2: 퓨전 | D2: 76M2010150257 | E2: SSS급 마왕의 귀환 | F2: ANDROID | G2: 구유 | H2: 225 | I2: 스토리위즈(주) | J2: 소장 판매 | K2: 100 | L2: 100 | M2: 2500 | N2: 25 | O2: 2500 | P2: 2500 | Q2: 70 | R2: 1750 | S2: 스토리위즈 | T2: 구유

Sheet 청빙
A1: 상품구분 | B1: 대분류 | C1: 중분류 | D1: 바코드 | E1: 상품명 | F1: 판매채널 | G1: 저자 | H1: 회차수 | I1: 공급사 | J1: 구분 | K1: 정가 | L1: 판매가 | M1: 정산대상 기준 판매금액 | N1: 수량 | O1: 총판매금액 | P1: 정산대상 기준 총 판매금액 | Q1: 정산율 | R1: 정산금액 | S1: 출판사 | T1: 작가 CP
A2: 웹소설 | B2: 판타지 | C2: 퓨전 | D2: 76M2012152412 | E2: 삼국지 호접몽전 | F2: ANDROID | G2: 청빙 | H2: 812 | I2: 스토리위즈(주) | J2: 소장 판매 | K2: 100 | L2: 100 | M2: 400 | N2: 4 | O2: 400 | P2: 400 | Q2: 70 | R2: 280 | S2: 스토리위즈 | T2: 청빙
A3: 웹소설 | B3: 판타지 | C3: 퓨전 | D3: 76M2103155887 | E3: 절대자의 귀환 | F3: ANDROID | G3: 장유진 | H3: 198 | I3: 스토리위즈(주) | J3: 소장 판매 | K3: 100 | L3: 100 | M3: 500 | N3: 5 | O3: 500 | P3: 500 | Q3: 70 | R3: 350 | S3: 스토리위즈 | T3: 청빙

Sheet 불고기자리
A1: 상품구분 | B1: 대분류 | C1: 중분류 | D1: 바코드 | E1: 상품명 | F1: 판매채널 | G1: 저자 | H1: 회차수 | I1: 공급사 | J1: 구분 | K1: 정가 | L1: 판매가 | M1: 정산대상 기준 판매금액 | N1: 수량 | O1: 총판매금액 | P1: 정산대상 기준 총 판매금액 | Q1: 정산율 | R1: 정산금액 | S1: 출판사 | T1: 작가 CP
A2: 웹소설 | B2: 로판 | C2: 서양 | D2: 76M2101153964 | E2: 레이디 스칼렛 | F2: PC | G2: 불고기자리 | H2: 215 | I2: 스토리위즈(주) | J2: 소장 판매 | K2: 100 | L2: 100 | M2: 700 | N2: 7 | O2: 700 | P2: 700 | Q2: 70 | R2: 490 | S2: 스토리위즈 | T2: 불고기자리

Sheet 꽃잠
A1: 상품구분 | B1: 대분류 | C1: 중분류 | D1: 바코드 | E1: 상품명 | F1: 판매채널 | G1: 저자 | H1: 회차수 | I1: 공급사 | J1: 구분 | K1: 정가 | L1: 판매가 | M1: 정산대상 기준 판매금액 | N1: 수량 | O1: 총판매금액 | P1: 정산대상 기준 총 판매금액 | Q1: 정산율 | R1: 정산금액 | S1: 출판사 | T1: 작가 CP
A2: 웹소설 | B2: 로맨스 | C2: 현대 | D2: 76M2105159295 | E2: 흔적 | F2: ANDROID | G2: 꽃잠 | H2: 71 | I2: 스토리위즈(주) | J2: 소장 판매 | K2: 100 | L2: 100 | M2: 2300 | N2: 23 | O2: 2300 | P2: 2300 | Q2: 70 | R2: 1610 | S2: 스토리위즈 | T2: 꽃잠

Sheet 박도아
A1: 상품구분 | B1: 대분류 | C1: 중분류 | D1: 바코드 | E1: 상품명 | F1: 판매채널 | G1: 저자 | H1: 회차수 | I1: 공급사 | J1: 구분 | K1: 정가 | L1: 판매가 | M1: 정산대상 기준 판매금액 | N1: 수량 | O1: 총판매금액 | P1: 정산대상 기준 총 판매금액 | Q1: 정산율 | R1: 정산금액 | S1: 출판사 | T1: 작가 CP
A2: 웹소설 | B2: 로맨스 | C2: 현대 | D2: 76M2105159296 | E2: 내 몸을 돌려줘요 | F2: ANDROID | G2: 박도아 | H2: 101 | I2: 스토리위즈(주) | J2: 소장 판매 | K2: 100 | L2: 100 | M2: 100 | N2: 1 | O2: 100 | P2: 100 | Q2: 70 | R2: 70 | S2: 스토리위즈 | T2: 박도아

Sheet 제외
A1: 상품구분 | B1: 대분류 | C1: 중분류 | D1: 바코드 | E1: 상품명 | F1: 판매채널 | G1: 저자 | H1: 회차수 | I1: 공급사 | J1: 구분 | K1: 정가 | L1: 판매가 | M1: 정산대상 기준 판매금액 | N1: 수량 | O1: 총판매금액 | P1: 정산대상 기준 총 판매금액 | Q1: 정산율 | R1: 정산금액 | S1: 출판사 | T1: 작가 CP
A2: 웹소설 | B2: 로맨스 | C2: BL | D2: 76M2112182781 | E2: 퇴마사(巫者) | F2: ANDROID | G2: 시무(蒔舞) | H2: 63 | I2: 스토리위즈(주) | J2: 소장 판매 | K2: 100 | L2: 100 | M2: 1400 | N2: 14 | O2: 1400 | P2: 1400 | Q2: 70 | R2: 980 | S2: 스토리위즈 | T2: 제외
A3: 웹소설 | B3: 로맨스 | C3: BL | D3: 76M2205186033 | E3: 영원한 1위 & 2위의 역습 | F3: PC | G3: Uchenhu, Lin Peiyu | H3: 62 | I3: 스토리위즈(주) | J3: 소장 판매 | K3: 100 | L3: 100 | M3: 12900 | N3: 129 | O3: 12900 | P3: 12900 | Q3: 70 | R3: 9030 | S3: 스토리위즈 | T3: 제외
A4: 웹소설 | B4: 로맨스 | C4: BL | D4: 76M2205186033 | E4: 영원한 1위 & 2위의 역습 | F4: ANDROID | G4: Uchenhu, Lin Peiyu | H4: 62 | I4: 스토리위즈(주) | J4: 소장 판매 | K4: 100 | L4: 100 | M4: 14400 | N4: 144 | O4: 14400 | P4: 14400 | Q4: 70 | R4: 10080 | S4: 스토리위즈 | T4: 제외
A5: 웹소설 | B5: 로맨스 | C5: BL | D5: 76M2205186033 | E5: 영원한 1위 & 2위의 역습 | F5: ANDROID | G5: Uchenhu, Lin Peiyu | H5: 62 | I5: 스토리위즈(주) | J5: 소장 판매 | K5: 100 | L5: 100 | M5: 58700 | N5: 587 | O5: 58700 | P5: 58700 | Q5: 70 | R5: 41090 | S5: 스토리위즈 | T5: 제외
A6: 웹소설 | B6: 로맨스 | C6: BL | D6: 76M2205186033 | E6: 영원한 1위 & 2위의 역습 | F6: IOS | G6: Uchenhu, Lin Peiyu | H6: 62 | I6: 스토리위즈(주) | J6: 소장 판매 | K6: 100 | L6: 100 | M6: 4500 | N6: 45 | O6: 4500 | P6: 4500 | Q6: 70 | R6: 3150 | S6: 스토리위즈 | T6: 제외
A7: 웹소설 | B7: 로맨스 | C7: BL | D7: 76M2205186066 | E7: SOTUS S | F7: PC | G7: BitterSweet | H7: 176 | I7: 스토리위즈(주) | J7: 소장 판매 | K7: 100 | L7: 100 | M7: 24000 | N7: 240 | O7: 24000 | P7: 24000 | Q7: 70 | R7: 16800 | S7: 스토리위즈 | T7: 제외
A8: 웹소설 | B8: 로맨스 | C8: BL | D8: 76M2205186066 | E8: SOTUS S | F8: IOS | G8: BitterSweet | H8: 176 | I8: 스토리위즈(주) | J8: 소장 판매 | K8: 100 | L8: 100 | M8: 5000 | N8: 50 | O8: 5000 | P8: 5000 | Q8: 70 | R8: 3500 | S8: 스토리위즈 | T8: 제외
A9: 웹소설 | B9: 로맨스 | C9: BL | D9: 76M2205186066 | E9: SOTUS S | F9: ANDROID | G9: BitterSweet | H9: 176 | I9: 스토리위즈(주) | J9: 소장 판매 | K9: 100 | L9: 100 | M9: 15600 | N9: 156 | O9: 15600 | P9: 15600 | Q9: 70 | R9: 10920 | S9: 스토리위즈 | T9: 제외
A10: 웹소설 | B10: 로맨스 | C10: BL | D10: 76M2205186066 | E10: SOTUS S | F10: ANDROID | G10: BitterSweet | H10: 176 | I10: 스토리위즈(주) | J10: 소장 판매 | K10: 100 | L10: 100 | M10: 16500 | N10: 165 | O10: 16500 | P10: 16500 | Q10: 70 | R10: 11550 | S10: 스토리위즈 | T10: 제외
A11: 웹툰 | B11: 로맨스 | C11: 로맨스 | D11: 77M2112182436 | E11: 별빛 아래 우리 | F11: ANDROID | G11: 건일 | H11: 77 | I11: 스토리위즈(주) | J11: 대여 판매 | K11: 200 | L11: 200 | M11: 14200 | N11: 71 | O11: 14200 | P11: 14200 | Q11: 70 | R11: 9940 | S11: 스토리위즈 | T11: 제외
A12: 웹툰 | B12: 로맨스 | C12: 로맨스 | D12: 77M2112182437 | E12: 최애에게 들켜버렸다 | F12: ANDROID | G12: Lv | H12: 83 | I12: 스토리위즈(주) | J12: 대여 판매 | K12: 200 | L12: 200 | M12: 7400 | N12: 37 | O12: 7400 | P12: 7400 | Q12: 70 | R12: 5180 | S12: 스토리위즈 | T12: 제외
A13: 웹툰 | B13: 로맨스 | C13: 로맨스 | D13: 77M2112182437 | E13: 최애에게 들켜버렸다 | F13: ANDROID | G13: Lv | H13: 83 | I13: 스토리위즈(주) | J13: 소장 판매 | K13: 400 | L13: 400 | M13: 400 | N13: 1 | O13: 400 | P13: 400 | Q13: 70 | R13: 280 | S13: 스토리위즈 | T13: 제외
... A30: 웹툰 | B30: 로맨스 | C30: 로맨스 | D30: 77M2205186310 | E30: 악역이지만, 남주는 꼬시지 않아요 | F30: IOS | G30: kuri, 마북명 | H30: 28 | I30: 스토리위즈(주) | J30: 소장 판매 | K30: 400 | L30: 400 | M30: 8400 | N30: 21 | O30: 8400 | P30: 8400 | Q30: 70 | R30: 5880 | S30: 스토리위즈 | T30: 제외

Sheet 더컴퍼니
A1: 상품구분 | B1: 대분류 | C1: 중분류 | D1: 바코드 | E1: 상품명 | F1: 판매채널 | G1: 저자 | H1: 회차수 | I1: 공급사 | J1: 구분 | K1: 정가 | L1: 판매가 | M1: 정산대상 기준 판매금액 | N1: 수량 | O1: 총판매금액 | P1: 정산대상 기준 총 판매금액 | Q1: 정산율 | R1: 정산금액 | S1: 출판사 | T1: 작가 CP
A2: 웹소설 | B2: 로맨스 | C2: BL | D2: 76M2112183036 | E2: 주먹 구십구 | F2: ANDROID | G2: 마연 | H2: 163 | I2: 스토리위즈(주) | J2: 소장 판매 | K2: 100 | L2: 100 | M2: 1100 | N2: 11 | O2: 1100 | P2: 1100 | Q2: 70 | R2: 770 | S2: 더컴퍼니 | T2: 더컴퍼니
A3: 웹소설 | B3: 로맨스 | C3: BL | D3: 76M2201183313 | E3: 너만 모르는 연애 | F3: ANDROID | G3: 카에트 | H3: 59 | I3: 스토리위즈(주) | J3: 소장 판매 | K3: 100 | L3: 100 | M3: 200 | N3: 2 | O3: 200 | P3: 200 | Q3: 70 | R3: 140 | S3: 더컴퍼니 | T3: 더컴퍼니
A4: 웹소설 | B4: 로맨스 | C4: BL | D4: 76M2201183314 | E4: 더블 파울(Double Foul) | F4: ANDROID | G4: 나나코 | H4: 77 | I4: 스토리위즈(주) | J4: 소장 판매 | K4: 100 | L4: 100 | M4: 300 | N4: 3 | O4: 300 | P4: 300 | Q4: 70 | R4: 210 | S4: 더컴퍼니 | T4: 더컴퍼니
A5: 웹소설 | B5: 로맨스 | C5: BL | D5: 76M2201183316 | E5: 비터, 비터(Bitter, Bitter) | F5: ANDROID | G5: 라에르 | H5: 93 | I5: 스토리위즈(주) | J5: 소장 판매 | K5: 100 | L5: 100 | M5: 1000 | N5: 10 | O5: 1000 | P5: 1000 | Q5: 70 | R5: 700 | S5: 더컴퍼니 | T5: 더컴퍼니
A6: 웹소설 | B6: 로맨스 | C6: BL | D6: 76M2201183316 | E6: 비터, 비터(Bitter, Bitter) | F6: ANDROID | G6: 라에르 | H6: 93 | I6: 스토리위즈(주) | J6: 소장 판매 | K6: 100 | L6: 100 | M6: 1000 | N6: 10 | O6: 1000 | P6: 1000 | Q6: 70 | R6: 700 | S6: 더컴퍼니 | T6: 더컴퍼니
A7: 웹소설 | B7: 로맨스 | C7: BL | D7: 76M2202184135 | E7: 너드 공략집 | F7: ANDROID | G7: 이다겸 | H7: 99 | I7: 스토리위즈(주) | J7: 소장 판매 | K7: 100 | L7: 100 | M7: 2500 | N7: 25 | O7: 2500 | P7: 2500 | Q7: 70 | R7: 1750 | S7: 더컴퍼니 | T7: 더컴퍼니
A8: 웹소설 | B8: 로맨스 | C8: BL | D8: 76M2203184718 | E8: 익스클루시브(Exclusive) | F8: PC | G8: 사틴 | H8: 63 | I8: 스토리위즈(주) | J8: 소장 판매 | K8: 100 | L8: 100 | M8: 5300 | N8: 53 | O8: 5300 | P8: 5300 | Q8: 70 | R8: 3710 | S8: 더컴퍼니 | T8: 더컴퍼니
A9: 웹소설 | B9: 로맨스 | C9: BL | D9: 76M2203184720 | E9: 그저, 닿지 않을 너에게 | F9: ANDROID | G9: 뚜여사 | H9: 108 | I9: 스토리위즈(주) | J9: 소장 판매 | K9: 100 | L9: 100 | M9: 10500 | N9: 105 | O9: 10500 | P9: 10500 | Q9: 70 | R9: 7350 | S9: 더컴퍼니 | T9: 더컴퍼니
A10: 웹소설 | B10: 로맨스 | C10: BL | D10: 76M2203184721 | E10: 달보드레 | F10: ANDROID | G10: 시아 | H10: 77 | I10: 스토리위즈(주) | J10: 소장 판매 | K10: 100 | L10: 100 | M10: 100 | N10: 1 | O10: 100 | P10: 100 | Q10: 70 | R10: 70 | S10: 더컴퍼니 | T10: 더컴퍼니
A11: 웹소설 | B11: 로맨스 | C11: BL | D11: 76M2203184723 | E11: 더티독 | F11: PC | G11: 용가리맛쿠키 | H11: 75 | I11: 스토리위즈(주) | J11: 소장 판매 | K11: 100 | L11: 100 | M11: 7200 | N11: 72 | O11: 7200 | P11: 7200 | Q11: 70 | R11: 5040 | S11: 더컴퍼니 | T11: 더컴퍼니
A12: 웹소설 | B12: 로맨스 | C12: BL | D12: 76M2203184723 | E12: 더티독 | F12: ANDROID | G12: 용가리맛쿠키 | H12: 75 | I12: 스토리위즈(주) | J12: 소장 판매 | K12: 100 | L12: 100 | M12: 2700 | N12: 27 | O12: 2700 | P12: 2700 | Q12: 70 | R12: 1890 | S12: 더컴퍼니 | T12: 더컴퍼니
A13: 웹소설 | B13: 로맨스 | C13: BL | D13: 76M2203184723 | E13: 더티독 | F13: ANDROID | G13: 용가리맛쿠키 | H13: 75 | I13: 스토리위즈(주) | J13: 소장 판매 | K13: 100 | L13: 100 | M13: 300 | N13: 3 | O13: 300 | P13: 300 | Q13: 70 | R13: 210 | S13: 더컴퍼니 | T13: 더컴퍼니
... A31: 웹소설 | B31: 로맨스 | C31: 현대 | D31: 76M2205186158 | E31: 선배님, 흔들어 주세요 | F31: ANDROID | G31: 김매콤 | H31: 33 | I31: 스토리위즈(주) | J31: 소장 판매 | K31: 100 | L31: 100 | M31: 1200 | N31: 12 | O31: 1200 | P31: 1200 | Q31: 70 | R31: 840 | S31: 더컴퍼니 | T31: 더컴퍼니

Sheet 모험왕선우
A1: 상품구분 | B1: 대분류 | C1: 중분류 | D1: 바코드 | E1: 상품명 | F1: 판매채널 | G1: 저자 | H1: 회차수 | I1: 공급사 | J1: 구분 | K1: 정가 | L1: 판매가 | M1: 정산대상 기준 판매금액 | N1: 수량 | O1: 총판매금액 | P1: 정산대상 기준 총 판매금액 | Q1: 정산율 | R1: 정산금액 | S1: 출판사 | T1: 작가 CP
A2: 웹소설 | B2: 판타지 | C2: 현대 | D2: 76M2202184034 | E2: 신인류 좀비의 아포칼립스 | F2: PC | G2: 모험왕선우 | H2: 169 | I2: 스토리위즈(주) | J2: 소장 판매 | K2: 100 | L2: 100 | M2: 1400 | N2: 14 | O2: 1400 | P2: 1400 | Q2: 70 | R2: 980 | S2: 스토리위즈 | T2: 모험왕선우
A3: 웹소설 | B3: 판타지 | C3: 현대 | D3: 76M2202184034 | E3: 신인류 좀비의 아포칼립스 | F3: IOS | G3: 모험왕선우 | H3: 169 | I3: 스토리위즈(주) | J3: 소장 판매 | K3: 100 | L3: 100 | M3: 100 | N3: 1 | O3: 100 | P3: 100 | Q3: 70 | R3: 70 | S3: 스토리위즈 | T3: 모험왕선우
A4: 웹소설 | B4: 판타지 | C4: 현대 | D4: 76M2202184034 | E4: 신인류 좀비의 아포칼립스 | F4: ANDROID | G4: 모험왕선우 | H4: 169 | I4: 스토리위즈(주) | J4: 소장 판매 | K4: 100 | L4: 100 | M4: 2000 | N4: 20 | O4: 2000 | P4: 2000 | Q4: 70 | R4: 1400 | S4: 스토리위즈 | T4: 모험왕선우

Sheet 글면증
A1: 상품구분 | B1: 대분류 | C1: 중분류 | D1: 바코드 | E1: 상품명 | F1: 판매채널 | G1: 저자 | H1: 회차수 | I1: 공급사 | J1: 구분 | K1: 정가 | L1: 판매가 | M1: 정산대상 기준 판매금액 | N1: 수량 | O1: 총판매금액 | P1: 정산대상 기준 총 판매금액 | Q1: 정산율 | R1: 정산금액 | S1: 출판사 | T1: 작가 CP
A2: 웹소설 | B2: 판타지 | C2: 퓨전 | D2: 76M2204185171 | E2: 올마스터가 된 비전서고 | F2: ANDROID | G2: 글면증 | H2: 200 | I2: 스토리위즈(주) | J2: 소장 판매 | K2: 100 | L2: 100 | M2: 7900 | N2: 79 | O2: 7900 | P2: 7900 | Q2: 70 | R2: 5530 | S2: 스토리위즈 | T2: 글면증

Sheet 리세마라
A1: 상품구분 | B1: 대분류 | C1: 중분류 | D1: 바코드 | E1: 상품명 | F1: 판매채널 | G1: 저자 | H1: 회차수 | I1: 공급사 | J1: 구분 | K1: 정가 | L1: 판매가 | M1: 정산대상 기준 판매금액 | N1: 수량 | O1: 총판매금액 | P1: 정산대상 기준 총 판매금액 | Q1: 정산율 | R1: 정산금액 | S1: 출판사 | T1: 작가 CP
A2: 웹소설 | B2: 판타지 | C2: 퓨전 | D2: 76M2204185440 | E2: 내 안에 흑염룡이 산다! | F2: PC | G2: 리세마라 | H2: 200 | I2: 스토리위즈(주) | J2: 소장 판매 | K2: 100 | L2: 100 | M2: 1200 | N2: 12 | O2: 1200 | P2: 1200 | Q2: 70 | R2: 840 | S2: 스토리위즈 | T2: 리세마라
A3: 웹소설 | B3: 판타지 | C3: 퓨전 | D3: 76M2204185440 | E3: 내 안에 흑염룡이 산다! | F3: ANDROID | G3: 리세마라 | H3: 200 | I3: 스토리위즈(주) | J3: 소장 판매 | K3: 100 | L3: 100 | M3: 4000 | N3: 40 | O3: 4000 | P3: 4000 | Q3: 70 | R3: 2800 | S3: 스토리위즈 | T3: 리세마라

Sheet 스내치
A1: 상품구분 | B1: 대분류 | C1: 중분류 | D1: 바코드 | E1: 상품명 | F1: 판매채널 | G1: 저자 | H1: 회차수 | I1: 공급사 | J1: 구분 | K1: 정가 | L1: 판매가 | M1: 정산대상 기준 판매금액 | N1: 수량 | O1: 총판매금액 | P1: 정산대상 기준 총 판매금액 | Q1: 정산율 | R1: 정산금액 | S1: 출판사 | T1: 작가 CP
A2: 웹소설 | B2: 로맨스 | C2: 현대 | D2: 76M2204185735 | E2: 매혹적인 상사 | F2: PC | G2: 스내치 | H2: 87 | I2: 스토리위즈(주) | J2: 소장 판매 | K2: 100 | L2: 100 | M2: 15200 | N2: 152 | O2: 15200 | P2: 15200 | Q2: 70 | R2: 10640 | S2: 스토리위즈 | T2: 스내치
A3: 웹소설 | B3: 로맨스 | C3: 현대 | D3: 76M2204185735 | E3: 매혹적인 상사 | F3: ANDROID | G3: 스내치 | H3: 87 | I3: 스토리위즈(주) | J3: 소장 판매 | K3: 100 | L3: 100 | M3: 4600 | N3: 46 | O3: 4600 | P3: 4600 | Q3: 70 | R3: 3220 | S3: 스토리위즈 | T3: 스내치
A4: 웹소설 | B4: 로맨스 | C4: 현대 | D4: 76M2204185735 | E4: 매혹적인 상사 | F4: ANDROID | G4: 스내치 | H4: 87 | I4: 스토리위즈(주) | J4: 소장 판매 | K4: 100 | L4: 100 | M4: 15100 | N4: 151 | O4: 15100 | P4: 15100 | Q4: 70 | R4: 10570 | S4: 스토리위즈 | T4: 스내치

Sheet 갓띵작
A1: 상품구분 | B1: 대분류 | C1: 중분류 | D1: 바코드 | E1: 상품명 | F1: 판매채널 | G1: 저자 | H1: 회차수 | I1: 공급사 | J1: 구분 | K1: 정가 | L1: 판매가 | M1: 정산대상 기준 판매금액 | N1: 수량 | O1: 총판매금액 | P1: 정산대상 기준 총 판매금액 | Q1: 정산율 | R1: 정산금액 | S1: 출판사 | T1: 작가 CP
A2: 웹소설 | B2: 판타지 | C2: 퓨전 | D2: 76M2205185900 | E2: 신들의 알바나라 | F2: PC | G2: 갓띵작 | H2: 201 | I2: 스토리위즈(주) | J2: 대여 판매 | K2: 100 | L2: 100 | M2: 3400 | N2: 34 | O2: 3400 | P2: 3400 | Q2: 70 | R2: 2380 | S2: 스토리위즈 | T2: 갓띵작
A3: 웹소설 | B3: 판타지 | C3: 퓨전 | D3: 76M2205185900 | E3: 신들의 알바나라 | F3: PC | G3: 갓띵작 | H3: 201 | I3: 스토리위즈(주) | J3: 소장 판매 | K3: 100 | L3: 100 | M3: 29900 | N3: 299 | O3: 29900 | P3: 29900 | Q3: 70 | R3: 20930 | S3: 스토리위즈 | T3: 갓띵작
A4: 웹소설 | B4: 판타지 | C4: 퓨전 | D4: 76M2205185900 | E4: 신들의 알바나라 | F4: ANDROID | G4: 갓띵작 | H4: 201 | I4: 스토리위즈(주) | J4: 대여 판매 | K4: 100 | L4: 100 | M4: 6700 | N4: 67 | O4: 6700 | P4: 6700 | Q4: 70 | R4: 4690 | S4: 스토리위즈 | T4: 갓띵작
A5: 웹소설 | B5: 판타지 | C5: 퓨전 | D5: 76M2205185900 | E5: 신들의 알바나라 | F5: ANDROID | G5: 갓띵작 | H5: 201 | I5: 스토리위즈(주) | J5: 소장 판매 | K5: 100 | L5: 100 | M5: 6200 | N5: 62 | O5: 6200 | P5: 6200 | Q5: 70 | R5: 4340 | S5: 스토리위즈 | T5: 갓띵작
A6: 웹소설 | B6: 판타지 | C6: 퓨전 | D6: 76M2205185900 | E6: 신들의 알바나라 | F6: ANDROID | G6: 갓띵작 | H6: 201 | I6: 스토리위즈(주) | J6: 대여 판매 | K6: 100 | L6: 100 | M6: 9300 | N6: 93 | O6: 9300 | P6: 9300 | Q6: 70 | R6: 6510 | S6: 스토리위즈 | T6: 갓띵작
A7: 웹소설 | B7: 판타지 | C7: 퓨전 | D7: 76M2205185900 | E7: 신들의 알바나라 | F7: ANDROID | G7: 갓띵작 | H7: 201 | I7: 스토리위즈(주) | J7: 소장 판매 | K7: 100 | L7: 100 | M7: 224700 | N7: 2247 | O7: 224700 | P7: 224700 | Q7: 70 | R7: 157290 | S7: 스토리위즈 | T7: 갓띵작
A8: 웹소설 | B8: 판타지 | C8: 퓨전 | D8: 76M2205185900 | E8: 신들의 알바나라 | F8: IOS | G8: 갓띵작 | H8: 201 | I8: 스토리위즈(주) | J8: 소장 판매 | K8: 100 | L8: 100 | M8: 100 | N8: 1 | O8: 100 | P8: 100 | Q8: 70 | R8: 70 | S8: 스토리위즈 | T8: 갓띵작
A9: 웹소설 | B9: 판타지 | C9: 퓨전 | D9: 76M2205185900 | E9: 신들의 알바나라 | F9: IOS | G9: 갓띵작 | H9: 201 | I9: 스토리위즈(주) | J9: 소장 판매 | K9: 100 | L9: 100 | M9: 100 | N9: 1 | O9: 100 | P9: 100 | Q9: 70 | R9: 70 | S9: 스토리위즈 | T9: 갓띵작

Sheet 김온별
A1: 상품구분 | B1: 대분류 | C1: 중분류 | D1: 바코드 | E1: 상품명 | F1: 판매채널 | G1: 저자 | H1: 회차수 | I1: 공급사 | J1: 구분 | K1: 정가 | L1: 판매가 | M1: 정산대상 기준 판매금액 | N1: 수량 | O1: 총판매금액 | P1: 정산대상 기준 총 판매금액 | Q1: 정산율 | R1: 정산금액 | S1: 출판사 | T1: 작가 CP
A2: 웹소설 | B2: 로맨스 | C2: 현대 | D2: 76M2205186021 | E2: 우리야, 이리온 | F2: ANDROID | G2: 김온별(러브마인) | H2: 187 | I2: 스토리위즈(주) | J2: 소장 판매 | K2: 100 | L2: 100 | M2: 800 | N2: 8 | O2: 800 | P2: 800 | Q2: 70 | R2: 560 | S2: 스토리위즈 | T2: 김온별
A3: 웹소설 | B3: 로맨스 | C3: 현대 | D3: 76M2205186021 | E3: 우리야, 이리온 | F3: IOS | G3: 김온별(러브마인) | H3: 187 | I3: 스토리위즈(주) | J3: 소장 판매 | K3: 100 | L3: 100 | M3: 4200 | N3: 42 | O3: 4200 | P3: 4200 | Q3: 70 | R3: 2940 | S3: 스토리위즈 | T3: 김온별

Sheet DION(디온)
A1: 상품구분 | B1: 대분류 | C1: 중분류 | D1: 바코드 | E1: 상품명 | F1: 판매채널 | G1: 저자 | H1: 회차수 | I1: 공급사 | J1: 구분 | K1: 정가 | L1: 판매가 | M1: 정산대상 기준 판매금액 | N1: 수량 | O1: 총판매금액 | P1: 정산대상 기준 총 판매금액 | Q1: 정산율 | R1: 정산금액 | S1: 출판사 | T1: 작가 CP
A2: 웹소설 | B2: 로맨스 | C2: BL | D2: 76M2205186059 | E2: On the air | F2: PC | G2: DION | H2: 75 | I2: 스토리위즈(주) | J2: 소장 판매 | K2: 100 | L2: 100 | M2: 8600 | N2: 86 | O2: 8600 | P2: 8600 | Q2: 70 | R2: 6020 | S2: 스토리위즈 | T2: DION(디온)
A3: 웹소설 | B3: 로맨스 | C3: BL | D3: 76M2205186059 | E3: On the air | F3: IOS | G3: DION | H3: 75 | I3: 스토리위즈(주) | J3: 소장 판매 | K3: 100 | L3: 100 | M3: 7200 | N3: 72 | O3: 7200 | P3: 7200 | Q3: 70 | R3: 5040 | S3: 스토리위즈 | T3: DION(디온)
A4: 웹소설 | B4: 로맨스 | C4: BL | D4: 76M2205186059 | E4: On the air | F4: ANDROID | G4: DION | H4: 75 | I4: 스토리위즈(주) | J4: 소장 판매 | K4: 100 | L4: 100 | M4: 11600 | N4: 116 | O4: 11600 | P4: 11600 | Q4: 70 | R4: 8120 | S4: 스토리위즈 | T4: DION(디온)
A5: 웹소설 | B5: 로맨스 | C5: BL | D5: 76M2205186059 | E5: On the air | F5: ANDROID | G5: DION | H5: 75 | I5: 스토리위즈(주) | J5: 소장 판매 | K5: 100 | L5: 100 | M5: 25100 | N5: 251 | O5: 25100 | P5: 25100 | Q5: 70 | R5: 17570 | S5: 스토리위즈 | T5: DION(디온)
A6: 웹소설 | B6: 로맨스 | C6: BL | D6: 76M2205186059 | E6: On the air | F6: IOS | G6: DION | H6: 75 | I6: 스토리위즈(주) | J6: 소장 판매 | K6: 100 | L6: 100 | M6: 500 | N6: 5 | O6: 500 | P6: 500 | Q6: 70 | R6: 350 | S6: 스토리위즈 | T6: DION(디온)

Sheet 윈델
A1: 상품구분 | B1: 대분류 | C1: 중분류 | D1: 바코드 | E1: 상품명 | F1: 판매채널 | G1: 저자 | H1: 회차수 | I1: 공급사 | J1: 구분 | K1: 정가 | L1: 판매가 | M1: 정산대상 기준 판매금액 | N1: 수량 | O1: 총판매금액 | P1: 정산대상 기준 총 판매금액 | Q1: 정산율 | R1: 정산금액 | S1: 출판사 | T1: 작가 CP
A2: 웹소설 | B2: 로판 | C2: 서양 | D2: 76M2205186263 | E2: 돌아온 막내 영애님을 조심하세요 | F2: PC | G2: 윈델 | H2: 215 | I2: 스토리위즈(주) | J2: 소장 판매 | K2: 100 | L2: 100 | M2: 5200 | N2: 52 | O2: 5200 | P2: 5200 | Q2: 70 | R2: 3640 | S2: 스토리위즈 | T2: 윈델
A3: 웹소설 | B3: 로판 | C3: 서양 | D3: 76M2205186263 | E3: 돌아온 막내 영애님을 조심하세요 | F3: ANDROID | G3: 윈델 | H3: 215 | I3: 스토리위즈(주) | J3: 소장 판매 | K3: 100 | L3: 100 | M3: 42200 | N3: 422 | O3: 42200 | P3: 42200 | Q3: 70 | R3: 29540 | S3: 스토리위즈 | T3: 윈델
A4: 웹소설 | B4: 로판 | C4: 서양 | D4: 76M2205186263 | E4: 돌아온 막내 영애님을 조심하세요 | F4: IOS | G4: 윈델 | H4: 215 | I4: 스토리위즈(주) | J4: 소장 판매 | K4: 100 | L4: 100 | M4: 7800 | N4: 78 | O4: 7800 | P4: 7800 | Q4: 70 | R4: 5460 | S4: 스토리위즈 | T4: 윈델
A5: 웹소설 | B5: 로판 | C5: 서양 | D5: 76M2205186263 | E5: 돌아온 막내 영애님을 조심하세요 | F5: IOS | G5: 윈델 | H5: 215 | I5: 스토리위즈(주) | J5: 소장 판매 | K5: 100 | L5: 100 | M5: 200 | N5: 2 | O5: 200 | P5: 200 | Q5: 70 | R5: 140 | S5: 스토리위즈 | T5: 윈델

Sheet 컨텐츠헤라
A1: 상품구분 | B1: 대분류 | C1: 중분류 | D1: 바코드 | E1: 상품명 | F1: 판매채널 | G1: 저자 | H1: 회차수 | I1: 공급사 | J1: 구분 | K1: 정가 | L1: 판매가 | M1: 정산대상 기준 판매금액 | N1: 수량 | O1: 총판매금액 | P1: 정산대상 기준 총 판매금액 | Q1: 정산율 | R1: 정산금액 | S1: 출판사 | T1: 작가 CP
A2: 웹툰 | B2: 로맨스 | C2: 로맨스 | D2: 77M2112182438 | E2: 내 남편의 스토커 | F2: IOS | G2: 혜원 | H2: 68 | I2: 스토리위즈(주) | J2: 소장 판매 | K2: 400 | L2: 400 | M2: 11200 | N2: 28 | O2: 11200 | P2: 11200 | Q2: 70 | R2: 7840 | S2: 컨텐츠헤라 | T2: 컨텐츠헤라
