Workbook

Sheet 서비스현황
A1: 로드 오브 머니
A2: 플랫폼 | B2: 서비스 시작일 | C2: 서비스 사이트 | D2: 비고
A3: 카카오페이지 | B3: 20.12.26 | C3: https://page.kakao.com/home?seriesId=56237804&page=2 | D3: 웹/앱 서비스

Sheet 합계(12)
A2: 정산월 | B2: 판매 월 | C2: 소비자 매출 | D2: 정산 대상 금액 | E2: 스토리위즈 정산금(15%) | F2: 원저작자 정산(50%)
A3: 1월 | B3: 20.12 | C3: ='202012'!D11/60% -> 30365677 | D3: 21000000 | E3: =D3*0.15 -> 3150000 | F3: =E3*0.5 -> 1575000
A4: 2월 | B4: 21.01 | C4: ='202101'!D12/60% -> 39100448 | D4: 23460269 | E4: ='202101'!G12 -> 3519040.4 | F4: ='202101'!H12 -> 1759520.2
A5: 3월 | B5: 21.02 | C5: ='202102'!D11/60% -> 31177463 | D5: ='202102'!F12 -> 18706478 | E5: ='202102'!G12 -> 2805971.7 | F5: ='202102'!H12 -> 1402985.8
A6: 4월 | B6: 21.03 | C6: ='202103'!D11/60% -> 33952472 | D6: ='202103'!F12 -> 20371483 | E6: =D6*15% -> 3055722.4 | F6: =ROUND(E6*50%,0) -> 1527861
A7: 5월 | B7: 21.04 | C7: ='202104'!D11/60% -> 19149570 | D7: ='202104'!F12 -> 11489742 | E7: =D7*15% -> 1723461.3 | F7: =ROUND(E7*50%,0) -> 861731
A8: 6월 | B8: 21.05 | C8: ='202105'!D11/60% -> 28206772 | D8: ='202105'!F11 -> 16924063 | E8: =D8*15% -> 2538609.4 | F8: =ROUND(E8*50%,0) -> 1269305
A9: 7월 | B9: 21.06 | C9: ='202106'!D11/60% -> 24224637 | D9: ='202106'!F11 -> 14534782 | E9: =D9*15% -> 2180217.3 | F9: =ROUND(E9*50%,0) -> 1090109
A10: 8월 | B10: 21.07 | C10: ='202107'!D6/60% -> 23985425 | D10: ='202107'!F6 -> 17391255 | E10: =D10*15% -> 2608688.2 | F10: =ROUND(E10*50%,0) -> 1304344
A11: 9월 | B11: 21.08 | C11: ='202108'!D7/60% -> 37596578 | D11: ='202108'!F7 -> 32557947 | E11: =D11*15% -> 4883692 | F11: =ROUND(E11*50%,0) -> 2441846
A12: 10월 | B12: 21.09 | C12: =D12/60% -> 38193683 | D12: ='202109'!F9 -> 22916210 | E12: ='202109'!G9 -> 3437431.5 | F12: =ROUND(E12*50%,0) -> 1718716
A13: 11월 | B13: 10월 정산 차액 보정(10월 정산시 8월 판매금으로 중복 정산) | F13: =F12-F11 -> -723130
A14: 11월 | B14: 21.10 | C14: =SUM('202110'!D4+'202110'!E4+'202110'!F5)/60% -> 43083785 | D14: ='202110'!H4+'202110'!H5 -> 25850271 | E14: ='202110'!I4+'202110'!I5 -> 3877540.6 | F14: =ROUND(E14*50%,0) -> 1938770
A15: 12월 | B15: 21.11 | C15: =SUM('202111'!H8)/60% -> 35053060 | D15: ='202111'!H8 -> 21031836 | E15: ='202111'!I8 -> 3154775.4 | F15: ='202111'!J8 -> 1577387.7
A16: 1월 | B16: 21.12 | C16: =D16/60% -> 43258693 | D16: ='202112'!H8 -> 25955216 | E16: ='202112'!I8 -> 3893282.4 | F16: ='202112'!J8 -> 1946641.2

Sheet 202112
A2: o (로드 오브 머니) '직전 월 잔여 선MG(국내) 합계' 세부 내역
A3: 해당월 | B3: 구분 | C3: 고료(또는 MG) 수익(2) | D3: 카카오페이지 (3) | E3: 카카오웹툰 (3) | F3: 유료 정산 (3) | G3: 유료 정산 수익(4) | H3: 총 수익(5) | I3: 원작사 배분 수익 합계(6) | J3: 작가정산(50%)
A4: 202112 | B4: 카카오페이지+카카오웹툰 | C4: 4000000 | D4: 19571773 | E4: 2833587 | G4: =(D4+E4)-C4 -> 18405360 | H4: =(C4+G4) -> 22405360 | I4: =H4*0.15 -> 3360804 | J4: =I4*50% -> 1680402
A5: 202111 | B5: 픽코마(일본) MG (7) | F5: 3549856 | H5: =F5 -> 3549856 | I5: =H5*0.15 -> 532478.4 | J5: =I5*50% -> 266239.2
A6: MG상계중 | B6: 카카오웹툰_글로벌(7) | F6: 0 | H6: =(D6+G6) -> 0 | I6: =H6*0.2 -> 0 | J6: =I6*50% -> 0
A7: MG상계중 | B7: 네오바자르(인도네시아)(7) | F7: 0 | H7: =(D7+G7) -> 0 | I7: =H7*0.2 -> 0 | J7: =I7*50% -> 0
A8: 합계 | C8: =SUM(C3:C7) -> 4000000 | D8: =SUM(D3:D7) -> 19571773 | F8: =SUM(F3:F7) -> 3549856 | G8: =SUM(G3:G7) -> 18405360 | H8: =SUM(H3:H7) -> 25955216 | I8: =SUM(I3:I7) -> 3893282.4 | J8: =SUM(J4:J7) -> 1946641.2
A10: *(2) 고료(또는 MG) 수익 = 화당 비용 * 해당월 업데이트 분량
A11: *(3) 유료 정산= 플랫폼 순매출 * 수익배분율(RS%)
A12: *(4) 유료정산수익 = 유료 정산 수익 - MG 수익( - 일 경우 0)
A13: *(5) 총수익 = 각 플랫폼 별 (고료(또는 MG) 수익 + 유료 정산 수익)
A14: *(6) 원작사 배분 수익 합계 = (고료(또는 MG) 수익 + 유료 정산 초과 수익) * 15%
A15: *(7) 해외 정산 = 플랫폼 순매출 * 수익배분율(RS%)

Sheet 202111
A2: o (로드 오브 머니) '직전 월 잔여 선MG(국내) 합계' 세부 내역
A3: 해당월 | B3: 구분 | C3: 고료(또는 MG) 수익(2) | D3: 카카오페이지 (3) | E3: 카카오웹툰 (3) | F3: 유료 정산 (3) | G3: 유료 정산 수익(4) | H3: 총 수익(5) | I3: 원작사 배분 수익 합계(6) | J3: 작가정산(50%)
A4: 202111 | B4: 카카오페이지+카카오웹툰 | C4: 5000000 | D4: 13179720 | E4: 3776434 | G4: =(D4+E4)-C4 -> 11956154 | H4: =(C4+G4) -> 16956154 | I4: =H4*0.15 -> 2543423.1 | J4: =I4*50% -> 1271711.6
A5: 202110 | B5: 픽코마(일본) MG (7) | F5: 4075682 | H5: =F5 -> 4075682 | I5: =H5*0.15 -> 611352.3 | J5: =I5*50% -> 305676.15
A6: MG상계중 | B6: 카카오웹툰_글로벌(7) | F6: 0 | H6: =(D6+G6) -> 0 | I6: =H6*0.2 -> 0 | J6: =I6*50% -> 0
A7: MG상계중 | B7: 네오바자르(인도네시아)(7) | F7: 0 | H7: =(D7+G7) -> 0 | I7: =H7*0.2 -> 0 | J7: =I7*50% -> 0
A8: 합계 | C8: =SUM(C3:C7) -> 5000000 | D8: =SUM(D3:D7) -> 13179720 | F8: =SUM(F3:F7) -> 4075682 | G8: =SUM(G3:G7) -> 11956154 | H8: =SUM(H3:H7) -> 21031836 | I8: =SUM(I3:I7) -> 3154775.4 | J8: =SUM(J4:J7) -> 1577387.7
A10: *(2) 고료(또는 MG) 수익 = 화당 비용 * 해당월 업데이트 분량
A11: *(3) 유료 정산= 플랫폼 순매출 * 수익배분율(RS%)
A12: *(4) 유료정산수익 = 유료 정산 수익 - MG 수익( - 일 경우 0)
A13: *(5) 총수익 = 각 플랫폼 별 (고료(또는 MG) 수익 + 유료 정산 수익)
A14: *(6) 원작사 배분 수익 합계 = (고료(또는 MG) 수익 + 유료 정산 초과 수익) * 15%
A15: *(7) 해외 정산 = 플랫폼 순매출 * 수익배분율(RS%)

Sheet 202110
A2: o (로드 오브 머니) '직전 월 잔여 선MG(국내) 합계' 세부 내역
A3: 해당월 | B3: 구분 | C3: 고료(또는 MG) 수익(2) | D3: 카카오페이지 (3) | E3: 카카오웹툰 (3) | F3: 유료 정산 (3) | G3: 유료 정산 수익(4) | H3: 총 수익(5) | I3: 원작사 배분 수익 합계(6) | J3: 작가정산(50%)
A4: 202110 | B4: 카카오페이지+카카오웹툰 | C4: 4000000 | D4: 15856096 | E4: 8559674 | G4: =(D4+E4)-C4 -> 20415770 | H4: =(C4+G4) -> 24415770 | I4: =H4*0.15 -> 3662365.5 | J4: =I4*50% -> 1831182.8
A5: 202109 | B5: 픽코마(일본) MG (7) | F5: 1434501 | H5: =F5 -> 1434501 | I5: =H5*0.15 -> 215175.15 | J5: =I5*50% -> 107587.57
A6: MG상계중 | B6: 카카오웹툰_글로벌(7) | H6: =(D6+G6) -> 0 | I6: =H6*0.2 -> 0 | J6: =I6*50% -> 0
A7: MG상계중 | B7: 네오바자르(인도네시아)(7) | H7: =(D7+G7) -> 0 | I7: =H7*0.2 -> 0 | J7: =I7*50% -> 0
A8: 202109 | B8: 카카오페이지 | C8: 4000000 | D8: 15348979 | G8: =D8-C8 -> 11348979 | H8: =C8+G8 -> 15348979 | I8: 2302346.9 | J8: =I8*50% -> 1151173.4 | K8: 10월 정산서에 9월 판매분 정산했어야 하나 8월 정산금 중복 정산함/ 당월 차액 보정
A9: 202109 | B9: 카카오웹툰 | E9: 6043452 | H9: =E9 -> 6043452 | I9: 906517.8 | J9: =I9*50% -> 453258.9 | K9: 10월 정산서에 9월 판매분 정산했어야 하나 8월 정산금 중복 정산함/ 당월 차액 보정
A10: 202109 | B10: 픽코마(일본) MG (7) | C10: 1523779 | H10: =C10 -> 1523779 | I10: 228566.85 | J10: =I10*50% -> 114283.43 | K10: 10월 정산서에 9월 판매분 정산했어야 하나 8월 정산금 중복 정산함/ 당월 차액 보정
A11: 202108 | B11: 카카오페이지 | C11: -5000000 | D11: -22557947 | G11: =D11-C11 -> -17557947 | H11: =G11+C11 -> -22557947 | I11: -3383692 | J11: -1691846 | K11: 10월 정산서에 9월 판매분 정산했어야 하나 8월 정산금 중복 정산함/ 당월 차액 보정
A12: 202108 | B12: 카카오웹툰_글로벌 MG | C12: -10000000 | H12: =C12 -> -10000000 | I12: -1500000 | J12: -750000 | K12: 10월 정산서에 9월 판매분 정산했어야 하나 8월 정산금 중복 정산함/ 당월 차액 보정
A13: 합계 | C13: =SUM(C3:C7) -> 4000000 | D13: =SUM(D3:D7) -> 15856096 | E13: =SUM(E3:E7) -> 8559674 | F13: =SUM(F3:F7) -> 1434501 | G13: =SUM(G3:G7) -> 20415770 | H13: =SUM(H3:H7) -> 25850271 | I13: =SUM(I3:I12) -> 2431280.1 | J13: =SUM(J3:J12) -> 1215640
A15: *(2) 고료(또는 MG) 수익 = 화당 비용 * 해당월 업데이트 분량
A16: *(3) 유료 정산= 플랫폼 순매출 * 수익배분율(RS%)
A17: *(4) 유료정산수익 = 유료 정산 수익 - MG 수익( - 일 경우 0)
A18: *(5) 총수익 = 각 플랫폼 별 (고료(또는 MG) 수익 + 유료 정산 수익)
A19: *(6) 원작사 배분 수익 합계 = (고료(또는 MG) 수익 + 유료 정산 초과 수익) * 15%
A20: *(7) 해외 정산 = 플랫폼 순매출 * 수익배분율(RS%)

Sheet 202109
A2: o (로드 오브 머니) '직전 월 잔여 선MG(국내) 합계' 세부 내역
A3: 해당월 | B3: 구분 | C3: 고료(또는 MG) 수익(2) | D3: 유료 정산 (3) | E3: 유료 정산 수익(4) | F3: 총 수익(5) | G3: 원작사 배분 수익 합계(6)
A4: 202109 | B4: 카카오페이지 | C4: 4000000 | D4: 15348979 | E4: =D4-C4 -> 11348979 | F4: =(C4+E4) -> 15348979 | G4: =F4*0.15 -> 2302346.9
A5: 202109 | B5: 카카오웹툰 | D5: 6043452 | F5: =D5 -> 6043452 | G5: =F5*0.15 -> 906517.8
A6: MG상계중 | B6: 카카오웹툰_글로벌(7) | D6: 0 | F6: =D6 -> 0 | G6: =F6*0.15 -> 0
A7: MG상계중 | B7: 네오바자르(인도네시아)(7) | D7: 0 | F7: =D7 -> 0 | G7: =F7*0.15 -> 0
A8: 202109 | B8: 픽코마(일본) MG (7) | C8: 1523779 | F8: =(C8+E8) -> 1523779 | G8: =F8*0.15 -> 228566.85
A9: 합계 | C9: =SUM(C4:C8) -> 5523779 | D9: =SUM(D4:D8) -> 21392431 | E9: =SUM(E4:E8) -> 11348979 | F9: =SUM(F4:F8) -> 22916210 | G9: =SUM(G4:G8) -> 3437431.5
A11: *(2) 고료(또는 MG) 수익 = 화당 비용 * 해당월 업데이트 분량
A12: *(3) 유료 정산= 플랫폼 순매출 * 수익배분율(RS%)
A13: *(4) 유료정산수익 = 유료 정산 수익 - MG 수익( - 일 경우 0)
A14: *(5) 총수익 = 각 플랫폼 별 (고료(또는 MG) 수익 + 유료 정산 수익)
A15: *(6) 원작사 배분 수익 합계 = (고료(또는 MG) 수익 + 유료 정산 초과 수익) * 15%
A16: *(7) 해외 정산 = 플랫폼 순매출 * 수익배분율(RS%)

Sheet 202108
A2: o (로드 오브 머니) '직전 월 잔여 선MG(국내) 합계' 세부 내역
A3: 해당월 | B3: 구분 | C3: 고료(또는 MG) 수익(2) | D3: 유료 정산 (3) | E3: 유료 정산 수익(4) | F3: 총 수익(5) | G3: 원작사 배분 수익 합계(6) | H3: 작가정산(50%)
A4: 202108 | B4: 카카오페이지 | C4: 5000000 | D4: 22557947 | E4: =D4-C4 -> 17557947 | F4: =(C4+E4) -> 22557947 | G4: =F4*0.15 -> 3383692 | H4: =G4*50% -> 1691846
A5: 202108 | B5: 카카오웹툰_글로벌 MG | C5: 10000000 | F5: =(C5+E5) -> 10000000 | G5: =F5*0.15 -> 1500000 | H5: =G5*50% -> 750000
A6: MG상계중 | B6: 네오바자르(인도네시아) | E6: 0 | F6: =(C6+E6) -> 0 | G6: =F6*0.15 -> 0 | H6: =G6*50% -> 0
A7: 합계 | C7: =SUM(C4:C6) -> 15000000 | D7: =SUM(D4:D6) -> 22557947 | E7: =SUM(E4:E6) -> 17557947 | F7: =SUM(F4:F6) -> 32557947 | G7: =SUM(G4:G6) -> 4883692 | H7: =SUM(H4:H6) -> 2441846
A9: *(2) 고료(또는 MG) 수익 = 화당 비용 * 해당월 업데이트 분량
A10: *(3) 유료 정산= 플랫폼 순매출 * 수익배분율(RS%)
A11: *(4) 유료정산수익 = 유료 정산 수익 - MG 수익( - 일 경우 0)
A12: *(5) 총수익 = 각 플랫폼 별 (고료(또는 MG) 수익 + 유료 정산 수익)
A13: *(6) 원작사 배분 수익 합계 = (고료(또는 MG) 수익 + 유료 정산 초과 수익) * 15%

Sheet 202107
A2: o (로드 오브 머니) '직전 월 잔여 선MG(국내) 합계' 세부 내역
A3: 해당월 | B3: 구분 | C3: 고료(또는 MG) 수익(2) | D3: 유료 정산 (3) | E3: 유료 정산 수익(4) | F3: 총 수익(5) | G3: 원작사 배분 수익 합계(6) | H3: 작가정산(50%)
A4: 202107 | B4: 카카오페이지 | C4: 4000000 | D4: 14391255 | E4: =D4-C4 -> 10391255 | F4: =(C4+E4) -> 14391255 | G4: =F4*0.15 -> 2158688.2 | H4: =G4*50% -> 1079344.1
A5: 202107 | B5: 네오바자르(인도네시아)MG(10) | C5: 3000000 | F5: =(C5+E5) -> 3000000 | G5: =F5*0.15 -> 450000 | H5: =G5*50% -> 225000
A6: 합계 | C6: =SUM(C4:C5) -> 7000000 | D6: =SUM(D4:D5) -> 14391255 | E6: =SUM(E4:E5) -> 10391255 | F6: =SUM(F4:F5) -> 17391255 | G6: =SUM(G4:G5) -> 2608688.2 | H6: =G6*50% -> 1304344.1
A8: *(2) 고료(또는 MG) 수익 = 화당 비용 * 해당월 업데이트 분량
A9: *(3) 유료 정산= 플랫폼 순매출 * 수익배분율(RS%)
A10: *(4) 유료정산수익 = 유료 정산 수익 - MG 수익( - 일 경우 0)
A11: *(5) 총수익 = 각 플랫폼 별 (고료(또는 MG) 수익 + 유료 정산 수익)
A12: *(6) 원작사 배분 수익 합계 = (고료(또는 MG) 수익 + 유료 정산 초과 수익) * 15%

Sheet 202106
A2: [ (로드 오브 머니) 계산서 내역]
A3: 해당월 | B3: 공급가액 | C3: 합계금액
A4: 202106 | B4: =G12 -> 2180217.3 | C4: =B4 -> 2180217.3
A6: *(1) 공급가액 = 원작사 배분 수익 합계
A9: o (로드 오브 머니) '직전 월 잔여 선MG(국내) 합계' 세부 내역
A10: 해당월 | B10: 구분 | C10: 고료(또는 MG) 수익(2) | D10: 유료 정산 (3) | E10: 유료 정산 수익(4) | F10: 총 수익(5) | G10: 원작사 배분 수익 합계(6) | H10: 작가정산(50%)
A11: 202106 | B11: 카카오페이지 | C11: 5000000 | D11: 14534782 | E11: =D11-C11 -> 9534782 | F11: =(C11+E11) -> 14534782 | G11: =F11*0.15 -> 2180217.3 | H11: =G11*50% -> 1090108.6
A12: 합계 | C12: =SUM(C11:C11) -> 5000000 | D12: =SUM(D11:D11) -> 14534782 | E12: =SUM(E11:E11) -> 9534782 | F12: =SUM(F11:F11) -> 14534782 | G12: =SUM(G11:G11) -> 2180217.3 | H12: =G12*50% -> 1090108.6
A14: *(2) 고료(또는 MG) 수익 = 화당 비용 * 해당월 업데이트 분량
A15: *(3) 유료 정산= 플랫폼 순매출 * 수익배분율(RS%)
A16: *(4) 유료정산수익 = 유료 정산 수익 - MG 수익( - 일 경우 0)
A17: *(5) 총수익 = 각 플랫폼 별 (고료(또는 MG) 수익 + 유료 정산 수익)
A18: *(6) 원작사 배분 수익 합계 = (고료(또는 MG) 수익 + 유료 정산 초과 수익) * 15%
G19: =G11/F11 -> 0.15 | H19: =H11/F11 -> 0.075

Sheet 202105
A2: [ (로드 오브 머니) 계산서 내역]
A3: 해당월 | B3: 공급가액 | C3: 합계금액
A4: 202105 | B4: =G12 -> 2538609.4 | C4: =B4 -> 2538609.4
A6: *(1) 공급가액 = 원작사 배분 수익 합계
A9: o (로드 오브 머니) '직전 월 잔여 선MG(국내) 합계' 세부 내역
A10: 해당월 | B10: 구분 | C10: 고료(또는 MG) 수익(2) | D10: 유료 정산 (3) | E10: 유료 정산 수익(4) | F10: 총 수익(5) | G10: 원작사 배분 수익 합계(6) | H10: 작가정산(50%)
A11: 202105 | B11: 카카오페이지 | C11: 5000000 | D11: 16924063 | E11: =D11-C11 -> 11924063 | F11: =(C11+E11) -> 16924063 | G11: =F11*0.15 -> 2538609.4 | H11: =G11*50% -> 1269304.7
A12: 합계 | C12: =SUM(C11:C11) -> 5000000 | D12: =SUM(D11:D11) -> 16924063 | E12: =SUM(E11:E11) -> 11924063 | F12: =SUM(F11:F11) -> 16924063 | G12: =SUM(G11:G11) -> 2538609.4 | H12: =G12*50% -> 1269304.7
A14: *(2) 고료(또는 MG) 수익 = 화당 비용 * 해당월 업데이트 분량
A15: *(3) 유료 정산= 플랫폼 순매출 * 수익배분율(RS%)
A16: *(4) 유료정산수익 = 유료 정산 수익 - MG 수익( - 일 경우 0)
A17: *(5) 총수익 = 각 플랫폼 별 (고료(또는 MG) 수익 + 유료 정산 수익)
A18: *(6) 원작사 배분 수익 합계 = (고료(또는 MG) 수익 + 유료 정산 초과 수익) * 15%
G19: =G11/F11 -> 0.15 | H19: =H11/F11 -> 0.075

Sheet 202104
A2: [ (로드 오브 머니) 계산서 내역]
A3: 해당월 | B3: 공급가액 | C3: 합계금액
A4: 202104 | B4: =G12 -> 1723461.3 | C4: =B4 -> 1723461.3
A6: *(1) 공급가액 = 원작사 배분 수익 합계
A9: o (로드 오브 머니) '직전 월 잔여 선MG(국내) 합계' 세부 내역
A10: 해당월 | B10: 구분 | C10: 고료(또는 MG) 수익(2) | D10: 유료 정산 (3) | E10: 유료 정산 수익(4) | F10: 총 수익(5) | G10: SW 배분 수익 합계(6) | H10: 작가정산(50%)
A11: 202104 | B11: 카카오페이지 | C11: 4000000 | D11: 11489742 | E11: =D11-C11 -> 7489742 | F11: =(C11+E11) -> 11489742 | G11: =F11*0.15 -> 1723461.3 | H11: =G11*50% -> 861730.65
A12: 합계 | C12: =SUM(C11:C11) -> 4000000 | D12: =SUM(D11:D11) -> 11489742 | E12: =SUM(E11:E11) -> 7489742 | F12: =SUM(F11:F11) -> 11489742 | G12: =SUM(G11:G11) -> 1723461.3 | H12: =G12*50% -> 861730.65
A14: *(2) 고료(또는 MG) 수익 = 화당 비용 * 해당월 업데이트 분량
A15: *(3) 유료 정산= 플랫폼 순매출 * 수익배분율(RS%)
A16: *(4) 유료정산수익 = 유료 정산 수익 - MG 수익( - 일 경우 0)
A17: *(5) 총수익 = 각 플랫폼 별 (고료(또는 MG) 수익 + 유료 정산 수익)
A18: *(6) 원작사 배분 수익 합계 = (고료(또는 MG) 수익 + 유료 정산 초과 수익) * 15%

Sheet 202103
A2: [ (로드 오브 머니) 계산서 내역]
A3: 해당월 | B3: 공급가액 | C3: 합계금액
A4: 202103 | B4: =G12 -> 3055722.4 | C4: =B4 -> 3055722.4
A6: *(1) 공급가액 = 원작사 배분 수익 합계
A9: o (로드 오브 머니) '직전 월 잔여 선MG(국내) 합계' 세부 내역
A10: 해당월 | B10: 구분 | C10: 고료(또는 MG) 수익(2) | D10: 유료 정산 (3) | E10: 유료 정산 수익(4) | F10: 총 수익(5) | G10: SW 배분 수익 합계(6) | H10: 작가정산(50%)
A11: 202103 | B11: 카카오페이지 | C11: 5000000 | D11: 20371483 | E11: =D11-C11 -> 15371483 | F11: =(C11+E11) -> 20371483 | G11: =F11*0.15 -> 3055722.4 | H11: =G11*50% -> 1527861.2
A12: 합계 | C12: =SUM(C11:C11) -> 5000000 | D12: =SUM(D11:D11) -> 20371483 | E12: =SUM(E11:E11) -> 15371483 | F12: =SUM(F11:F11) -> 20371483 | G12: =SUM(G11:G11) -> 3055722.4 | H12: =G12*50% -> 1527861.2
A14: *(2) 고료(또는 MG) 수익 = 화당 비용 * 해당월 업데이트 분량
A15: *(3) 유료 정산= 플랫폼 순매출 * 수익배분율(RS%)
A16: *(4) 유료정산수익 = 유료 정산 수익 - MG 수익( - 일 경우 0)
A17: *(5) 총수익 = 각 플랫폼 별 (고료(또는 MG) 수익 + 유료 정산 수익)
A18: *(6) 원작사 배분 수익 합계 = (고료(또는 MG) 수익 + 유료 정산 초과 수익) * 15%

Sheet 202102
A2: [ (로드 오브 머니) 계산서 내역]
A3: 해당월 | B3: 공급가액 | C3: 합계금액
A4: 202102 | B4: =G12 -> 2805971.7 | C4: =B4 -> 2805971.7
A6: *(1) 공급가액 = 원작사 배분 수익 합계
A9: o (로드 오브 머니) '직전 월 잔여 선MG(국내) 합계' 세부 내역
A10: 해당월 | B10: 구분 | C10: 고료(또는 MG) 수익(2) | D10: 유료 정산 (3) | E10: 유료 정산 수익(4) | F10: 총 수익(5) | G10: SW배분 수익 합계(6) | H10: 작가정산(50%)
A11: 202102 | B11: 카카오페이지 | C11: 4000000 | D11: 18706478 | E11: =D11-C11 -> 14706478 | F11: =(C11+E11) -> 18706478 | G11: =F11*0.15 -> 2805971.7 | H11: =G11*50% -> 1402985.8
A12: 합계 | C12: =SUM(C11:C11) -> 4000000 | D12: =SUM(D11:D11) -> 18706478 | E12: =SUM(E11:E11) -> 14706478 | F12: =SUM(F11:F11) -> 18706478 | G12: =SUM(G11:G11) -> 2805971.7 | H12: =G12*50% -> 1402985.8
A14: *(2) 고료(또는 MG) 수익 = 화당 비용 * 해당월 업데이트 분량
A15: *(3) 유료 정산= 플랫폼 순매출 * 수익배분율(RS%)
A16: *(4) 유료정산수익 = 유료 정산 수익 - MG 수익( - 일 경우 0)
A17: *(5) 총수익 = 각 플랫폼 별 (고료(또는 MG) 수익 + 유료 정산 수익)
A18: *(6) 원작사 배분 수익 합계 = (고료(또는 MG) 수익 + 유료 정산 초과 수익) * 15%

Sheet 202101
A2: [ (로드 오브 머니) 계산서 내역]
A3: 해당월 | B3: 공급가액 | C3: 합계금액
A4: 202101 | B4: =G12 -> 3519040.4 | C4: =B4 -> 3519040.4
A6: *(1) 공급가액 = 원작사 배분 수익 합계
A9: o (로드 오브 머니) '직전 월 잔여 선MG(국내) 합계' 세부 내역
A10: 해당월 | B10: 구분 | C10: 고료(또는 MG) 수익(2) | D10: 유료 정산 (3) | E10: 유료 정산 수익(4) | F10: 총 수익(5) | G10: sw 배분 수익 합계(6) | H10: 작가 정산(50%)
A11: 202101 | B11: 카카오페이지 | C11: 4000000 | D11: 23460269 | E11: =D11-C11 -> 19460269 | F11: =(C11+E11) -> 23460269 | G11: =F11*0.15 -> 3519040.4 | H11: =G11*50% -> 1759520.2
A12: 합계 | C12: =SUM(C11:C11) -> 4000000 | D12: =SUM(D11:D11) -> 23460269 | E12: =SUM(E11:E11) -> 19460269 | F12: =SUM(F11:F11) -> 23460269 | G12: =SUM(G11:G11) -> 3519040.4 | H12: =G12*50% -> 1759520.2
A14: *(2) 고료(또는 MG) 수익 = 화당 비용 * 해당월 업데이트 분량
A15: *(3) 유료 정산= 플랫폼 순매출 * 수익배분율(RS%)
A16: *(4) 유료정산수익 = 유료 정산 수익 - MG 수익( - 일 경우 0)
A17: *(5) 총수익 = 각 플랫폼 별 (고료(또는 MG) 수익 + 유료 정산 수익)
A18: *(6) 원작사 배분 수익 합계 = (고료(또는 MG) 수익 + 유료 정산 초과 수익) * 15%

Sheet 202012
A2: [ (로드 오브 머니) 계산서 내역]
A3: 해당월 | B3: 공급가액 | C3: 합계금액
A4: 202012 | B4: =G12 -> 3150000 | C4: =B4 -> 3150000
A6: *(1) 공급가액 = 원작사 배분 수익 합계
A9: o (로드 오브 머니) '직전 월 잔여 선MG(국내) 합계' 세부 내역
A10: 해당월 | B10: 구분 | C10: 고료(또는 MG) 수익(2) | D10: 유료 정산 (3) | E10: 유료 정산 수익(4) | F10: 총 수익(5) | G10: 원작사 배분 수익 합계(6)
A11: 202012 | B11: 카카오페이지 | C11: =1000000*21 -> 21000000 | D11: 18219406 | E11: 0 | F11: =(C11+E11) -> 21000000 | G11: =F11*0.15 -> 3150000
A12: 합계 | C12: =SUM(C11:C11) -> 21000000 | D12: =SUM(D11:D11) -> 18219406 | E12: =SUM(E11:E11) -> 0 | F12: =SUM(F11:F11) -> 21000000 | G12: =SUM(G11:G11) -> 3150000
A14: *(2) 고료(또는 MG) 수익 = 화당 비용 * 해당월 업데이트 분량
A15: *(3) 유료 정산= 플랫폼 순매출 * 수익배분율(RS%)
A16: *(4) 유료정산수익 = 유료 정산 수익 - MG 수익( - 일 경우 0)
A17: *(5) 총수익 = 각 플랫폼 별 (고료(또는 MG) 수익 + 유료 정산 수익)
A18: *(6) 원작사 배분 수익 합계 = (고료(또는 MG) 수익 + 유료 정산 초과 수익) * 15%
