Workbook

Sheet 서비스현황
A1: 라지에르의서
A2: 플랫폼 | B2: 서비스 시작일 | C2: 서비스 사이트 | D2: 비고
A3: 카카오페이지 | B3: 2021.07.14 | C3: https://page.kakao.com/home?seriesId=57419661 | D3: 웹/앱 서비스

Sheet 합계(12)
B2: 정산 월 | C2: 판매 월 | D2: 총 판매액 | E2: SW 매출(15%) | F2: 작가 분배(20%)
B3: 누적 합계 | D3: =SUM(D4:D7) -> 67069218 | E3: =SUM(E4:E7) -> 10060383 | F3: =SUM(F4:F7) -> 1853406.8
B4: 21년 08월 | C4: 21년 07월 | D4: ='202107'!D5 -> 36061513 | E4: ='202107'!F5 -> 5409227 | F4: ='202107'!G5 -> 1081845.4
B5: 21년 09월 | C5: 21년 08월 | D5: ='202108'!D5 -> 18148349 | E5: ='202108'!F5 -> 2722252.4 | F5: ='202108'!G5 -> 544450.47
B6: 21년 10월 | C6: 21년 09월 | D6: ='202109'!D6 -> 12859356 | E6: ='202109'!F6 -> 1928903.4 | F6: ='202109'!G6 -> 385780.68
B7: 21년 11월 | C7: 작가 10월 정산 차액 보정(9월 정산금이 아닌 8월 정산금으로 중복 정산) | F7: =F6-F5 -> -158669.79 | G7: 작가 11월 정산내역서에 반영예정
B8: 21년 11월 | C8: 21년 10월 | D8: ='202110'!H4+'202110'!H5 -> 18500790 | E8: ='202110'!I4+'202110'!I5 -> 2775118.5 | F8: ='202110'!J4+'202110'!J5 -> 555023.7 | G8: 작가 11월 정산내역서에 반영예정
B9: 21년 12월 | C9: 21년 11월 | D9: ='202111'!H6 -> 2280755 | E9: ='202111'!I6 -> 342113.25 | F9: ='202111'!J6 -> 68422.65
B10: 22년 1월 | C10: 21년 12월 | D10: ='202112'!H6 -> 4489273 | E10: ='202112'!I6 -> 673390.95 | F10: ='202112'!J6 -> 134678.19

Sheet 202112
A2: o (라지에르의서) '원작사 배분 수익 합계' 세부 내역
A3: 해당월 | B3: 구분 | C3: 고료(또는 MG) 수익(2) | D3: 카카오페이지 (3) | E3: 카카오웹툰 (3) | F3: 유료 정산 (3) | G3: 유료 정산 초과 수익(4) | H3: 총 수익(5) | I3: 원작사 배분 수익 합계(6) | J3: 작가 배분 수익 합계(6)
A4: 202112 | B4: 카카오페이지+카카오웹툰 | C4: 1600000 | D4: 3980343 | E4: 508930 | G4: =(D4+E4)-C4 -> 2889273 | H4: =C4+G4 -> 4489273 | I4: =H4*0.15 -> 673390.95 | J4: =I4*0.2 -> 134678.19
A5: 상계중 | B5: 타파스틱_미국MG(7) | F5: 0 | H5: =C5 -> 0 | I5: =H5*0.15 -> 0 | J5: =I5*0.2 -> 0
A6: 합계 | C6: =SUM(C4:C5) -> 1600000 | D6: =SUM(D4:D5) -> 3980343 | E6: =SUM(E4:E5) -> 508930 | F6: =SUM(F4:F5) -> 0 | G6: =SUM(G4:G5) -> 2889273 | H6: =SUM(H4:H5) -> 4489273 | I6: =SUM(I4:I5) -> 673390.95 | J6: =SUM(J4:J5) -> 134678.19
A8: *(2) 고료(또는 MG) 수익 = 화당 비용 * 해당월 업데이트 분량
A9: *(3) 유료 정산 수익 = 플랫폼 순매출 * 수익배분율(RS%)
A10: *(4) 유료정산초과수익 = 유료 정산 수익 - MG 수익( - 일 경우 0)
A11: *(5) 총수익 = 각 플랫폼 별 (고료(또는 MG) 수익 + 유료 정산 수익)
A12: *(6) 원작사 배분 수익 합계 = (고료(또는 MG) 수익 + 유료 정산 초과 수익) * 15%
A13: *(7) 해외 정산 = 플랫폼 순매출 * 수익배분율(RS%)

Sheet 202111
A2: o (라지에르의서) '원작사 배분 수익 합계' 세부 내역
A3: 해당월 | B3: 구분 | C3: 고료(또는 MG) 수익(2) | D3: 카카오페이지 (3) | E3: 카카오웹툰 (3) | F3: 유료 정산 (3) | G3: 유료 정산 초과 수익(4) | H3: 총 수익(5) | I3: SW 수익 합계(6) | J3: 작가 배분 수익 합계(6)
A4: 202111 | B4: 카카오페이지+카카오웹툰 | C4: 1200000 | D4: 1956954 | E4: 323801 | G4: =(D4+E4)-C4 -> 1080755 | H4: =C4+G4 -> 2280755 | I4: =H4*0.15 -> 342113.25 | J4: =I4*0.2 -> 68422.65
A5: 상계중 | B5: 타파스틱_미국MG(7) | F5: 0 | H5: =C5 -> 0 | I5: =H5*0.15 -> 0 | J5: =I5*0.2 -> 0
A6: 합계 | C6: =SUM(C4:C5) -> 1200000 | D6: =SUM(D4:D5) -> 1956954 | E6: =SUM(E4:E5) -> 323801 | F6: =SUM(F4:F5) -> 0 | G6: =SUM(G4:G5) -> 1080755 | H6: =SUM(H4:H5) -> 2280755 | I6: =SUM(I4:I5) -> 342113.25 | J6: =SUM(J4:J5) -> 68422.65
A8: *(2) 고료(또는 MG) 수익 = 화당 비용 * 해당월 업데이트 분량
A9: *(3) 유료 정산 수익 = 플랫폼 순매출 * 수익배분율(RS%)
A10: *(4) 유료정산초과수익 = 유료 정산 수익 - MG 수익( - 일 경우 0)
A11: *(5) 총수익 = 각 플랫폼 별 (고료(또는 MG) 수익 + 유료 정산 수익)
A12: *(6) 원작사 배분 수익 합계 = (고료(또는 MG) 수익 + 유료 정산 초과 수익) * 15%
A13: *(7) 해외 정산 = 플랫폼 순매출 * 수익배분율(RS%)

Sheet 202110
A2: o (라지에르의서) '원작사 배분 수익 합계' 세부 내역
A3: 해당월 | B3: 구분 | C3: 고료(또는 MG) 수익(2) | D3: 카카오페이지 (3) | E3: 카카오웹툰 (3) | F3: 유료 정산 (3) | G3: 유료 정산 초과 수익(4) | H3: 총 수익(5) | I3: SW 수익 합계(6) | J3: 작가 배분 수익 합계(6) | K3: 비고
A4: 202110 | B4: 카카오페이지+카카오웹툰 | C4: 2000000 | D4: 6917093 | E4: 1583697 | G4: =(D4+E4)-C4 -> 6500790 | H4: =C4+G4 -> 8500790 | I4: =H4*0.15 -> 1275118.5 | J4: =I4*0.2 -> 255023.7
A5: 202110 | B5: 타파스틱_미국MG(7) | C5: 10000000 | H5: =C5 -> 10000000 | I5: =H5*0.15 -> 1500000 | J5: =I5*0.2 -> 300000
A6: 202109 | B6: 카카오페이지 | C6: 3200000 | D6: 11594499 | G6: =D6-C6 -> 8394499 | H6: =C6+G6 -> 11594499 | I6: =(F6+H6)*0.15 -> 1739174.8 | J6: =I6*0.2 -> 347834.97 | K6: 작가 10월 정산서에 9월 정산금 반영해야하나 8월 정산금 중복 정산함/ 당월 차액 보정
A7: 202109 | B7: 카카오웹툰 | E7: 1264857 | H7: =E7 -> 1264857 | I7: =(F7+H7)*0.15 -> 189728.55 | J7: =I7*0.2 -> 37945.71 | K7: 작가 10월 정산서에 9월 정산금 반영해야하나 8월 정산금 중복 정산함/ 당월 차액 보정
A8: 202108 | B8: 카카오페이지 | C8: -4000000 | D8: -18148349 | G8: =D8-C8 -> -14148349 | H8: =C8+G8 -> -18148349 | I8: -2722252.4 | J8: -544450.47 | K8: 작가 10월 정산서에 9월 정산금 반영해야하나 8월 정산금 중복 정산함/ 당월 차액 보정
A9: 합계 | C9: =SUM(C4:C5) -> 12000000 | D9: =SUM(D4:D5) -> 6917093 | E9: =SUM(E4:E5) -> 1583697 | F9: =SUM(F4:F5) -> 0 | G9: =SUM(G4:G5) -> 6500790 | H9: =SUM(H4:H5) -> 18500790 | I9: =SUM(I4:I8) -> 1981769.5 | J9: =SUM(J4:J8) -> 396353.91
A11: *(2) 고료(또는 MG) 수익 = 화당 비용 * 해당월 업데이트 분량
A12: *(3) 유료 정산 수익 = 플랫폼 순매출 * 수익배분율(RS%)
A13: *(4) 유료정산초과수익 = 유료 정산 수익 - MG 수익( - 일 경우 0)
A14: *(5) 총수익 = 각 플랫폼 별 (고료(또는 MG) 수익 + 유료 정산 수익)
A15: *(6) 원작사 배분 수익 합계 = (고료(또는 MG) 수익 + 유료 정산 초과 수익) * 15%
A16: *(7) 해외 정산 = 플랫폼 순매출 * 수익배분율(RS%)

Sheet 202109
A2: o (라지에르의서) '원작사 배분 수익 합계' 세부 내역
A3: 해당월 | B3: 구분 | C3: 고료(또는 MG) 수익(2) | D3: 유료 정산 수익(3) | E3: 유료 정산 초과 수익(4) | F3: 원작사 배분 수익 합계(5) | G3: 작가 배분 수익 합계(6)
A4: 202109 | B4: 카카오페이지 | C4: 3200000 | D4: 11594499 | E4: =D4-C4 -> 8394499 | F4: =(C4+E4)*0.15 -> 1739174.8 | G4: =F4*0.2 -> 347834.97
A5: 202109 | B5: 카카오웹툰 | D5: 1264857 | E5: =D5-C5 -> 1264857 | F5: =(C5+E5)*0.15 -> 189728.55 | G5: =F5*0.2 -> 37945.71
A6: 합계 | C6: =SUM(C4:C5) -> 3200000 | D6: =SUM(D4:D5) -> 12859356 | E6: =SUM(E4:E5) -> 9659356 | F6: =SUM(F4:F5) -> 1928903.4 | G6: =SUM(G4:G5) -> 385780.68
A8: *(2) 고료(또는 MG) 수익 = 화당 비용 * 해당월 업데이트 분량
A9: *(3) 유료 정산 수익 = 플랫폼 순매출 * 수익배분율(RS%)
A10: *(4) 유료정산초과수익 = 유료 정산 수익 - MG 수익( - 일 경우 0)
A11: *(5) 원작사 배분 수익 합계 = (고료(또는 MG) 수익 + 유료 정산 초과 수익) * 15%

Sheet 202108
A2: o (라지에르의서) '원작사 배분 수익 합계' 세부 내역
A3: 해당월 | B3: 구분 | C3: 고료(또는 MG) 수익(2) | D3: 유료 정산 수익(3) | E3: 유료 정산 초과 수익(4) | F3: 원작사 배분 수익 합계(5) | G3: 작가 배분 수익 합계(6)
A4: 202108 | B4: 카카오페이지 | C4: 4000000 | D4: 18148349 | E4: =D4-C4 -> 14148349 | F4: =(C4+E4)*0.15 -> 2722252.4 | G4: =F4*0.2 -> 544450.47
A5: 합계 | C5: =SUM(C4:C4) -> 4000000 | D5: =SUM(D4:D4) -> 18148349 | E5: =SUM(E4:E4) -> 14148349 | F5: =SUM(F4:F4) -> 2722252.4 | G5: =SUM(G4:G4) -> 544450.47
A7: *(2) 고료(또는 MG) 수익 = 화당 비용 * 해당월 업데이트 분량
A8: *(3) 유료 정산 수익 = 플랫폼 순매출 * 수익배분율(RS%)
A9: *(4) 유료정산초과수익 = 유료 정산 수익 - MG 수익( - 일 경우 0)
A10: *(5) 원작사 배분 수익 합계 = (고료(또는 MG) 수익 + 유료 정산 초과 수익) * 15%

Sheet 202107
A2: o (라지에르의서) '원작사 배분 수익 합계' 세부 내역
A3: 해당월 | B3: 구분 | C3: 고료(또는 MG) 수익(2) | D3: 유료 정산 수익(3) | E3: 유료 정산 초과 수익(4) | F3: 원작사 배분 수익 합계(5) | G3: 작가 배분 수익 합계(6)
A4: 202107 | B4: 카카오페이지 | C4: 16000000 | D4: 36061513 | E4: =D4-C4 -> 20061513 | F4: =(C4+E4)*0.15 -> 5409227 | G4: =F4*0.2 -> 1081845.4
A5: 합계 | C5: =SUM(C4:C4) -> 16000000 | D5: =SUM(D4:D4) -> 36061513 | E5: =SUM(E4:E4) -> 20061513 | F5: =SUM(F4:F4) -> 5409227 | G5: =SUM(G4:G4) -> 1081845.4
A7: *(2) 고료(또는 MG) 수익 = 화당 비용 * 해당월 업데이트 분량
A8: *(3) 유료 정산 수익 = 플랫폼 순매출 * 수익배분율(RS%)
A9: *(4) 유료정산초과수익 = 유료 정산 수익 - MG 수익( - 일 경우 0)
A10: *(5) 원작사 배분 수익 합계 = (고료(또는 MG) 수익 + 유료 정산 초과 수익) * 15%
A11: *(6) 원작가 배분 수익 합계 = ((5)원작사 배분 수익 합계) * 20%
